{
  "scene": "scene0029_01",
  "frame_count_requested": 500.0,
  "frame_count_actual": 500.0,
  "inference_time_ms": 297501.9233226776,
  "image_height": 518.0,
  "image_width": 518.0,
  "pose_ate_rmse_aligned": 0.031720768088708676,
  "pose_ate_mean_aligned": 0.027890358364842195,
  "pose_ate_max_aligned": 0.10664986290596276,
  "pose_are_mean_deg_aligned": 5.526552609621498,
  "pose_are_max_deg_aligned": 7.149945259309734,
  "pose_rpe_rot_mean_deg": 0.19153973257544993,
  "pose_rpe_trans_mean_aligned": 0.0029458302453654493,
  "pose_sim3_scale": 0.995022478598084,
  "depth_absrel_raw": 0.06449619800969958,
  "depth_rmse_raw": 0.07662879960425198,
  "depth_absrel_aligned": 0.0110727725494653,
  "depth_rmse_aligned": 0.02406843424215913,
  "depth_delta1_aligned": 0.9970223343465368,
  "depth_median_scale": 1.06813900578022,
  "depth_valid_frames": 500.0,
  "pcd_pred_depth_pred_pose_points": 200000.0,
  "pcd_pred_depth_pred_pose_chamfer_raw": 0.33044031807605523,
  "pcd_pred_depth_pred_pose_chamfer_aligned": 0.3730428013475352,
  "pcd_pred_depth_pred_pose_bbox_scale": 1.5557736463551632,
  "pcd_native_world_points_points": 200000.0,
  "pcd_native_world_points_chamfer_raw": 0.32598154919488587,
  "pcd_native_world_points_chamfer_aligned": 0.36555930379967194,
  "pcd_native_world_points_bbox_scale": 1.563701895468542,
  "pcd_gt_depth_gt_pose_points": 200000.0,
  "pcd_gt_depth_gt_pose_chamfer_raw": 0.24818928473470198,
  "pcd_gt_depth_gt_pose_chamfer_aligned": 0.41233251151476025,
  "pcd_gt_depth_gt_pose_bbox_scale": 1.418889045715332,
  "pcd_pred_depth_gt_pose_points": 200000.0,
  "pcd_pred_depth_gt_pose_chamfer_raw": 0.3085324571275741,
  "pcd_pred_depth_gt_pose_chamfer_aligned": 0.34635589885396423,
  "pcd_pred_depth_gt_pose_bbox_scale": 1.5115245580673218,
  "pcd_gt_depth_pred_pose_points": 200000.0,
  "pcd_gt_depth_pred_pose_chamfer_raw": 0.28068522576955063,
  "pcd_gt_depth_pred_pose_chamfer_aligned": 0.3988544789292751,
  "pcd_gt_depth_pred_pose_bbox_scale": 1.473315364209704
}