{
  "scene": "scene0013_02",
  "frame_count_requested": 200.0,
  "frame_count_actual": 200.0,
  "inference_time_ms": 50038.97953033447,
  "image_height": 518.0,
  "image_width": 518.0,
  "pose_ate_rmse_aligned": 0.01806107778253955,
  "pose_ate_mean_aligned": 0.016781834303819278,
  "pose_ate_max_aligned": 0.033880977909009125,
  "pose_are_mean_deg_aligned": 2.728553618358701,
  "pose_are_max_deg_aligned": 3.714211463921446,
  "pose_rpe_rot_mean_deg": 0.1152093938382189,
  "pose_rpe_trans_mean_aligned": 0.0026602860197891816,
  "pose_sim3_scale": 2.1634796883263188,
  "depth_absrel_raw": 0.5573285534977913,
  "depth_rmse_raw": 1.4490093445777894,
  "depth_absrel_aligned": 0.025071808472275733,
  "depth_rmse_aligned": 0.26375347215682265,
  "depth_delta1_aligned": 0.9804525980205792,
  "depth_median_scale": 2.249486265182495,
  "depth_valid_frames": 200.0,
  "pcd_pred_depth_pred_pose_points": 200000.0,
  "pcd_pred_depth_pred_pose_chamfer_raw": 0.8208930068200104,
  "pcd_pred_depth_pred_pose_chamfer_aligned": 0.3929471196432285,
  "pcd_pred_depth_pred_pose_bbox_scale": 1.3436081908860413,
  "pcd_native_world_points_points": 200000.0,
  "pcd_native_world_points_chamfer_raw": 0.8189174997439008,
  "pcd_native_world_points_chamfer_aligned": 0.3717419703798326,
  "pcd_native_world_points_bbox_scale": 1.3505286166016501,
  "pcd_gt_depth_gt_pose_points": 200000.0,
  "pcd_gt_depth_gt_pose_chamfer_raw": 0.2117599562334861,
  "pcd_gt_depth_gt_pose_chamfer_aligned": 0.560879258186555,
  "pcd_gt_depth_gt_pose_bbox_scale": 0.6763712763786316,
  "pcd_pred_depth_gt_pose_points": 200000.0,
  "pcd_pred_depth_gt_pose_chamfer_raw": 0.8510351199442201,
  "pcd_pred_depth_gt_pose_chamfer_aligned": 0.3645651789369386,
  "pcd_pred_depth_gt_pose_bbox_scale": 1.22812819480896,
  "pcd_gt_depth_pred_pose_points": 200000.0,
  "pcd_gt_depth_pred_pose_chamfer_raw": 0.3166452072790261,
  "pcd_gt_depth_pred_pose_chamfer_aligned": 0.4056513106598316,
  "pcd_gt_depth_pred_pose_bbox_scale": 0.7363621118394656
}