scene,frame_count_actual,iteration,delta_norm_mean,delta_norm_p95,delta_norm_max,pose_ate_rmse_aligned,pose_ate_mean_aligned,pose_ate_max_aligned,pose_are_mean_deg_aligned,pose_are_max_deg_aligned,pose_rpe_rot_mean_deg,pose_rpe_trans_mean_aligned,pose_sim3_scale,frame_count_requested,inference_time_ms,peak_cuda_memory_mb
scene0691_00,50,4,0.00023480351956095546,0.0004603167180903256,0.000544821668881923,0.07185836473787764,0.06281221687836874,0.16551147440680453,3.5318263355296478,6.315377374728897,1.4112334328233413,0.04529139288808517,3.1390714659753653,50,3928.0949598178267,10500.89208984375
