scene,frame_count_actual,iteration,delta_norm_mean,delta_norm_p95,delta_norm_max,pose_ate_rmse_aligned,pose_ate_mean_aligned,pose_ate_max_aligned,pose_are_mean_deg_aligned,pose_are_max_deg_aligned,pose_rpe_rot_mean_deg,pose_rpe_trans_mean_aligned,pose_sim3_scale,frame_count_requested,inference_time_ms,peak_cuda_memory_mb
scene0042_02,50,1,1.739323377609253,1.7969728708267212,1.8151617050170898,0.0463484970871427,0.04176279408086407,0.09209904819493177,3.752547726091166,6.330734621757141,0.8685036118736852,0.024844157900942538,1.66186207717504,50,3945.5383457243443,10500.89208984375
scene0042_02,50,2,0.0024398998357355595,0.0047346968203783035,0.00484229251742363,0.04486907489482316,0.04038381802098364,0.08739863923232322,3.76000691914269,6.402927599304829,0.8519179028484833,0.02450411500823041,1.6699911215150471,50,3945.5383457243443,10500.89208984375
scene0042_02,50,4,0.00018792694027069956,0.00037018273724243045,0.0004366593493614346,0.04483819634203395,0.04033984683062766,0.08707453048524773,3.7628449365566747,6.404293441855821,0.8485123549568637,0.024481948456441433,1.6704211734202337,50,3945.5383457243443,10500.89208984375
scene0042_02,50,8,0.00010330756049370393,0.0002441899850964546,0.00027601534384302795,0.04482632127425142,0.0403080801770597,0.08677989129658781,3.766867048158501,6.409996749992611,0.8442201574747731,0.024457295426074915,1.670772539217468,50,3945.5383457243443,10500.89208984375
scene0042_02,50,16,5.195920675760135e-05,0.00014605790784116834,0.00017526419833302498,0.044832419381010645,0.04029836702742628,0.08662694696009977,3.772023470278134,6.424140434485496,0.8400974783032077,0.02442658747839447,1.670918241947903,50,3945.5383457243443,10500.89208984375
