scene,frame_count_actual,iteration,delta_norm_mean,delta_norm_p95,delta_norm_max,pose_ate_rmse_aligned,pose_ate_mean_aligned,pose_ate_max_aligned,pose_are_mean_deg_aligned,pose_are_max_deg_aligned,pose_rpe_rot_mean_deg,pose_rpe_trans_mean_aligned,pose_sim3_scale,frame_count_requested,inference_time_ms,peak_cuda_memory_mb
scene0000_00,50,4,0.0004595354839693755,0.0012978517916053534,0.0014462503604590893,0.1414255059288106,0.12778843029357548,0.2570258015377988,2.378256877954905,10.17933014287904,2.2599535482415054,0.1261586310061296,3.4783860323028533,50,3870.585411321372,10501.40478515625
