scene,frame_count_actual,iteration,delta_norm_mean,delta_norm_p95,delta_norm_max,pose_ate_rmse_aligned,pose_ate_mean_aligned,pose_ate_max_aligned,pose_are_mean_deg_aligned,pose_are_max_deg_aligned,pose_rpe_rot_mean_deg,pose_rpe_trans_mean_aligned,pose_sim3_scale,frame_count_requested,inference_time_ms,peak_cuda_memory_mb
scene0109_00,500,1,1.8387521505355835,2.0690600872039795,2.1571033000946045,0.055371001590226725,0.04876375499557543,0.16426984347127235,2.563111038550267,6.345949957838195,0.4688125384007031,0.018593439519432757,1.9951790718400562,500,259449.28680500016,50877.36328125
scene0109_00,500,2,0.005738312844187021,0.012809480540454388,0.12138821929693222,0.05282053336257925,0.04639269170372211,0.1543221760646952,2.3808835254216456,6.185029401168946,0.45919893365997183,0.01805323014782437,2.004141258714496,500,259449.28680500016,50877.36328125
scene0109_00,500,4,0.0005709254764951766,0.0008879047236405313,0.0894792377948761,0.05291295257917751,0.04647347891750044,0.15391210020569404,2.3328707799077626,6.149588165027225,0.45816374461125997,0.01805197606974415,2.0049941482797835,500,259449.28680500016,50877.36328125
scene0109_00,500,8,0.0002517464745324105,0.0004806766228284687,0.017130877822637558,0.05325796707135085,0.04682400290913619,0.1537104729452014,2.2829979301585,6.118296847541686,0.4576929422642884,0.018038575446521796,2.005846630547011,500,259449.28680500016,50877.36328125
scene0109_00,500,16,0.00010843542258953676,0.00021314762125257403,0.0034232994075864553,0.05394512088815215,0.04751297764946791,0.15410830566749983,2.2272875602878743,6.089702441427046,0.45933699292880914,0.018150799878912927,2.00636110554021,500,259449.28680500016,50877.36328125
