scene,frame_count_actual,iteration,delta_norm_mean,delta_norm_p95,delta_norm_max,pose_ate_rmse_aligned,pose_ate_mean_aligned,pose_ate_max_aligned,pose_are_mean_deg_aligned,pose_are_max_deg_aligned,pose_rpe_rot_mean_deg,pose_rpe_trans_mean_aligned,pose_sim3_scale,frame_count_requested,inference_time_ms,peak_cuda_memory_mb
scene0096_00,100,1,1.879152774810791,2.0492613315582275,2.0698628425598145,0.07166860238022264,0.061869182573269316,0.24473021608902681,2.2823260208556673,4.957990464788391,0.7950524070447246,0.033988432359616426,2.197462623112327,100,12662.962906993926,14986.95654296875
scene0096_00,100,2,0.003079039976000786,0.005712191108614206,0.008482247591018677,0.07133824163717482,0.0612466564518628,0.24530445156989236,2.1672700792870105,4.7446222778764815,0.8002261788011675,0.033702786683403575,2.199602253977232,100,12662.962906993926,14986.95654296875
scene0096_00,100,4,0.0002899504906963557,0.0005421455716714263,0.000757955014705658,0.07143478880844124,0.06125855794075161,0.2457873743420465,2.133320651734647,4.722025484340016,0.8020507828017027,0.03371641070580957,2.2002168570770952,100,12662.962906993926,14986.95654296875
scene0096_00,100,8,0.00014399632345885038,0.00026894669281318784,0.00035577607923187315,0.07158935658138232,0.06132256211790404,0.24635835525211686,2.093860323840247,4.703152546377676,0.8046355479291039,0.03374995161521327,2.201001402204532,100,12662.962906993926,14986.95654296875
scene0096_00,100,16,6.085316272219643e-05,0.00012501819583121687,0.00013461067283060402,0.07173743296285565,0.06137712149635096,0.2470870480513052,2.051159424931269,4.689187009767314,0.807941703159398,0.033802964032324606,2.201798251581134,100,12662.962906993926,14986.95654296875
