scene,frame_count_actual,iteration,delta_norm_mean,delta_norm_p95,delta_norm_max,pose_ate_rmse_aligned,pose_ate_mean_aligned,pose_ate_max_aligned,pose_are_mean_deg_aligned,pose_are_max_deg_aligned,pose_rpe_rot_mean_deg,pose_rpe_trans_mean_aligned,pose_sim3_scale,frame_count_requested,inference_time_ms,peak_cuda_memory_mb
scene0013_02,25,4,0.00037980597699061036,0.0007341823657043278,0.0008179928991012275,0.04495221125415938,0.04187024174359017,0.0736396761602698,1.7334531034501202,3.4132904844340217,1.1523216628265252,0.039449332046885895,2.3899196086585293,25,1374.649244826287,8261.50146484375
