{
  "scene": "scene0029_01",
  "frame_count_requested": 200.0,
  "frame_count_actual": 200.0,
  "inference_time_ms": 50033.504247665405,
  "image_height": 518.0,
  "image_width": 518.0,
  "pose_ate_rmse_aligned": 0.010857086842056668,
  "pose_ate_mean_aligned": 0.010101311864196674,
  "pose_ate_max_aligned": 0.020151388910404824,
  "pose_are_mean_deg_aligned": 9.507051569135552,
  "pose_are_max_deg_aligned": 10.01159924990278,
  "pose_rpe_rot_mean_deg": 0.10070268570848583,
  "pose_rpe_trans_mean_aligned": 0.0015153283660021854,
  "pose_sim3_scale": 1.2251326076781772,
  "depth_absrel_raw": 0.10960144344717264,
  "depth_rmse_raw": 0.1267520457878709,
  "depth_absrel_aligned": 0.016570364963263272,
  "depth_rmse_aligned": 0.03520384334027767,
  "depth_delta1_aligned": 0.9950455497257272,
  "depth_median_scale": 1.1211345225572587,
  "depth_valid_frames": 200.0,
  "pcd_pred_depth_pred_pose_points": 200000.0,
  "pcd_pred_depth_pred_pose_chamfer_raw": 0.4236809943171269,
  "pcd_pred_depth_pred_pose_chamfer_aligned": 0.38885012165410815,
  "pcd_pred_depth_pred_pose_bbox_scale": 1.9327152604780828,
  "pcd_native_world_points_points": 200000.0,
  "pcd_native_world_points_chamfer_raw": 0.42670572980225846,
  "pcd_native_world_points_chamfer_aligned": 0.3888539092761041,
  "pcd_native_world_points_bbox_scale": 1.9462744412140673,
  "pcd_gt_depth_gt_pose_points": 200000.0,
  "pcd_gt_depth_gt_pose_chamfer_raw": 0.32588043888338886,
  "pcd_gt_depth_gt_pose_chamfer_aligned": 0.42042531496052854,
  "pcd_gt_depth_gt_pose_bbox_scale": 1.6718376874923706,
  "pcd_pred_depth_gt_pose_points": 200000.0,
  "pcd_pred_depth_gt_pose_chamfer_raw": 0.4173721416699232,
  "pcd_pred_depth_gt_pose_chamfer_aligned": 0.38341032907674366,
  "pcd_pred_depth_gt_pose_bbox_scale": 1.8833811283111572,
  "pcd_gt_depth_pred_pose_points": 200000.0,
  "pcd_gt_depth_pred_pose_chamfer_raw": 0.3517033400962883,
  "pcd_gt_depth_pred_pose_chamfer_aligned": 0.5579389154679757,
  "pcd_gt_depth_pred_pose_bbox_scale": 1.4313854661544045
}