scene,frame_count_actual,iteration,delta_norm_mean,delta_norm_p95,delta_norm_max,pose_ate_rmse_aligned,pose_ate_mean_aligned,pose_ate_max_aligned,pose_are_mean_deg_aligned,pose_are_max_deg_aligned,pose_rpe_rot_mean_deg,pose_rpe_trans_mean_aligned,pose_sim3_scale,frame_count_requested,inference_time_ms,peak_cuda_memory_mb
scene0691_00,500,1,1.954839825630188,2.0420620441436768,2.064610242843628,0.12951716942066652,0.11464642159612178,0.3732947576194185,4.4272150281644995,10.26399987793782,0.8874032349201616,0.04020621948917613,2.9936394812052134,500,259727.36749891192,50877.36328125
scene0691_00,500,2,0.008178498595952988,0.015059622004628181,0.02270844206213951,0.13289372563866694,0.11786706568674718,0.3622935404955747,4.451989713078568,9.844339596201207,0.8769224103545303,0.0401728869863053,3.0108567785507647,500,259727.36749891192,50877.36328125
scene0691_00,500,4,0.0005409402656368911,0.000875862839166075,0.0013895987067371607,0.1335507491732786,0.11857599450582355,0.3678703605580869,4.458770964581734,9.682373725000899,0.8755804946930186,0.04014622389808269,3.014359878296085,500,259727.36749891192,50877.36328125
scene0691_00,500,8,0.00021824402210768312,0.00038477499037981033,0.0005711732665076852,0.13381323381394156,0.11889819304673287,0.3712969445585027,4.462096790847413,9.587878494466008,0.8750663750809851,0.040141562188086774,3.01650616438121,500,259727.36749891192,50877.36328125
scene0691_00,500,16,9.014370880322531e-05,0.00017525070870760828,0.00023063055414240807,0.13389960700728168,0.11906787627801253,0.374941259416512,4.464333254574419,9.472886107791146,0.8746155463235324,0.04014268314935694,3.018159655956573,500,259727.36749891192,50877.36328125
