scene,frame_count_actual,iteration,delta_norm_mean,delta_norm_p95,delta_norm_max,pose_ate_rmse_aligned,pose_ate_mean_aligned,pose_ate_max_aligned,pose_are_mean_deg_aligned,pose_are_max_deg_aligned,pose_rpe_rot_mean_deg,pose_rpe_trans_mean_aligned,pose_sim3_scale,frame_count_requested,inference_time_ms,peak_cuda_memory_mb
scene0013_02,50,4,0.0004049013077747077,0.0008863884722813964,0.001001077122054994,0.044389578773311254,0.04083871450639118,0.08200702335500276,1.5951941139558654,3.565876779169724,0.7387034779678757,0.027157648270136763,2.4050271330391078,50,3900.660757906735,10500.89208984375
