scene,frame_count_actual,iteration,delta_norm_mean,delta_norm_p95,delta_norm_max,pose_ate_rmse_aligned,pose_ate_mean_aligned,pose_ate_max_aligned,pose_are_mean_deg_aligned,pose_are_max_deg_aligned,pose_rpe_rot_mean_deg,pose_rpe_trans_mean_aligned,pose_sim3_scale,frame_count_requested,inference_time_ms,peak_cuda_memory_mb
scene0042_02,200,1,1.7385059595108032,1.801381230354309,1.8177084922790527,0.048908677422558985,0.044692024851533355,0.096124920982237,4.143680940446632,7.380116468885253,0.4648469833254992,0.015588422704988652,1.6387954343675757,200,43860.75856676325,23959.8974609375
scene0042_02,200,2,0.0026061309035867453,0.004817214794456959,0.006140118930488825,0.04744724557288925,0.043324628905790225,0.09373819150365051,4.12413184445735,7.578001307320227,0.46228467452673333,0.015386498169465987,1.6464816235512196,200,43860.75856676325,23959.8974609375
scene0042_02,200,4,0.00019818556029349566,0.0003587012179195881,0.0005530188209377229,0.04741358286804987,0.043283071862280656,0.09344811497565145,4.120109470456445,7.59254628441673,0.46227522289661555,0.015364196011599732,1.646876493269384,200,43860.75856676325,23959.8974609375
scene0042_02,200,8,0.00010339087020838633,0.00022579477808903903,0.0003351446066517383,0.047408032522047915,0.043261486742149635,0.09454930994399288,4.116601581287665,7.619135865857518,0.46253473356588753,0.015343950884606428,1.6471612075886308,200,43860.75856676325,23959.8974609375
scene0042_02,200,16,4.781873940373771e-05,0.00012847603647969663,0.0001693621015874669,0.047444023932961696,0.04327666419460309,0.09593563346512143,4.116108168332901,7.6596017110487455,0.46313575388120654,0.01533489825079445,1.647208746512741,200,43860.75856676325,23959.8974609375
