scene,frame_count_actual,iteration,delta_norm_mean,delta_norm_p95,delta_norm_max,pose_ate_rmse_aligned,pose_ate_mean_aligned,pose_ate_max_aligned,pose_are_mean_deg_aligned,pose_are_max_deg_aligned,pose_rpe_rot_mean_deg,pose_rpe_trans_mean_aligned,pose_sim3_scale,frame_count_requested,inference_time_ms,peak_cuda_memory_mb
scene0071_00,100,1,1.9020142555236816,2.0875515937805176,2.102630615234375,0.0829537584652978,0.07112497409272364,0.20793008491018408,5.403907627852209,9.272031636717596,0.7125265220755607,0.03932096072271686,3.187228499782323,100,12640.679053030908,14986.95654296875
scene0071_00,100,2,0.005889609456062317,0.013516713865101337,0.015258796513080597,0.08642029757764352,0.07329854922034962,0.2347709070259029,5.495597393454068,9.207526291383315,0.6977608447419166,0.03955860259510409,3.204293176360248,100,12640.679053030908,14986.95654296875
scene0071_00,100,4,0.00038118488737381995,0.0010034018196165562,0.0013431583065539598,0.08914908046881534,0.07475694356085891,0.24770059651089518,5.52705955350781,9.139277235857026,0.6968597569275138,0.039754140652573475,3.2106728372408377,100,12640.679053030908,14986.95654296875
scene0071_00,100,8,0.0001562377146910876,0.0003874916583299637,0.0004731911758426577,0.09004229665712869,0.07518381920408354,0.2523054849653541,5.546555863666381,9.1337543946843,0.697052478587165,0.03982394907368553,3.212742195919476,100,12640.679053030908,14986.95654296875
scene0071_00,100,16,6.581682100659236e-05,0.0001553736365167424,0.0002015372592722997,0.09073391272602224,0.07545932227124022,0.2566619158061642,5.5732771007521045,9.136167019468443,0.6972964159677975,0.03992458303288176,3.2143567326362907,100,12640.679053030908,14986.95654296875
