{
  "scene": "scene0029_01",
  "frame_count_requested": 400.0,
  "frame_count_actual": 400.0,
  "inference_time_ms": 190358.3266735077,
  "image_height": 518.0,
  "image_width": 518.0,
  "pose_ate_rmse_aligned": 0.018764597014824604,
  "pose_ate_mean_aligned": 0.017502302537606988,
  "pose_ate_max_aligned": 0.04939631512712833,
  "pose_are_mean_deg_aligned": 2.692357888732331,
  "pose_are_max_deg_aligned": 3.6185725488853895,
  "pose_rpe_rot_mean_deg": 0.14529398870540472,
  "pose_rpe_trans_mean_aligned": 0.0021241712701253173,
  "pose_sim3_scale": 1.0943762037137599,
  "depth_absrel_raw": 0.11379982121288776,
  "depth_rmse_raw": 0.13101616755127907,
  "depth_absrel_aligned": 0.012396819663699717,
  "depth_rmse_aligned": 0.027039792849682272,
  "depth_delta1_aligned": 0.9964949921171745,
  "depth_median_scale": 1.1276455575227737,
  "depth_valid_frames": 400.0,
  "pcd_pred_depth_pred_pose_points": 200000.0,
  "pcd_pred_depth_pred_pose_chamfer_raw": 0.3891506409239992,
  "pcd_pred_depth_pred_pose_chamfer_aligned": 0.39652773342623204,
  "pcd_pred_depth_pred_pose_bbox_scale": 1.7610682959272965,
  "pcd_native_world_points_points": 200000.0,
  "pcd_native_world_points_chamfer_raw": 0.389041084280154,
  "pcd_native_world_points_chamfer_aligned": 0.38992742846315054,
  "pcd_native_world_points_bbox_scale": 1.7443909647860425,
  "pcd_gt_depth_gt_pose_points": 200000.0,
  "pcd_gt_depth_gt_pose_chamfer_raw": 0.2668101408414252,
  "pcd_gt_depth_gt_pose_chamfer_aligned": 0.43105282388637,
  "pcd_gt_depth_gt_pose_bbox_scale": 1.5241219997406006,
  "pcd_pred_depth_gt_pose_points": 200000.0,
  "pcd_pred_depth_gt_pose_chamfer_raw": 0.3797322571036167,
  "pcd_pred_depth_gt_pose_chamfer_aligned": 0.37244810865958644,
  "pcd_pred_depth_gt_pose_bbox_scale": 1.7510685920715332,
  "pcd_gt_depth_pred_pose_points": 200000.0,
  "pcd_gt_depth_pred_pose_chamfer_raw": 0.29496210281458707,
  "pcd_gt_depth_pred_pose_chamfer_aligned": 0.5887713416463551,
  "pcd_gt_depth_pred_pose_bbox_scale": 1.2581297900567832
}