scene,frame_count_actual,iteration,delta_norm_mean,delta_norm_p95,delta_norm_max,pose_ate_rmse_aligned,pose_ate_mean_aligned,pose_ate_max_aligned,pose_are_mean_deg_aligned,pose_are_max_deg_aligned,pose_rpe_rot_mean_deg,pose_rpe_trans_mean_aligned,pose_sim3_scale,frame_count_requested,inference_time_ms,peak_cuda_memory_mb
scene0029_01,50,1,1.7391427755355835,1.7818796634674072,1.7872697114944458,0.04161206895795801,0.03598185519259376,0.09568067605527894,4.8756080281458,6.4328261311686425,1.1061539394858588,0.027035431907580714,0.9437999808595633,50,3954.1356530971825,10500.89208984375
scene0029_01,50,2,0.006042144261300564,0.012503213249146938,0.01384743582457304,0.040021709466693166,0.0348666329442613,0.09294421650405554,5.040719095376038,6.704007434600046,1.0660296875558433,0.026104711037313714,0.9520142525236154,50,3954.1356530971825,10500.89208984375
scene0029_01,50,4,0.00027553364634513855,0.0005025170394219458,0.000557370251044631,0.03986871180830543,0.034737686652773984,0.09260547312981379,5.045118716008569,6.728585344769175,1.061270085809434,0.026022002116321986,0.9530695381807113,50,3954.1356530971825,10500.89208984375
scene0029_01,50,8,0.0001410984550602734,0.00025988739798776805,0.0003161366330459714,0.03976741686154249,0.034643689909777196,0.09243104032239166,5.040263935870634,6.733304696075375,1.0591985038898017,0.025988019076728718,0.9536608497121426,50,3954.1356530971825,10500.89208984375
scene0029_01,50,16,6.0602462326642126e-05,0.00011946812446694821,0.00017419389041606337,0.03969392982771244,0.03457019128354644,0.09235500296672998,5.0358388814352955,6.7368726780491945,1.0584489996804676,0.025973942111004625,0.9540919317941207,50,3954.1356530971825,10500.89208984375
