{
  "scene": "scene0000_00",
  "frame_count_requested": 500.0,
  "frame_count_actual": 500.0,
  "inference_time_ms": 295970.4737663269,
  "image_height": 518.0,
  "image_width": 518.0,
  "pose_ate_rmse_aligned": 0.04491158880116711,
  "pose_ate_mean_aligned": 0.041588356679438075,
  "pose_ate_max_aligned": 0.09309409165118228,
  "pose_are_mean_deg_aligned": 2.8473197036499855,
  "pose_are_max_deg_aligned": 4.322432011726871,
  "pose_rpe_rot_mean_deg": 0.2059894253171775,
  "pose_rpe_trans_mean_aligned": 0.004816339306054096,
  "pose_sim3_scale": 2.1160161358910243,
  "depth_absrel_raw": 0.5459463659524918,
  "depth_rmse_raw": 1.1405144870281219,
  "depth_absrel_aligned": 0.01569008346647024,
  "depth_rmse_aligned": 0.059918365761637685,
  "depth_delta1_aligned": 0.9963847226933743,
  "depth_median_scale": 2.203244649887085,
  "depth_valid_frames": 500.0,
  "pcd_pred_depth_pred_pose_points": 200000.0,
  "pcd_pred_depth_pred_pose_chamfer_raw": 0.9982073179248855,
  "pcd_pred_depth_pred_pose_chamfer_aligned": 0.7924359642172654,
  "pcd_pred_depth_pred_pose_bbox_scale": 4.3458253158042375,
  "pcd_native_world_points_points": 200000.0,
  "pcd_native_world_points_chamfer_raw": 0.9981990417077413,
  "pcd_native_world_points_chamfer_aligned": 0.7992502576092391,
  "pcd_native_world_points_bbox_scale": 4.3269224787954155,
  "pcd_gt_depth_gt_pose_points": 200000.0,
  "pcd_gt_depth_gt_pose_chamfer_raw": 0.4625295417416055,
  "pcd_gt_depth_gt_pose_chamfer_aligned": 0.8002177065223268,
  "pcd_gt_depth_gt_pose_bbox_scale": 1.9273523092269897,
  "pcd_pred_depth_gt_pose_points": 200000.0,
  "pcd_pred_depth_gt_pose_chamfer_raw": 0.9817297717252967,
  "pcd_pred_depth_gt_pose_chamfer_aligned": 0.6794676321813877,
  "pcd_pred_depth_gt_pose_bbox_scale": 3.9065709114074707,
  "pcd_gt_depth_pred_pose_points": 200000.0,
  "pcd_gt_depth_pred_pose_chamfer_raw": 0.526522654930023,
  "pcd_gt_depth_pred_pose_chamfer_aligned": 0.7759272115934065,
  "pcd_gt_depth_pred_pose_bbox_scale": 1.8574648055251652
}