scene,frame_count_actual,iteration,delta_norm_mean,delta_norm_p95,delta_norm_max,pose_ate_rmse_aligned,pose_ate_mean_aligned,pose_ate_max_aligned,pose_are_mean_deg_aligned,pose_are_max_deg_aligned,pose_rpe_rot_mean_deg,pose_rpe_trans_mean_aligned,pose_sim3_scale,frame_count_requested,inference_time_ms,peak_cuda_memory_mb
scene0071_00,25,1,1.8867220878601074,2.0743722915649414,2.088369846343994,0.07702405154331704,0.06569865515927147,0.15978776993542254,4.978281195081899,8.188782494879455,1.7610168332718115,0.08012807463804196,3.1695753321984657,25,1401.2785661034286,8261.50146484375
scene0071_00,25,2,0.006345689296722412,0.014383099041879177,0.015624950639903545,0.08002833098067218,0.06739307419188116,0.1835907697970094,5.050856317541998,8.089733602245895,1.7199857612183915,0.08012638075648919,3.191868470894191,25,1401.2785661034286,8261.50146484375
scene0071_00,25,4,0.00047776964493095875,0.0011813007295131683,0.0014955592341721058,0.08193398450650695,0.06858496664429041,0.19329007497546666,5.06355376369935,8.042344480470895,1.7069268611341688,0.08014644188460701,3.1971394760733114,25,1401.2785661034286,8261.50146484375
scene0071_00,25,8,0.0001635863445699215,0.0003910853120032698,0.0004567519936244935,0.08306950584459924,0.06923211387120558,0.20019864999422987,5.074174389083154,8.007389376825861,1.699748966586803,0.08026623657078476,3.199453138649052,25,1401.2785661034286,8261.50146484375
scene0071_00,25,16,6.533702253364027e-05,0.000124916376080364,0.00016738497652113438,0.08386902769398816,0.06960398912595137,0.2058100419549672,5.089563687640735,7.983483132667145,1.6929194201646685,0.08034710293776744,3.2009452280125474,25,1401.2785661034286,8261.50146484375
