scene,frame_count_actual,iteration,delta_norm_mean,delta_norm_p95,delta_norm_max,pose_ate_rmse_aligned,pose_ate_mean_aligned,pose_ate_max_aligned,pose_are_mean_deg_aligned,pose_are_max_deg_aligned,pose_rpe_rot_mean_deg,pose_rpe_trans_mean_aligned,pose_sim3_scale,frame_count_requested,inference_time_ms,peak_cuda_memory_mb
scene0056_00,25,1,1.9685931205749512,2.3276069164276123,2.373670816421509,0.1713989767903641,0.13849673383490263,0.5351147284478754,2.9321376260971834,5.156373143354972,2.5008245360267636,0.13074877876532456,3.3860688129423635,25,1400.779556017369,8261.50146484375
scene0056_00,25,2,0.0031225092243403196,0.0053300983272492886,0.008605034090578556,0.17716416964631282,0.14455295840312635,0.5397671236826792,2.948298786186947,5.357170309045795,2.484814709657104,0.1356018767884862,3.3883101246678136,25,1400.779556017369,8261.50146484375
scene0056_00,25,4,0.0002763179363682866,0.0004665134765673429,0.0005802552332170308,0.17804297153213058,0.14552977286944127,0.5405198381126488,2.952711707513765,5.395004165161284,2.484549857678933,0.1366291650245336,3.3887723953276745,25,1400.779556017369,8261.50146484375
scene0056_00,25,8,0.0001486671535531059,0.0002444448764435947,0.00032934729824773967,0.1792004206978591,0.1467695388301623,0.5417327945095539,2.960106561862968,5.445941657202681,2.486444279306804,0.13806955049434275,3.3891213170908663,25,1400.779556017369,8261.50146484375
scene0056_00,25,16,7.103500684024766e-05,0.00012992181291338056,0.00014192168600857258,0.18056730221994957,0.1481464707327186,0.543431092642662,2.97094314140063,5.5064798742301555,2.491092298689758,0.1397910398257425,3.389066208209085,25,1400.779556017369,8261.50146484375
