scene,frame_count_actual,iteration,delta_norm_mean,delta_norm_p95,delta_norm_max,pose_ate_rmse_aligned,pose_ate_mean_aligned,pose_ate_max_aligned,pose_are_mean_deg_aligned,pose_are_max_deg_aligned,pose_rpe_rot_mean_deg,pose_rpe_trans_mean_aligned,pose_sim3_scale,frame_count_requested,inference_time_ms,peak_cuda_memory_mb
scene0691_00,25,1,1.9427415132522583,2.02120041847229,2.0300073623657227,0.0780556755171636,0.07036987983112132,0.16106909845264644,3.689047865378533,6.379538039192027,2.2682045135952267,0.07218545078700668,3.1088918509714927,25,1402.5812400504947,8261.50146484375
scene0691_00,25,2,0.0031110283453017473,0.005580152850598097,0.00606326200067997,0.07966788293154504,0.0719893510014765,0.15720799036067443,3.6902953576299615,6.420112998449311,2.280111348614104,0.07111491045832231,3.1108855605348147,25,1402.5812400504947,8261.50146484375
scene0691_00,25,4,0.0002437727089272812,0.00042224739445373416,0.0004829192766919732,0.07993937070795383,0.07237969020211367,0.15649007799289302,3.6927614562593942,6.425694841208502,2.279649564226671,0.07115013638041177,3.110860517198831,25,1402.5812400504947,8261.50146484375
scene0691_00,25,8,0.00012277330097276717,0.0001986829738598317,0.00026081403484568,0.08028547022823293,0.07290313211690043,0.15546598200562448,3.695840983743366,6.431881605200601,2.2775927036409525,0.07126628042019817,3.110776088169053,25,1402.5812400504947,8261.50146484375
scene0691_00,25,16,4.984423139831051e-05,9.618928015697747e-05,0.00010325417679268867,0.08063796667887425,0.07346592657175616,0.15413674769250119,3.6990754081459727,6.436470569280891,2.273699066940703,0.07147456629442088,3.1106810444901685,25,1402.5812400504947,8261.50146484375
