scene,frame_count_actual,iteration,delta_norm_mean,delta_norm_p95,delta_norm_max,pose_ate_rmse_aligned,pose_ate_mean_aligned,pose_ate_max_aligned,pose_are_mean_deg_aligned,pose_are_max_deg_aligned,pose_rpe_rot_mean_deg,pose_rpe_trans_mean_aligned,pose_sim3_scale,frame_count_requested,inference_time_ms,peak_cuda_memory_mb
scene0071_00,500,1,1.913789987564087,2.083547592163086,2.114145278930664,0.09419646030939903,0.08218710816749276,0.22781209283072304,6.775395413582654,11.11455495517364,0.47250704328694826,0.02739533613098907,3.2357753917083945,500,259504.012492951,50877.36328125
scene0071_00,500,2,0.006375825963914394,0.01438940316438675,0.01631229929625988,0.09724560492673374,0.08401078684786029,0.2434733391522708,6.759222325360919,10.977599588437984,0.47540897514551833,0.027586364527868935,3.2410305498204712,500,259504.012492951,50877.36328125
scene0071_00,500,4,0.0005253682029433548,0.0012895697727799416,0.002057846402749419,0.09855081522852267,0.08471072866420515,0.25033162629370603,6.793828088984787,10.983162296075252,0.4764489741097565,0.027690755734375804,3.2444267946221212,500,259504.012492951,50877.36328125
scene0071_00,500,8,0.00021474904497154057,0.0005655525019392371,0.0006857904372736812,0.09944541068891435,0.08521335288354975,0.2552918046946315,6.829006643729728,10.993907931948266,0.47713184442319,0.027778786309763857,3.2467558350721824,500,259504.012492951,50877.36328125
scene0071_00,500,16,8.80732259247452e-05,0.00025106442626565695,0.0002938763936981559,0.10026301134400782,0.08563798770900956,0.26013003912834326,6.880543526307975,11.021835762919872,0.4778094530377747,0.027877137265844627,3.249002163853927,500,259504.012492951,50877.36328125
