scene,frame_count_actual,iteration,delta_norm_mean,delta_norm_p95,delta_norm_max,pose_ate_rmse_aligned,pose_ate_mean_aligned,pose_ate_max_aligned,pose_are_mean_deg_aligned,pose_are_max_deg_aligned,pose_rpe_rot_mean_deg,pose_rpe_trans_mean_aligned,pose_sim3_scale,frame_count_requested,inference_time_ms,peak_cuda_memory_mb
scene0000_00,50,1,1.8704370260238647,2.125615119934082,2.220582962036133,0.14784023218651404,0.13228970381589464,0.27255142704601737,2.3401409262498394,10.253318046707856,2.2465952271313014,0.13344648599975692,3.4693280856730953,50,3897.7889232337475,10501.40478515625
scene0000_00,50,2,0.003862452693283558,0.009400361217558384,0.012929901480674744,0.14258409134741287,0.12865600055960785,0.25523736901273936,2.3654639411089375,10.213068606105871,2.252590149639849,0.12756634737274136,3.476182356980061,50,3897.7889232337475,10501.40478515625
scene0000_00,50,4,0.0004595354839693755,0.0012978517916053534,0.0014462503604590893,0.1414255059288106,0.12778843029357548,0.2570258015377988,2.378256877954905,10.17933014287904,2.2599535482415054,0.1261586310061296,3.4783860323028533,50,3897.7889232337475,10501.40478515625
scene0000_00,50,8,0.00026809683186002076,0.000792626990005374,0.0009003591840155423,0.140088941216909,0.12671328283933056,0.25886709172123956,2.3978973835420225,10.122562079722647,2.2735439320424407,0.12447146630363731,3.481113581159681,50,3897.7889232337475,10501.40478515625
scene0000_00,50,16,0.00012726754357572645,0.0003735057543963194,0.0004530001024249941,0.1389275710363502,0.12564520824265313,0.2606981059257569,2.421846007500618,10.037121571423555,2.296074375654356,0.12283744934472132,3.4837978787587818,50,3897.7889232337475,10501.40478515625
