scene,frame_count_actual,iteration,delta_norm_mean,delta_norm_p95,delta_norm_max,pose_ate_rmse_aligned,pose_ate_mean_aligned,pose_ate_max_aligned,pose_are_mean_deg_aligned,pose_are_max_deg_aligned,pose_rpe_rot_mean_deg,pose_rpe_trans_mean_aligned,pose_sim3_scale,frame_count_requested,inference_time_ms,peak_cuda_memory_mb
scene0056_00,100,1,1.9752615690231323,2.3356359004974365,2.3713865280151367,0.16523060598223316,0.1441937742067229,0.35224414932578885,3.17610626025436,5.997323905002727,1.0856267924202836,0.05691569883127798,3.3855430565931104,100,12654.939398169518,14986.95654296875
scene0056_00,100,2,0.0034660687670111656,0.005322655662894249,0.011771269142627716,0.1693501198117806,0.14875251504207943,0.3556330658176646,3.175122875472039,6.079865311485719,1.069599446085429,0.05756133961492152,3.387916346220654,100,12654.939398169518,14986.95654296875
scene0056_00,100,4,0.0002714708389248699,0.0005098507972434163,0.0006898641004227102,0.16990042897554186,0.14944974501871403,0.35603487378250903,3.175593393659724,6.1023152455443785,1.0672155411911046,0.05769203333982087,3.3883489504662023,100,12654.939398169518,14986.95654296875
scene0056_00,100,8,0.00014814999303780496,0.0002728309773374349,0.00041989359306171536,0.1706933208660795,0.1503933618626861,0.3566735351629142,3.1781740143828467,6.135651854608326,1.0647111310203516,0.05791773780064245,3.3887260551196055,100,12654.939398169518,14986.95654296875
scene0056_00,100,16,6.932005635462701e-05,0.00012447478366084397,0.00020113131904508919,0.17172519312086854,0.15152003244456405,0.35756726540371603,3.1839682697392937,6.179148460523763,1.0628777927068052,0.05822155850858121,3.388756800051172,100,12654.939398169518,14986.95654296875
