scene,frame_count_actual,iteration,delta_norm_mean,delta_norm_p95,delta_norm_max,pose_ate_rmse_aligned,pose_ate_mean_aligned,pose_ate_max_aligned,pose_are_mean_deg_aligned,pose_are_max_deg_aligned,pose_rpe_rot_mean_deg,pose_rpe_trans_mean_aligned,pose_sim3_scale,frame_count_requested,inference_time_ms,peak_cuda_memory_mb
scene0013_02,500,4,0.0005701752961613238,0.0006553958519361913,0.1281900852918625,0.04544112260051886,0.04150723558033768,0.2165523449871125,1.8456061947268434,4.73551822079644,0.27026310975490453,0.011755038015699838,2.443025278842619,500,262321.8910880387,50877.36328125
