scene,frame_count_actual,iteration,delta_norm_mean,delta_norm_p95,delta_norm_max,pose_ate_rmse_aligned,pose_ate_mean_aligned,pose_ate_max_aligned,pose_are_mean_deg_aligned,pose_are_max_deg_aligned,pose_rpe_rot_mean_deg,pose_rpe_trans_mean_aligned,pose_sim3_scale,frame_count_requested,inference_time_ms,peak_cuda_memory_mb
scene0084_01,200,1,1.8759820461273193,2.2937629222869873,2.3500471115112305,0.05913577198938213,0.054860318049102616,0.10834987528527588,1.280807654524684,2.80250914783906,0.5422934445314519,0.027274867294739265,2.0900269221921017,200,44009.10583604127,23959.8974609375
scene0084_01,200,2,0.003003839636221528,0.004950708243995905,0.007105969823896885,0.06022225368298365,0.05580898595130937,0.11109440336903036,1.4062718996389298,3.0690183899855046,0.5371018215748097,0.027107512852447568,2.090898420997601,200,44009.10583604127,23959.8974609375
scene0084_01,200,4,0.00021630692936014384,0.0004711661604233086,0.0006428908091038465,0.0603691086134209,0.05593021430326822,0.11236432277884156,1.4428192789267944,3.1506500923220497,0.5365740065941736,0.02706684677015097,2.0911432759647557,200,44009.10583604127,23959.8974609375
scene0084_01,200,8,0.00010173578630201519,0.0002598306746222079,0.0003643702657427639,0.06054524467370141,0.05608733635865343,0.11367713637453956,1.4745700867367828,3.217084789218897,0.5363076888139647,0.027054430226654366,2.0913301294548807,200,44009.10583604127,23959.8974609375
scene0084_01,200,16,4.6521159674739465e-05,0.00012711761519312859,0.0002191193780163303,0.06079802269920597,0.05632463257480458,0.11548610115258086,1.51026155851219,3.28644380859697,0.536210985317239,0.027065447826511622,2.091465022826188,200,44009.10583604127,23959.8974609375
