scene,frame_count_actual,iteration,delta_norm_mean,delta_norm_p95,delta_norm_max,pose_ate_rmse_aligned,pose_ate_mean_aligned,pose_ate_max_aligned,pose_are_mean_deg_aligned,pose_are_max_deg_aligned,pose_rpe_rot_mean_deg,pose_rpe_trans_mean_aligned,pose_sim3_scale,frame_count_requested,inference_time_ms,peak_cuda_memory_mb
scene0056_00,500,1,1.967237949371338,2.324845314025879,2.366676092147827,0.18890466245611331,0.16575658031720444,0.46560243576141214,3.351511672478808,6.983969213864666,0.4892868295680136,0.030455719282335206,3.3963056720346443,500,259813.8977480121,50877.36328125
scene0056_00,500,2,0.004958335310220718,0.007740743923932314,0.017610745504498482,0.190443278113912,0.1672903678005628,0.46633358018008647,3.36496694287705,7.175265578226562,0.4872861056039293,0.030257212801881903,3.3999486274107062,500,259813.8977480121,50877.36328125
scene0056_00,500,4,0.00030265154782682657,0.0005213422700762749,0.0008707687957212329,0.19037779186014633,0.16728961356977054,0.46630776505376187,3.368216882373052,7.182892365425057,0.48717566113139843,0.030253850486056787,3.400644367568056,500,259813.8977480121,50877.36328125
scene0056_00,500,8,0.0001603363052709028,0.00028975398163311183,0.00048127988702617586,0.19043815929485197,0.16740195249742665,0.46662042710116736,3.37437363585855,7.190643466567706,0.48720924566649826,0.03026759185896361,3.4013304301484917,500,259813.8977480121,50877.36328125
scene0056_00,500,16,7.221085979836062e-05,0.00013228529132902622,0.00019018289458472282,0.19074797824489007,0.16771536203180826,0.46778029696721135,3.3846951520450164,7.191172925198041,0.4874721891912715,0.030305826930496035,3.401680453519307,500,259813.8977480121,50877.36328125
