scene,frame_count_actual,iteration,delta_norm_mean,delta_norm_p95,delta_norm_max,pose_ate_rmse_aligned,pose_ate_mean_aligned,pose_ate_max_aligned,pose_are_mean_deg_aligned,pose_are_max_deg_aligned,pose_rpe_rot_mean_deg,pose_rpe_trans_mean_aligned,pose_sim3_scale,frame_count_requested,inference_time_ms,peak_cuda_memory_mb
scene0096_00,25,1,1.878523826599121,2.0568251609802246,2.060908555984497,0.07115788933781421,0.062218418876069735,0.132957720614357,2.573396450916929,4.89549980203477,1.719878385388263,0.06691206074556481,2.197076444889213,25,1403.309506829828,8261.50146484375
scene0096_00,25,2,0.0031722818966954947,0.00601462135091424,0.006937557365745306,0.07237269978523317,0.06299262579327766,0.1401766170178658,2.408995610719824,4.678719317560183,1.6869552477807368,0.06721856234246865,2.199440416833786,25,1403.309506829828,8261.50146484375
scene0096_00,25,4,0.0002536879910621792,0.0004569025186356157,0.0005138324340805411,0.07261970423861339,0.06314745525623368,0.14125958224724455,2.370765540786291,4.658108642236624,1.6844960229628576,0.06733229136652734,2.199966978568448,25,1403.309506829828,8261.50146484375
scene0096_00,25,8,0.00013187497097533196,0.00023173649969976395,0.00026982641429640353,0.07290538047236883,0.0633368634933556,0.14243940096500066,2.3227595853216996,4.639341034286181,1.682370272912557,0.0674914267893071,2.2006562741042197,25,1403.309506829828,8261.50146484375
scene0096_00,25,16,5.914623761782423e-05,0.00010982245294144377,0.00011322016507619992,0.07310693963100097,0.0634607149820577,0.14337132778953288,2.271544774544632,4.625563167499075,1.6805323977166766,0.06762746345130242,2.2013991539390383,25,1403.309506829828,8261.50146484375
