scene,frame_count_actual,iteration,delta_norm_mean,delta_norm_p95,delta_norm_max,pose_ate_rmse_aligned,pose_ate_mean_aligned,pose_ate_max_aligned,pose_are_mean_deg_aligned,pose_are_max_deg_aligned,pose_rpe_rot_mean_deg,pose_rpe_trans_mean_aligned,pose_sim3_scale,frame_count_requested,inference_time_ms,peak_cuda_memory_mb
scene0084_01,25,1,1.8568034172058105,2.2295873165130615,2.310588836669922,0.05891735481911628,0.05485783696612361,0.09413619362321933,1.1561166472780973,2.235461709520557,1.0467465164622511,0.05147125177134362,2.142905936951248,25,1401.1019188910723,8261.50146484375
scene0084_01,25,2,0.0018589311512187123,0.004351015202701092,0.004900359082967043,0.058845558083693315,0.05505529563972034,0.09489887162507087,1.2028880627195795,2.4574178165632334,1.06674446763088,0.05073848421123403,2.1436852787150174,25,1401.1019188910723,8261.50146484375
scene0084_01,25,4,0.00020202409359626472,0.0004721377044916153,0.0004926573019474745,0.05880269711439402,0.05505649589415887,0.09508613565837684,1.2184622951915378,2.5253208465833343,1.0700363847336662,0.05058787769128562,2.1438705612367643,25,1401.1019188910723,8261.50146484375
scene0084_01,25,8,0.00010899335029534996,0.00024772732285782695,0.0003210563154425472,0.05878128865048661,0.055084814611335194,0.09530581050575657,1.241289614856249,2.610905987337198,1.0744020778785244,0.05041678649828191,2.144017127468175,25,1401.1019188910723,8261.50146484375
scene0084_01,25,16,5.052832420915365e-05,0.00011223072215216234,0.00017952799680642784,0.058803085553997124,0.055153530641974896,0.09548847221685858,1.2686916939921924,2.6988902433369146,1.0793169529074718,0.050246470279976974,2.1440969381889485,25,1401.1019188910723,8261.50146484375
