{
  "scene": "scene0000_00",
  "frame_count_requested": 100.0,
  "frame_count_actual": 100.0,
  "inference_time_ms": 14852.165937423706,
  "image_height": 518.0,
  "image_width": 518.0,
  "pose_ate_rmse_aligned": 0.017628196985588356,
  "pose_ate_mean_aligned": 0.016193075909972196,
  "pose_ate_max_aligned": 0.04463973269790452,
  "pose_are_mean_deg_aligned": 6.065003920226308,
  "pose_are_max_deg_aligned": 7.071468778525145,
  "pose_rpe_rot_mean_deg": 0.16823042870893093,
  "pose_rpe_trans_mean_aligned": 0.003692408333351935,
  "pose_sim3_scale": 1.858386613057019,
  "depth_absrel_raw": 0.47031950324773786,
  "depth_rmse_raw": 0.9007924908399582,
  "depth_absrel_aligned": 0.013010449092835188,
  "depth_rmse_aligned": 0.044254742283374074,
  "depth_delta1_aligned": 0.998531568440584,
  "depth_median_scale": 1.8851478850841523,
  "depth_valid_frames": 100.0,
  "pcd_pred_depth_pred_pose_points": 200000.0,
  "pcd_pred_depth_pred_pose_chamfer_raw": 0.9995749163403644,
  "pcd_pred_depth_pred_pose_chamfer_aligned": 0.8575145067331343,
  "pcd_pred_depth_pred_pose_bbox_scale": 5.93740906885725,
  "pcd_native_world_points_points": 200000.0,
  "pcd_native_world_points_chamfer_raw": 0.9996935268955214,
  "pcd_native_world_points_chamfer_aligned": 0.8702275814805431,
  "pcd_native_world_points_bbox_scale": 5.793617321616037,
  "pcd_gt_depth_gt_pose_points": 200000.0,
  "pcd_gt_depth_gt_pose_chamfer_raw": 0.49240112268260644,
  "pcd_gt_depth_gt_pose_chamfer_aligned": 0.8430653200603102,
  "pcd_gt_depth_gt_pose_bbox_scale": 3.0542209148406982,
  "pcd_pred_depth_gt_pose_points": 200000.0,
  "pcd_pred_depth_gt_pose_chamfer_raw": 0.999742476316035,
  "pcd_pred_depth_gt_pose_chamfer_aligned": 0.8166472537955815,
  "pcd_pred_depth_gt_pose_bbox_scale": 5.404942035675049,
  "pcd_gt_depth_pred_pose_points": 200000.0,
  "pcd_gt_depth_pred_pose_chamfer_raw": 0.5203389757786644,
  "pcd_gt_depth_pred_pose_chamfer_aligned": 0.8126204520957446,
  "pcd_gt_depth_pred_pose_bbox_scale": 3.168895867922485
}