scene,frame_count_actual,iteration,delta_norm_mean,delta_norm_p95,delta_norm_max,pose_ate_rmse_aligned,pose_ate_mean_aligned,pose_ate_max_aligned,pose_are_mean_deg_aligned,pose_are_max_deg_aligned,pose_rpe_rot_mean_deg,pose_rpe_trans_mean_aligned,pose_sim3_scale,frame_count_requested,inference_time_ms,peak_cuda_memory_mb
scene0013_02,50,1,1.9525946378707886,2.2147374153137207,2.2752716541290283,0.0459880422119672,0.0418011860046854,0.09670633935268066,1.5808208034862077,3.596785478074089,0.7367804109863164,0.027982444801294065,2.395899433946605,50,3945.7552451640368,10500.89208984375
scene0013_02,50,2,0.0050496309995651245,0.01153925247490406,0.012929040938615799,0.04430426139941843,0.040755643451655506,0.08229733317868797,1.5892389918954308,3.580040791225742,0.7370770758818826,0.02714587241269372,2.403703866101106,50,3945.7552451640368,10500.89208984375
scene0013_02,50,4,0.0004049013077747077,0.0008863884722813964,0.001001077122054994,0.044389578773311254,0.04083871450639118,0.08200702335500276,1.5951941139558654,3.565876779169724,0.7387034779678757,0.027157648270136763,2.4050271330391078,50,3945.7552451640368,10500.89208984375
scene0013_02,50,8,0.00018906807235907763,0.0004406892694532871,0.0004708076303359121,0.04450104043144577,0.04095397995067632,0.08208663636731653,1.603662086070092,3.5518934082822096,0.7409890543362844,0.027181497518577645,2.406161810129039,50,3945.7552451640368,10500.89208984375
scene0013_02,50,16,8.194654219551012e-05,0.00021606156951747835,0.000241693967836909,0.04474487718187418,0.04121004632787107,0.08287615044939185,1.6134805396737923,3.541462707379408,0.7440435076541366,0.027238007476879003,2.406961719007567,50,3945.7552451640368,10500.89208984375
