{
  "scene": "scene0056_00",
  "frame_count_requested": 200.0,
  "frame_count_actual": 200.0,
  "inference_time_ms": 49350.75902938843,
  "image_height": 518.0,
  "image_width": 518.0,
  "pose_ate_rmse_aligned": 0.08336171083117187,
  "pose_ate_mean_aligned": 0.0770508463735258,
  "pose_ate_max_aligned": 0.13068609377978677,
  "pose_are_mean_deg_aligned": 5.188651024861172,
  "pose_are_max_deg_aligned": 6.69461474957927,
  "pose_rpe_rot_mean_deg": 0.15999080709353697,
  "pose_rpe_trans_mean_aligned": 0.004897759999794478,
  "pose_sim3_scale": 3.417741218303365,
  "depth_absrel_raw": 0.6777290374040603,
  "depth_rmse_raw": 1.9533795195817947,
  "depth_absrel_aligned": 0.035712396204471586,
  "depth_rmse_aligned": 0.21962580259889364,
  "depth_delta1_aligned": 0.9741582663978989,
  "depth_median_scale": 3.0700458323955537,
  "depth_valid_frames": 200.0,
  "pcd_pred_depth_pred_pose_points": 200000.0,
  "pcd_pred_depth_pred_pose_chamfer_raw": 1.0,
  "pcd_pred_depth_pred_pose_chamfer_aligned": 0.5347049696660282,
  "pcd_pred_depth_pred_pose_bbox_scale": 3.780610686707135,
  "pcd_native_world_points_points": 200000.0,
  "pcd_native_world_points_chamfer_raw": 1.0,
  "pcd_native_world_points_chamfer_aligned": 0.5744936568424638,
  "pcd_native_world_points_bbox_scale": 3.8104591432937838,
  "pcd_gt_depth_gt_pose_points": 200000.0,
  "pcd_gt_depth_gt_pose_chamfer_raw": 0.36389405405591363,
  "pcd_gt_depth_gt_pose_chamfer_aligned": 0.5679731607566507,
  "pcd_gt_depth_gt_pose_bbox_scale": 1.093584656715393,
  "pcd_pred_depth_gt_pose_points": 200000.0,
  "pcd_pred_depth_gt_pose_chamfer_raw": 0.9993343748600783,
  "pcd_pred_depth_gt_pose_chamfer_aligned": 0.4677946200571384,
  "pcd_pred_depth_gt_pose_bbox_scale": 3.053215265274048,
  "pcd_gt_depth_pred_pose_points": 200000.0,
  "pcd_gt_depth_pred_pose_chamfer_raw": 0.4126216023323641,
  "pcd_gt_depth_pred_pose_chamfer_aligned": 0.684205504908673,
  "pcd_gt_depth_pred_pose_bbox_scale": 1.0528108623083028
}