scene,frame_count_actual,iteration,delta_norm_mean,delta_norm_p95,delta_norm_max,pose_ate_rmse_aligned,pose_ate_mean_aligned,pose_ate_max_aligned,pose_are_mean_deg_aligned,pose_are_max_deg_aligned,pose_rpe_rot_mean_deg,pose_rpe_trans_mean_aligned,pose_sim3_scale,frame_count_requested,inference_time_ms,peak_cuda_memory_mb
scene0691_00,200,1,1.9381318092346191,2.0158047676086426,2.0371222496032715,0.07368961871148852,0.06434658156621335,0.1972754031364024,3.6640918011696026,7.442855038559122,0.631632258304993,0.028108928587919007,3.1529824067699836,200,44040.28193978593,23959.8974609375
scene0691_00,200,2,0.004054361488670111,0.007481604348868132,0.010710257105529308,0.07411152858586138,0.06480898694890962,0.19086617809467682,3.6760100083848464,7.440987290159755,0.632182104288747,0.027624712178340706,3.1610260038542517,200,44040.28193978593,23959.8974609375
scene0691_00,200,4,0.0003410562057979405,0.000531620578840375,0.0006716435891576111,0.07426877604200521,0.06506876257076695,0.1890033907031091,3.6724905752684602,7.430115820550255,0.6325258790023112,0.027573198565694318,3.1624285761147686,200,44040.28193978593,23959.8974609375
scene0691_00,200,8,0.00016454992874059826,0.00026481400709599257,0.00034449994564056396,0.07446100462574473,0.06541030778427112,0.18663426481367373,3.6700662424436454,7.419481289273851,0.6332433315202226,0.027533191186947973,3.1637366245816225,200,44040.28193978593,23959.8974609375
scene0691_00,200,16,6.662696250714362e-05,0.00011676198482746258,0.000137829571031034,0.07460520635060104,0.06574809394239006,0.18384656227043966,3.6679899136789085,7.405143278242181,0.6340115110912483,0.027505627521000192,3.1647279235923236,200,44040.28193978593,23959.8974609375
