{
  "scene": "scene0029_01",
  "frame_count_requested": 100.0,
  "frame_count_actual": 100.0,
  "inference_time_ms": 14752.26378440857,
  "image_height": 518.0,
  "image_width": 518.0,
  "pose_ate_rmse_aligned": 0.0053330839946551505,
  "pose_ate_mean_aligned": 0.005014406591384173,
  "pose_ate_max_aligned": 0.010143744702880817,
  "pose_are_mean_deg_aligned": 7.933607144522661,
  "pose_are_max_deg_aligned": 8.282607867666385,
  "pose_rpe_rot_mean_deg": 0.11029176917035588,
  "pose_rpe_trans_mean_aligned": 0.001313662293999405,
  "pose_sim3_scale": 1.1068036683398632,
  "depth_absrel_raw": 0.12868927158415316,
  "depth_rmse_raw": 0.14671235278248787,
  "depth_absrel_aligned": 0.01553490904159844,
  "depth_rmse_aligned": 0.03976015966385603,
  "depth_delta1_aligned": 0.9925873071600677,
  "depth_median_scale": 1.1461873936653137,
  "depth_valid_frames": 100.0,
  "pcd_pred_depth_pred_pose_points": 200000.0,
  "pcd_pred_depth_pred_pose_chamfer_raw": 0.4319371663804642,
  "pcd_pred_depth_pred_pose_chamfer_aligned": 0.4105165112224872,
  "pcd_pred_depth_pred_pose_bbox_scale": 1.9942728630638464,
  "pcd_native_world_points_points": 200000.0,
  "pcd_native_world_points_chamfer_raw": 0.43078404434668915,
  "pcd_native_world_points_chamfer_aligned": 0.4100297491117889,
  "pcd_native_world_points_bbox_scale": 1.9915864744901255,
  "pcd_gt_depth_gt_pose_points": 200000.0,
  "pcd_gt_depth_gt_pose_chamfer_raw": 0.34056112356407164,
  "pcd_gt_depth_gt_pose_chamfer_aligned": 0.4443539528349732,
  "pcd_gt_depth_gt_pose_bbox_scale": 1.828784465789795,
  "pcd_pred_depth_gt_pose_points": 200000.0,
  "pcd_pred_depth_gt_pose_chamfer_raw": 0.43166300663485957,
  "pcd_pred_depth_gt_pose_chamfer_aligned": 0.40392141275179594,
  "pcd_pred_depth_gt_pose_bbox_scale": 1.9804667234420776,
  "pcd_gt_depth_pred_pose_points": 200000.0,
  "pcd_gt_depth_pred_pose_chamfer_raw": 0.34761627830249053,
  "pcd_gt_depth_pred_pose_chamfer_aligned": 0.4325890300344709,
  "pcd_gt_depth_pred_pose_bbox_scale": 1.864632045150192
}