scene,frame_count_actual,iteration,delta_norm_mean,delta_norm_p95,delta_norm_max,pose_ate_rmse_aligned,pose_ate_mean_aligned,pose_ate_max_aligned,pose_are_mean_deg_aligned,pose_are_max_deg_aligned,pose_rpe_rot_mean_deg,pose_rpe_trans_mean_aligned,pose_sim3_scale,frame_count_requested,inference_time_ms,peak_cuda_memory_mb
scene0029_01,500,4,0.0002896225487347692,0.0005374857573769987,0.0006153489812277257,0.03108452507612137,0.025478729083846807,0.10372108201648836,4.002499974225365,5.933995449293207,0.3961448092840621,0.010296155468990712,0.9652016389456096,500,261571.11996924505,50877.36328125
