scene,frame_count_actual,iteration,delta_norm_mean,delta_norm_p95,delta_norm_max,pose_ate_rmse_aligned,pose_ate_mean_aligned,pose_ate_max_aligned,pose_are_mean_deg_aligned,pose_are_max_deg_aligned,pose_rpe_rot_mean_deg,pose_rpe_trans_mean_aligned,pose_sim3_scale,frame_count_requested,inference_time_ms,peak_cuda_memory_mb
scene0013_02,200,4,0.0003923786571249366,0.0008319873595610261,0.0009184214286506176,0.043676945976224346,0.04054123327959335,0.07890468769762486,1.71065118551899,3.711998169867396,0.36910177312835224,0.015015926882748627,2.4473084236420855,200,44049.9960007146,23959.8974609375
