scene,frame_count_actual,iteration,delta_norm_mean,delta_norm_p95,delta_norm_max,pose_ate_rmse_aligned,pose_ate_mean_aligned,pose_ate_max_aligned,pose_are_mean_deg_aligned,pose_are_max_deg_aligned,pose_rpe_rot_mean_deg,pose_rpe_trans_mean_aligned,pose_sim3_scale,frame_count_requested,inference_time_ms,peak_cuda_memory_mb
scene0000_00,25,1,1.8327237367630005,2.053664207458496,2.124088764190674,1.1752774995457536,0.657755488035095,5.2775609123893625,9.111803742605254,108.45506572696955,11.090348771632796,0.6907481485802084,2.7285361557590027,25,1757.872608024627,8256.69287109375
scene0000_00,25,2,0.004388006404042244,0.01015384029597044,0.013123013079166412,1.178854834662498,0.6584264519335217,5.295343412977009,8.408548621235969,107.7583599931856,11.073985137660555,0.6940192488877898,2.720181935110449,25,1757.872608024627,8256.69287109375
scene0000_00,25,4,0.0004869433760177344,0.0016076136380434036,0.002278902567923069,1.1791560010416096,0.6580697298880673,5.297826595024402,8.23482999515089,107.56985915325504,11.068837775856968,0.6942892872892973,2.720094559067518,25,1757.872608024627,8256.69287109375
scene0000_00,25,8,0.00029300982714630663,0.0009339511743746698,0.0016374244587495923,1.1795414148460142,0.6576316609624988,5.3009893337406,8.009926721414232,107.25724233977986,11.056608289707006,0.6947007571107617,2.720298698316107,25,1757.872608024627,8256.69287109375
scene0000_00,25,16,0.0001465594832552597,0.00041230471106246114,0.001037374953739345,1.1802563216668247,0.6573587592441412,5.305491578690457,7.760463490060983,106.72230013678046,11.027895821626347,0.6955416585653444,2.7202727740033774,25,1757.872608024627,8256.69287109375
