{
  "scene": "scene0042_02",
  "frame_count_requested": 300.0,
  "frame_count_actual": 300.0,
  "inference_time_ms": 107531.93306922913,
  "image_height": 518.0,
  "image_width": 518.0,
  "pose_ate_rmse_aligned": 0.018006756618678108,
  "pose_ate_mean_aligned": 0.017114692877619013,
  "pose_ate_max_aligned": 0.03440169668412574,
  "pose_are_mean_deg_aligned": 4.510441953617065,
  "pose_are_max_deg_aligned": 5.314880924835264,
  "pose_rpe_rot_mean_deg": 0.1405905638665913,
  "pose_rpe_trans_mean_aligned": 0.002146635760564577,
  "pose_sim3_scale": 1.7999460156956046,
  "depth_absrel_raw": 0.442858022749424,
  "depth_rmse_raw": 0.7534977108240127,
  "depth_absrel_aligned": 0.021693848442907136,
  "depth_rmse_aligned": 0.10443869757155577,
  "depth_delta1_aligned": 0.9842794237227895,
  "depth_median_scale": 1.7946180840333303,
  "depth_valid_frames": 300.0,
  "pcd_pred_depth_pred_pose_points": 200000.0,
  "pcd_pred_depth_pred_pose_chamfer_raw": 0.7113264983930073,
  "pcd_pred_depth_pred_pose_chamfer_aligned": 0.5145735648791245,
  "pcd_pred_depth_pred_pose_bbox_scale": 2.550830964944311,
  "pcd_native_world_points_points": 200000.0,
  "pcd_native_world_points_chamfer_raw": 0.707789312855881,
  "pcd_native_world_points_chamfer_aligned": 0.4610719667310176,
  "pcd_native_world_points_bbox_scale": 2.4298173034524946,
  "pcd_gt_depth_gt_pose_points": 200000.0,
  "pcd_gt_depth_gt_pose_chamfer_raw": 0.25063867133004514,
  "pcd_gt_depth_gt_pose_chamfer_aligned": 0.800881917700486,
  "pcd_gt_depth_gt_pose_bbox_scale": 1.0302040576934814,
  "pcd_pred_depth_gt_pose_points": 200000.0,
  "pcd_pred_depth_gt_pose_chamfer_raw": 0.7429589932048359,
  "pcd_pred_depth_gt_pose_chamfer_aligned": 0.5028481867339982,
  "pcd_pred_depth_gt_pose_bbox_scale": 2.1750848293304443,
  "pcd_gt_depth_pred_pose_points": 200000.0,
  "pcd_gt_depth_pred_pose_chamfer_raw": 0.36445089524714164,
  "pcd_gt_depth_pred_pose_chamfer_aligned": 0.7890118913065234,
  "pcd_gt_depth_pred_pose_bbox_scale": 1.0757455196053975
}