scene,frame_count_actual,iteration,delta_norm_mean,delta_norm_p95,delta_norm_max,pose_ate_rmse_aligned,pose_ate_mean_aligned,pose_ate_max_aligned,pose_are_mean_deg_aligned,pose_are_max_deg_aligned,pose_rpe_rot_mean_deg,pose_rpe_trans_mean_aligned,pose_sim3_scale,frame_count_requested,inference_time_ms,peak_cuda_memory_mb
scene0096_00,500,1,1.8748481273651123,2.0511696338653564,2.073631763458252,0.07763491227221242,0.06801362666914275,0.3027565903103071,2.020618566752556,5.617712429971512,0.4268471334692404,0.01942599899390799,2.1903337155056364,500,260605.60654103756,50877.36328125
scene0096_00,500,2,0.004764057695865631,0.008783146739006042,0.13201819360256195,0.07704288729863053,0.06745672989364772,0.3023091038536748,1.8665035891902513,5.239031813349886,0.42170202212192365,0.019038970865071062,2.1933779137991896,500,260605.60654103756,50877.36328125
scene0096_00,500,4,0.00035939220106229186,0.0006801648996770382,0.004773139487951994,0.07703732129429534,0.0674283731870208,0.30156696788478987,1.8221235555968116,5.185209391064425,0.42000028802728534,0.018933384300258756,2.1943026588679797,500,260605.60654103756,50877.36328125
scene0096_00,500,8,0.0001831985282478854,0.0003699421649798751,0.0017250555101782084,0.07712969637246242,0.06752471833924703,0.30095797362358634,1.7911724022144766,5.159467069353419,0.4204032930832242,0.01891607569291693,2.195254124171491,500,260605.60654103756,50877.36328125
scene0096_00,500,16,7.727208867436275e-05,0.000163328368216753,0.000532236008439213,0.07725351664813103,0.06767111701455829,0.3003574009755243,1.7595954652658643,5.1366440305240175,0.4208960063225596,0.01891821065733509,2.196423248096535,500,260605.60654103756,50877.36328125
