scene,frame_count_actual,iteration,delta_norm_mean,delta_norm_p95,delta_norm_max,pose_ate_rmse_aligned,pose_ate_mean_aligned,pose_ate_max_aligned,pose_are_mean_deg_aligned,pose_are_max_deg_aligned,pose_rpe_rot_mean_deg,pose_rpe_trans_mean_aligned,pose_sim3_scale,frame_count_requested,inference_time_ms,peak_cuda_memory_mb
scene0109_00,25,1,1.8576202392578125,2.0701208114624023,2.159280300140381,0.0448589001197513,0.040483746254169055,0.07628868338763121,2.591359569025753,4.789542321266254,1.7097449459652536,0.04771225372493184,1.961855282204457,25,1401.028506923467,8261.50146484375
scene0109_00,25,2,0.004151688423007727,0.009368926286697388,0.011797773651778698,0.043097213161121875,0.038431340271940694,0.07442988312897335,2.5005936592626985,4.3534772602626335,1.669363801835706,0.04647460499754674,1.9708497951645165,25,1401.028506923467,8261.50146484375
scene0109_00,25,4,0.00032642646692693233,0.0006960712489672005,0.0007499340572394431,0.043286623874322215,0.03853604411461617,0.07489347570948528,2.4795710961789768,4.2383132787643225,1.6652566170861622,0.04662150352755546,1.9717306970562123,25,1401.028506923467,8261.50146484375
scene0109_00,25,8,0.00018356718646828085,0.0003853571251966059,0.00047330677625723183,0.04367580600200253,0.03884882369587216,0.07548482926260208,2.4557856704838286,4.0954636721577184,1.6602244266943993,0.046902687340018144,1.9726647103672905,25,1401.028506923467,8261.50146484375
scene0109_00,25,16,9.260994556825608e-05,0.00019377312855795026,0.00027474743546918035,0.04428468569243575,0.03941345877345625,0.07683854291465636,2.434764099623248,3.9577207221896997,1.6560309467779408,0.04731251713638346,1.9733532286147881,25,1401.028506923467,8261.50146484375
