scene,frame_count_actual,iteration,delta_norm_mean,delta_norm_p95,delta_norm_max,pose_ate_rmse_aligned,pose_ate_mean_aligned,pose_ate_max_aligned,pose_are_mean_deg_aligned,pose_are_max_deg_aligned,pose_rpe_rot_mean_deg,pose_rpe_trans_mean_aligned,pose_sim3_scale,frame_count_requested,inference_time_ms,peak_cuda_memory_mb
scene0056_00,200,1,1.9742431640625,2.3342936038970947,2.3693699836730957,0.1740757727812014,0.15199054204847923,0.4121408347933326,3.3019567581356184,7.405194562070169,0.7490577149025472,0.040689969081311624,3.388285315263487,200,44055.71928014979,23959.8974609375
scene0056_00,200,2,0.0037574502639472485,0.006103792693465948,0.01586076058447361,0.1782485490979847,0.15618882185605007,0.4180397341991753,3.3069033766858102,7.529106497420528,0.7461516706623693,0.04068229316094771,3.3912675281100566,200,44055.71928014979,23959.8974609375
scene0056_00,200,4,0.00028469503740780056,0.0005455956561490893,0.0007199191022664309,0.17870879851726718,0.15675152328224423,0.418700023520278,3.308584026129174,7.542225738733005,0.7457338068333819,0.040696746043492465,3.391774323327322,200,44055.71928014979,23959.8974609375
scene0056_00,200,8,0.00015625142259523273,0.000309463357552886,0.0004175631911493838,0.1794038113486708,0.15755176574064791,0.4197844946678262,3.313079829673739,7.560205026706419,0.7456404555273605,0.04074652804378989,3.392223394245281,200,44055.71928014979,23959.8974609375
scene0056_00,200,16,7.358353468589485e-05,0.00013790145749226213,0.00018160323088523,0.18034647728877404,0.1585623214358615,0.4215257017301242,3.3217279420556935,7.574756336564714,0.7460822089187857,0.04083345296886913,3.392280291354465,200,44055.71928014979,23959.8974609375
