scene,frame_count_actual,iteration,delta_norm_mean,delta_norm_p95,delta_norm_max,pose_ate_rmse_aligned,pose_ate_mean_aligned,pose_ate_max_aligned,pose_are_mean_deg_aligned,pose_are_max_deg_aligned,pose_rpe_rot_mean_deg,pose_rpe_trans_mean_aligned,pose_sim3_scale,frame_count_requested,inference_time_ms,peak_cuda_memory_mb
scene0029_01,25,1,1.7674156427383423,1.8152213096618652,1.8350005149841309,0.037190858916143425,0.03401351751842216,0.06590380880545582,4.899432367343176,6.075417053218366,1.5170616725101704,0.036812849352957845,0.9886126441755668,25,1401.136961299926,8261.50146484375
scene0029_01,25,2,0.0047130463644862175,0.010439268313348293,0.011144330725073814,0.038030459523624084,0.03497005514811932,0.0676943274655111,5.166458865409936,6.3067150149151905,1.5427390143114483,0.037680853930691385,0.9952039676026363,25,1401.136961299926,8261.50146484375
scene0029_01,25,4,0.00033542769961059093,0.0006544659845530987,0.0007265830063261092,0.03809598744439882,0.03501391491381374,0.06779673818433218,5.179757927353142,6.323404918587116,1.5448861059480077,0.037811084954747325,0.9960433093483292,25,1401.136961299926,8261.50146484375
scene0029_01,25,8,0.0001606749719940126,0.00030913608497940004,0.0003432350349612534,0.03817602625006857,0.03507028918442982,0.06791558217365987,5.191865134352595,6.339158774313898,1.5472528671847234,0.037943653910601116,0.9969042433558345,25,1401.136961299926,8261.50146484375
scene0029_01,25,16,6.75250485073775e-05,0.00013296949327923357,0.0001368251978419721,0.038261296380305766,0.03513587217174079,0.06805007676381605,5.202225071163485,6.354451004592109,1.5489103098707713,0.03805223955299685,0.9975322146096374,25,1401.136961299926,8261.50146484375
