scene,frame_count_actual,iteration,delta_norm_mean,delta_norm_p95,delta_norm_max,pose_ate_rmse_aligned,pose_ate_mean_aligned,pose_ate_max_aligned,pose_are_mean_deg_aligned,pose_are_max_deg_aligned,pose_rpe_rot_mean_deg,pose_rpe_trans_mean_aligned,pose_sim3_scale,frame_count_requested,inference_time_ms,peak_cuda_memory_mb
scene0029_01,25,4,0.00033542769961059093,0.0006544659845530987,0.0007265830063261092,0.03809598744439882,0.03501391491381374,0.06779673818433218,5.179757927353142,6.323404918587116,1.5448861059480077,0.037811084954747325,0.9960433093483292,25,1389.9600799195468,8261.50146484375
