{
  "scene": "scene0013_02",
  "frame_count_requested": 400.0,
  "frame_count_actual": 400.0,
  "inference_time_ms": 189559.48638916016,
  "image_height": 518.0,
  "image_width": 518.0,
  "pose_ate_rmse_aligned": 0.0305840015193705,
  "pose_ate_mean_aligned": 0.026198892544870088,
  "pose_ate_max_aligned": 0.07649577708282644,
  "pose_are_mean_deg_aligned": 2.2124310487092096,
  "pose_are_max_deg_aligned": 3.245839467348299,
  "pose_rpe_rot_mean_deg": 0.13385754204787398,
  "pose_rpe_trans_mean_aligned": 0.0032903277867559993,
  "pose_sim3_scale": 2.028822827260015,
  "depth_absrel_raw": 0.5287698529660702,
  "depth_rmse_raw": 1.3550459280610085,
  "depth_absrel_aligned": 0.022869572690688074,
  "depth_rmse_aligned": 0.25478610569611193,
  "depth_delta1_aligned": 0.9828932363360893,
  "depth_median_scale": 2.1165363574028015,
  "depth_valid_frames": 400.0,
  "pcd_pred_depth_pred_pose_points": 200000.0,
  "pcd_pred_depth_pred_pose_chamfer_raw": 0.7876053168742476,
  "pcd_pred_depth_pred_pose_chamfer_aligned": 0.321232883079249,
  "pcd_pred_depth_pred_pose_bbox_scale": 1.2656642491011056,
  "pcd_native_world_points_points": 200000.0,
  "pcd_native_world_points_chamfer_raw": 0.7873032154226967,
  "pcd_native_world_points_chamfer_aligned": 0.3237905642311101,
  "pcd_native_world_points_bbox_scale": 1.2798706639059012,
  "pcd_gt_depth_gt_pose_points": 200000.0,
  "pcd_gt_depth_gt_pose_chamfer_raw": 0.1541559918014901,
  "pcd_gt_depth_gt_pose_chamfer_aligned": 0.3678868272340379,
  "pcd_gt_depth_gt_pose_bbox_scale": 0.6496725678443909,
  "pcd_pred_depth_gt_pose_points": 200000.0,
  "pcd_pred_depth_gt_pose_chamfer_raw": 0.838924878154868,
  "pcd_pred_depth_gt_pose_chamfer_aligned": 0.28236009243854754,
  "pcd_pred_depth_gt_pose_bbox_scale": 1.1188204288482666,
  "pcd_gt_depth_pred_pose_points": 200000.0,
  "pcd_gt_depth_pred_pose_chamfer_raw": 0.2702728656455622,
  "pcd_gt_depth_pred_pose_chamfer_aligned": 0.31492223344333364,
  "pcd_gt_depth_pred_pose_bbox_scale": 0.6798106256219146
}