scene,frame_count_actual,iteration,delta_norm_mean,delta_norm_p95,delta_norm_max,pose_ate_rmse_aligned,pose_ate_mean_aligned,pose_ate_max_aligned,pose_are_mean_deg_aligned,pose_are_max_deg_aligned,pose_rpe_rot_mean_deg,pose_rpe_trans_mean_aligned,pose_sim3_scale,frame_count_requested,inference_time_ms,peak_cuda_memory_mb
scene0109_00,100,1,1.8535572290420532,2.0767176151275635,2.1479642391204834,0.050579478053429446,0.044097815286998666,0.13137659348766212,2.868599150976651,5.71460495620984,0.7758704430379721,0.026624518581348573,1.9839733502162789,100,12624.569664243609,14986.95654296875
scene0109_00,100,2,0.00439893314614892,0.01243891566991806,0.020046334713697433,0.04953026093167229,0.04258494374012905,0.12234928005090419,2.663618281454106,5.34157945719348,0.7555323354048037,0.026705847695811816,1.997152107905422,100,12624.569664243609,14986.95654296875
scene0109_00,100,4,0.00034708392922766507,0.0006458891439251602,0.0014541171258315444,0.049708177225078976,0.04270050905558234,0.1199593106541238,2.606388997888096,5.266127230259842,0.7543385811681516,0.026781534736825992,1.9985941808026622,100,12624.569664243609,14986.95654296875
scene0109_00,100,8,0.00019276401144452393,0.0003570349363144487,0.0008556185639463365,0.05006434551379516,0.04305001359655245,0.11681417268000877,2.53633882059007,5.171150838450303,0.7530925808897273,0.026890259154108562,2.0001944081856244,100,12624.569664243609,14986.95654296875
scene0109_00,100,16,9.123339259531349e-05,0.0001921666698763147,0.0003904635668732226,0.05062020050729248,0.0436211457523919,0.11360500772429569,2.4681859241851103,5.0735618519352474,0.752682883588339,0.02700997678165585,2.001485122072869,100,12624.569664243609,14986.95654296875
