{
  "scene": "scene0042_02",
  "frame_count_requested": 500.0,
  "frame_count_actual": 500.0,
  "inference_time_ms": 297178.93838882446,
  "image_height": 518.0,
  "image_width": 518.0,
  "pose_ate_rmse_aligned": 0.030621710698070122,
  "pose_ate_mean_aligned": 0.027879861964354036,
  "pose_ate_max_aligned": 0.06106884332004708,
  "pose_are_mean_deg_aligned": 2.2356057995144605,
  "pose_are_max_deg_aligned": 3.7628330239567154,
  "pose_rpe_rot_mean_deg": 0.17635980071490295,
  "pose_rpe_trans_mean_aligned": 0.003359139774453324,
  "pose_sim3_scale": 1.9364324315051882,
  "depth_absrel_raw": 0.49491195994615556,
  "depth_rmse_raw": 0.887051950097084,
  "depth_absrel_aligned": 0.020366085266694426,
  "depth_rmse_aligned": 0.09893588550388813,
  "depth_delta1_aligned": 0.9860175558329312,
  "depth_median_scale": 1.9799171719551087,
  "depth_valid_frames": 500.0,
  "pcd_pred_depth_pred_pose_points": 200000.0,
  "pcd_pred_depth_pred_pose_chamfer_raw": 0.7768002185391107,
  "pcd_pred_depth_pred_pose_chamfer_aligned": 0.4644864190431395,
  "pcd_pred_depth_pred_pose_bbox_scale": 2.4742302319059895,
  "pcd_native_world_points_points": 200000.0,
  "pcd_native_world_points_chamfer_raw": 0.7736428857813533,
  "pcd_native_world_points_chamfer_aligned": 0.5253953315056422,
  "pcd_native_world_points_bbox_scale": 2.410159575117118,
  "pcd_gt_depth_gt_pose_points": 200000.0,
  "pcd_gt_depth_gt_pose_chamfer_raw": 0.17132984830372114,
  "pcd_gt_depth_gt_pose_chamfer_aligned": 0.7371924812212941,
  "pcd_gt_depth_gt_pose_bbox_scale": 0.9206412434577942,
  "pcd_pred_depth_gt_pose_points": 200000.0,
  "pcd_pred_depth_gt_pose_chamfer_raw": 0.7882943834503693,
  "pcd_pred_depth_gt_pose_chamfer_aligned": 0.41552696808482725,
  "pcd_pred_depth_gt_pose_bbox_scale": 2.1694815158843994,
  "pcd_gt_depth_pred_pose_points": 200000.0,
  "pcd_gt_depth_pred_pose_chamfer_raw": 0.29559424619595986,
  "pcd_gt_depth_pred_pose_chamfer_aligned": 0.7166711736072322,
  "pcd_gt_depth_pred_pose_bbox_scale": 0.9070591050844649
}