scene,frame_count_actual,iteration,delta_norm_mean,delta_norm_p95,delta_norm_max,pose_ate_rmse_aligned,pose_ate_mean_aligned,pose_ate_max_aligned,pose_are_mean_deg_aligned,pose_are_max_deg_aligned,pose_rpe_rot_mean_deg,pose_rpe_trans_mean_aligned,pose_sim3_scale,frame_count_requested,inference_time_ms,peak_cuda_memory_mb
scene0071_00,50,1,1.8981393575668335,2.0904276371002197,2.0986521244049072,0.08352997658531107,0.07002897549352995,0.23737674136754972,5.281359605823355,9.157558736883571,1.0138742155045453,0.055595144048186884,3.176710056880207,50,3960.403570905328,10500.89208984375
scene0071_00,50,2,0.006108298432081938,0.012866581790149212,0.015124259516596794,0.08818976394098646,0.07310440573113355,0.2645154686185799,5.361180127484366,9.08523098922205,0.9945812869353593,0.05705370191703079,3.193239412191466,50,3960.403570905328,10500.89208984375
scene0071_00,50,4,0.0003717109502758831,0.0008536090608686209,0.0012470472138375044,0.0913220870353989,0.07518288355166544,0.27633812306424543,5.381984505016691,9.017995486129026,0.9900003423693439,0.05767305710283654,3.1988273612535782,50,3960.403570905328,10500.89208984375
scene0071_00,50,8,0.0001472518633818254,0.00035332608968019485,0.00041193561628460884,0.09230701358297189,0.07578324136719207,0.2806267388597784,5.395807804768541,9.008702404874988,0.9890073020489535,0.05781802480465861,3.200549772333965,50,3960.403570905328,10500.89208984375
scene0071_00,50,16,6.284843402681872e-05,0.0001443572691641748,0.00015262777742464095,0.0930324498762752,0.07618099295826514,0.2844518370226328,5.416558036463797,9.010128856243663,0.9880870197278142,0.05794192209292395,3.2018297646368743,50,3960.403570905328,10500.89208984375
