{
  "scene": "scene0000_00",
  "frame_count_requested": 400.0,
  "frame_count_actual": 400.0,
  "inference_time_ms": 189576.34949684143,
  "image_height": 518.0,
  "image_width": 518.0,
  "pose_ate_rmse_aligned": 0.037822179823034166,
  "pose_ate_mean_aligned": 0.03394871245841782,
  "pose_ate_max_aligned": 0.08045353824352677,
  "pose_are_mean_deg_aligned": 1.8343770113085986,
  "pose_are_max_deg_aligned": 3.522695017288712,
  "pose_rpe_rot_mean_deg": 0.17805005246403566,
  "pose_rpe_trans_mean_aligned": 0.0039450990940484345,
  "pose_sim3_scale": 2.106660182515861,
  "depth_absrel_raw": 0.5340213738381863,
  "depth_rmse_raw": 1.0838133181631564,
  "depth_absrel_aligned": 0.014630797770805656,
  "depth_rmse_aligned": 0.057522862288169566,
  "depth_delta1_aligned": 0.9964712903093033,
  "depth_median_scale": 2.1446327859163286,
  "depth_valid_frames": 400.0,
  "pcd_pred_depth_pred_pose_points": 200000.0,
  "pcd_pred_depth_pred_pose_chamfer_raw": 0.9997895465531385,
  "pcd_pred_depth_pred_pose_chamfer_aligned": 0.7770846813851213,
  "pcd_pred_depth_pred_pose_bbox_scale": 4.588452406740857,
  "pcd_native_world_points_points": 200000.0,
  "pcd_native_world_points_chamfer_raw": 0.9997357866022643,
  "pcd_native_world_points_chamfer_aligned": 0.7847291400788103,
  "pcd_native_world_points_bbox_scale": 4.5525862090884095,
  "pcd_gt_depth_gt_pose_points": 200000.0,
  "pcd_gt_depth_gt_pose_chamfer_raw": 0.47725064633343933,
  "pcd_gt_depth_gt_pose_chamfer_aligned": 0.7679586637501855,
  "pcd_gt_depth_gt_pose_bbox_scale": 2.1032674312591553,
  "pcd_pred_depth_gt_pose_points": 200000.0,
  "pcd_pred_depth_gt_pose_chamfer_raw": 0.9782572965637943,
  "pcd_pred_depth_gt_pose_chamfer_aligned": 0.6960483674629891,
  "pcd_pred_depth_gt_pose_bbox_scale": 3.8656859397888184,
  "pcd_gt_depth_pred_pose_points": 200000.0,
  "pcd_gt_depth_pred_pose_chamfer_raw": 0.5327225683683383,
  "pcd_gt_depth_pred_pose_chamfer_aligned": 0.7297406398089352,
  "pcd_gt_depth_pred_pose_bbox_scale": 2.04392172153663
}