scene,frame_count_actual,iteration,delta_norm_mean,delta_norm_p95,delta_norm_max,pose_ate_rmse_aligned,pose_ate_mean_aligned,pose_ate_max_aligned,pose_are_mean_deg_aligned,pose_are_max_deg_aligned,pose_rpe_rot_mean_deg,pose_rpe_trans_mean_aligned,pose_sim3_scale,frame_count_requested,inference_time_ms,peak_cuda_memory_mb
scene0084_01,100,1,1.8752315044403076,2.296008348464966,2.3377792835235596,0.06000517637517905,0.055461753502716045,0.10433263728913349,1.3908646664652746,2.8330754043742763,0.7290417404694107,0.03430221598919653,2.0963177166267446,100,12635.683723725379,14986.95654296875
scene0084_01,100,2,0.0021537092979997396,0.0034423198085278273,0.004295126534998417,0.06067920955394283,0.056065502129212526,0.10566236851081083,1.5041573155768264,2.8825741356201267,0.7273755236374744,0.03406215736131734,2.096100831417479,100,12635.683723725379,14986.95654296875
scene0084_01,100,4,0.0001883464865386486,0.0003541747573763132,0.0004476088797673583,0.06077219032452133,0.056149634238493354,0.10570909841645448,1.5286179357833027,2.897403890179545,0.7275878443184515,0.034047768086059006,2.0961372560899787,100,12635.683723725379,14986.95654296875
scene0084_01,100,8,0.00010565682896412909,0.00020651065278798342,0.00033518049167469144,0.060968066119484306,0.056333875042363514,0.10577680196373955,1.5621182203535202,2.9372758513925867,0.7282745965171284,0.034067513077620196,2.0961481258511943,100,12635.683723725379,14986.95654296875
scene0084_01,100,16,4.896446262137033e-05,0.00010727103654062375,0.0002097526448778808,0.06125354959739181,0.056610179563568445,0.10579979054571985,1.598920477282032,2.998847614513327,0.7293937521868442,0.03413311716084229,2.0961350442365334,100,12635.683723725379,14986.95654296875
