{
  "scene": "scene0056_00",
  "frame_count_requested": 300.0,
  "frame_count_actual": 300.0,
  "inference_time_ms": 107721.36735916138,
  "image_height": 518.0,
  "image_width": 518.0,
  "pose_ate_rmse_aligned": 0.08036501795148107,
  "pose_ate_mean_aligned": 0.07418864428899531,
  "pose_ate_max_aligned": 0.14541790246650368,
  "pose_are_mean_deg_aligned": 12.841278538231718,
  "pose_are_max_deg_aligned": 15.008630845097413,
  "pose_rpe_rot_mean_deg": 0.1822860952632507,
  "pose_rpe_trans_mean_aligned": 0.005456176652935082,
  "pose_sim3_scale": 3.2971831503400577,
  "depth_absrel_raw": 0.6866091312964757,
  "depth_rmse_raw": 2.1507146191596984,
  "depth_absrel_aligned": 0.04148724937190612,
  "depth_rmse_aligned": 0.2674395754436652,
  "depth_delta1_aligned": 0.9697394254831202,
  "depth_median_scale": 3.1588172856966654,
  "depth_valid_frames": 300.0,
  "pcd_pred_depth_pred_pose_points": 200000.0,
  "pcd_pred_depth_pred_pose_chamfer_raw": 0.9999986230647537,
  "pcd_pred_depth_pred_pose_chamfer_aligned": 0.48196818412162357,
  "pcd_pred_depth_pred_pose_bbox_scale": 3.365156705288659,
  "pcd_native_world_points_points": 200000.0,
  "pcd_native_world_points_chamfer_raw": 0.9999993225511237,
  "pcd_native_world_points_chamfer_aligned": 0.5040025665043948,
  "pcd_native_world_points_bbox_scale": 3.4149419981094695,
  "pcd_gt_depth_gt_pose_points": 200000.0,
  "pcd_gt_depth_gt_pose_chamfer_raw": 0.2840610806320094,
  "pcd_gt_depth_gt_pose_chamfer_aligned": 0.44031990524552844,
  "pcd_gt_depth_gt_pose_bbox_scale": 0.9785399436950684,
  "pcd_pred_depth_gt_pose_points": 200000.0,
  "pcd_pred_depth_gt_pose_chamfer_raw": 0.9975833932952661,
  "pcd_pred_depth_gt_pose_chamfer_aligned": 0.4389095555575316,
  "pcd_pred_depth_gt_pose_bbox_scale": 2.8308980464935303,
  "pcd_gt_depth_pred_pose_points": 200000.0,
  "pcd_gt_depth_pred_pose_chamfer_raw": 0.43450548776400755,
  "pcd_gt_depth_pred_pose_chamfer_aligned": 0.42683250749843304,
  "pcd_gt_depth_pred_pose_bbox_scale": 0.9195829066846843
}