{
  "scene": "scene0056_00",
  "frame_count_requested": 100.0,
  "frame_count_actual": 100.0,
  "inference_time_ms": 14719.407796859741,
  "image_height": 518.0,
  "image_width": 518.0,
  "pose_ate_rmse_aligned": 0.03109894704969193,
  "pose_ate_mean_aligned": 0.028978974295533935,
  "pose_ate_max_aligned": 0.05062397022082945,
  "pose_are_mean_deg_aligned": 39.85537888286171,
  "pose_are_max_deg_aligned": 40.70354908628518,
  "pose_rpe_rot_mean_deg": 0.12091420940261911,
  "pose_rpe_trans_mean_aligned": 0.004137224360599751,
  "pose_sim3_scale": 4.373703679075789,
  "depth_absrel_raw": 0.6482436394691468,
  "depth_rmse_raw": 1.784917106628418,
  "depth_absrel_aligned": 0.03206298798322678,
  "depth_rmse_aligned": 0.16335193172097207,
  "depth_delta1_aligned": 0.980960904553232,
  "depth_median_scale": 2.789488651752472,
  "depth_valid_frames": 100.0,
  "pcd_pred_depth_pred_pose_points": 200000.0,
  "pcd_pred_depth_pred_pose_chamfer_raw": 1.0,
  "pcd_pred_depth_pred_pose_chamfer_aligned": 0.6823493569597949,
  "pcd_pred_depth_pred_pose_bbox_scale": 4.469361809661418,
  "pcd_native_world_points_points": 200000.0,
  "pcd_native_world_points_chamfer_raw": 0.9999994970493727,
  "pcd_native_world_points_chamfer_aligned": 0.679915934624683,
  "pcd_native_world_points_bbox_scale": 4.357710601498035,
  "pcd_gt_depth_gt_pose_points": 200000.0,
  "pcd_gt_depth_gt_pose_chamfer_raw": 0.49967534709638234,
  "pcd_gt_depth_gt_pose_chamfer_aligned": 0.6052018325863999,
  "pcd_gt_depth_gt_pose_bbox_scale": 1.411909580230713,
  "pcd_pred_depth_gt_pose_points": 200000.0,
  "pcd_pred_depth_gt_pose_chamfer_raw": 1.0,
  "pcd_pred_depth_gt_pose_chamfer_aligned": 0.6439130572910339,
  "pcd_pred_depth_gt_pose_bbox_scale": 4.120441913604736,
  "pcd_gt_depth_pred_pose_points": 200000.0,
  "pcd_gt_depth_pred_pose_chamfer_raw": 0.5042896958167166,
  "pcd_gt_depth_pred_pose_chamfer_aligned": 0.5672691205035636,
  "pcd_gt_depth_pred_pose_bbox_scale": 1.4341694239327945
}