scene,frame_count_actual,iteration,delta_norm_mean,delta_norm_p95,delta_norm_max,pose_ate_rmse_aligned,pose_ate_mean_aligned,pose_ate_max_aligned,pose_are_mean_deg_aligned,pose_are_max_deg_aligned,pose_rpe_rot_mean_deg,pose_rpe_trans_mean_aligned,pose_sim3_scale,frame_count_requested,inference_time_ms,peak_cuda_memory_mb
scene0000_00,100,1,1.8707880973815918,2.123018741607666,2.2611072063446045,0.1947368985933545,0.15672064790401097,0.8269156743389094,3.2439591625233883,16.68554198845859,2.4400426806305715,0.12690845478263674,3.4589157489130358,100,12484.741255640984,14989.919921875
scene0000_00,100,2,0.005526240915060043,0.014043988659977913,0.020853616297245026,0.18710883499327496,0.14953744418447107,0.8302603206125193,3.3377994623227414,17.131884000183298,2.4269876363769414,0.12289746485858949,3.4656045259131254,100,12484.741255640984,14989.919921875
scene0000_00,100,4,0.00044155202340334654,0.001489134505391121,0.0029477165080606937,0.18637280645520551,0.1486136365680244,0.8326139172321533,3.362996426895043,17.18671565329014,2.4303414064671305,0.12209849638111105,3.4669735298856286,100,12484.741255640984,14989.919921875
scene0000_00,100,8,0.0002732186112552881,0.0009839599952101707,0.0018223891966044903,0.18554201719594382,0.1474320928368789,0.8357371687297346,3.3999501639584757,17.26565019965783,2.438228465720864,0.12107748390060594,3.46867755780013,100,12484.741255640984,14989.919921875
scene0000_00,100,16,0.0001375989377265796,0.0005198118160478771,0.0008935658261179924,0.18489893489744028,0.14626795529490152,0.8389216177211535,3.444851409834302,17.366201024460096,2.453927996237589,0.11999684973056195,3.4704084947952962,100,12484.741255640984,14989.919921875
