{
  "scene": "scene0013_02",
  "frame_count_requested": 100.0,
  "frame_count_actual": 100.0,
  "inference_time_ms": 14703.136444091797,
  "image_height": 518.0,
  "image_width": 518.0,
  "pose_ate_rmse_aligned": 0.01006794788993404,
  "pose_ate_mean_aligned": 0.009298359088630031,
  "pose_ate_max_aligned": 0.024432718843851457,
  "pose_are_mean_deg_aligned": 0.9958978750070855,
  "pose_are_max_deg_aligned": 1.655774906011035,
  "pose_rpe_rot_mean_deg": 0.10202707874988054,
  "pose_rpe_trans_mean_aligned": 0.002542726148589768,
  "pose_sim3_scale": 2.1324959124627236,
  "depth_absrel_raw": 0.5414692598581314,
  "depth_rmse_raw": 1.3161262583732605,
  "depth_absrel_aligned": 0.023967134691774847,
  "depth_rmse_aligned": 0.24015289090573788,
  "depth_delta1_aligned": 0.9812694932580897,
  "depth_median_scale": 2.1764973974227906,
  "depth_valid_frames": 100.0,
  "pcd_pred_depth_pred_pose_points": 200000.0,
  "pcd_pred_depth_pred_pose_chamfer_raw": 0.7836451498024265,
  "pcd_pred_depth_pred_pose_chamfer_aligned": 0.4046726449766221,
  "pcd_pred_depth_pred_pose_bbox_scale": 1.553244501516387,
  "pcd_native_world_points_points": 200000.0,
  "pcd_native_world_points_chamfer_raw": 0.7825777807900083,
  "pcd_native_world_points_chamfer_aligned": 0.3896031204760032,
  "pcd_native_world_points_bbox_scale": 1.4959634672179083,
  "pcd_gt_depth_gt_pose_points": 200000.0,
  "pcd_gt_depth_gt_pose_chamfer_raw": 0.33602055768280226,
  "pcd_gt_depth_gt_pose_chamfer_aligned": 0.5892873087886996,
  "pcd_gt_depth_gt_pose_bbox_scale": 0.7732483744621277,
  "pcd_pred_depth_gt_pose_points": 200000.0,
  "pcd_pred_depth_gt_pose_chamfer_raw": 0.8256910626110212,
  "pcd_pred_depth_gt_pose_chamfer_aligned": 0.36064821577307615,
  "pcd_pred_depth_gt_pose_bbox_scale": 1.511378526687622,
  "pcd_gt_depth_pred_pose_points": 200000.0,
  "pcd_gt_depth_pred_pose_chamfer_raw": 0.3860066325133707,
  "pcd_gt_depth_pred_pose_chamfer_aligned": 0.48910921189246526,
  "pcd_gt_depth_pred_pose_bbox_scale": 0.7822484809835373
}