scene,frame_count_actual,iteration,delta_norm_mean,delta_norm_p95,delta_norm_max,pose_ate_rmse_aligned,pose_ate_mean_aligned,pose_ate_max_aligned,pose_are_mean_deg_aligned,pose_are_max_deg_aligned,pose_rpe_rot_mean_deg,pose_rpe_trans_mean_aligned,pose_sim3_scale,frame_count_requested,inference_time_ms,peak_cuda_memory_mb
scene0013_02,500,1,1.9508508443832397,2.2166953086853027,2.277529716491699,0.04646175576072291,0.039906466729948575,0.3851131138259828,1.7741442473406488,7.916820126975312,0.28568108753583343,0.012588044282629794,2.4324881284492608,500,260677.47457697988,50877.36328125
scene0013_02,500,2,0.005345483776181936,0.011257622390985489,0.26445436477661133,0.0516883019343383,0.04156014789367526,0.6130094774774081,1.819958860828052,12.381260737601272,0.30549633146586247,0.013324383174012945,2.4399259978264345,500,260677.47457697988,50877.36328125
scene0013_02,500,4,0.0005701752961613238,0.0006553958519361913,0.1281900852918625,0.04544112260051886,0.04150723558033768,0.2165523449871125,1.8456061947268434,4.73551822079644,0.27026310975490453,0.011755038015699838,2.443025278842619,500,260677.47457697988,50877.36328125
scene0013_02,500,8,0.00016264920122921467,0.0003434584941715002,0.004427546169608831,0.04498745841829235,0.04153268462102682,0.14832844852437804,1.8578442524982834,4.083385591224578,0.2660510565280358,0.011500835761779793,2.443873309794835,500,260677.47457697988,50877.36328125
scene0013_02,500,16,7.075045868987218e-05,0.00018124056805390865,0.0012693998869508505,0.04500178240629334,0.04169518529021501,0.12570364663338976,1.871240870817723,3.9761819384162713,0.2654416846312916,0.011448364589689607,2.4445368418441746,500,260677.47457697988,50877.36328125
