scene,frame_count_actual,iteration,delta_norm_mean,delta_norm_p95,delta_norm_max,pose_ate_rmse_aligned,pose_ate_mean_aligned,pose_ate_max_aligned,pose_are_mean_deg_aligned,pose_are_max_deg_aligned,pose_rpe_rot_mean_deg,pose_rpe_trans_mean_aligned,pose_sim3_scale,frame_count_requested,inference_time_ms,peak_cuda_memory_mb
scene0071_00,200,1,1.9055513143539429,2.0882511138916016,2.103783130645752,0.08729935000081214,0.07486723533819624,0.21735808905200588,5.585587704642122,10.167285041024218,0.5539502362973194,0.03035658840459817,3.1807476006674777,200,44022.996304091066,23959.8974609375
scene0071_00,200,2,0.006005823612213135,0.013911014422774315,0.015303418040275574,0.091380624913792,0.07736065601029074,0.24552727897694598,5.687602170588093,10.021479415450585,0.551570985908483,0.030899274609479454,3.1972412315676824,200,44022.996304091066,23959.8974609375
scene0071_00,200,4,0.00040740170516073704,0.0011425931006669998,0.0016270964406430721,0.09382457520435919,0.07863525602525605,0.2551043812560247,5.7279591881574285,9.947156733233179,0.5503444014389245,0.031021600574619945,3.203596140180258,200,44022.996304091066,23959.8974609375
scene0071_00,200,8,0.0001696800027275458,0.0004662023566197604,0.0005123965675011277,0.09476180771480038,0.07908730130133536,0.25935914552095923,5.754094598987637,9.940968266799834,0.550023085991232,0.031083907883392367,3.205963543596075,200,44022.996304091066,23959.8974609375
scene0071_00,200,16,7.314674439840019e-05,0.00019189903105143458,0.0002291119162691757,0.09553282906218598,0.07941010024636584,0.26347636594647356,5.788999450151441,9.943820066348962,0.5497687163474105,0.031170984648422956,3.2078853802031295,200,44022.996304091066,23959.8974609375
