scene,frame_count_actual,iteration,delta_norm_mean,delta_norm_p95,delta_norm_max,pose_ate_rmse_aligned,pose_ate_mean_aligned,pose_ate_max_aligned,pose_are_mean_deg_aligned,pose_are_max_deg_aligned,pose_rpe_rot_mean_deg,pose_rpe_trans_mean_aligned,pose_sim3_scale,frame_count_requested,inference_time_ms,peak_cuda_memory_mb
scene0013_02,25,1,1.9484058618545532,2.2160890102386475,2.274871587753296,0.04570885218691293,0.0419024249912173,0.08904581505667092,1.6788127913071902,3.4289652434151767,1.1648740978759125,0.039702680745613374,2.3813819103043397,25,1400.9792832657695,8261.50146484375
scene0013_02,25,2,0.005400155205279589,0.011375950649380684,0.013621799647808075,0.04489064438089386,0.04175319157893965,0.07449729542854248,1.723890344493973,3.4221819423369415,1.154840190774935,0.03940305638655905,2.388933596306367,25,1400.9792832657695,8261.50146484375
scene0013_02,25,4,0.00037980597699061036,0.0007341823657043278,0.0008179928991012275,0.04495221125415938,0.04187024174359017,0.0736396761602698,1.7334531034501202,3.4132904844340217,1.1523216628265252,0.039449332046885895,2.3899196086585293,25,1400.9792832657695,8261.50146484375
scene0013_02,25,8,0.00018225183885078877,0.00040236880886368454,0.00046770955668762326,0.045053231973329055,0.04203597097059996,0.0729511508284034,1.7459844526766104,3.404377421986629,1.1490254365096264,0.0394867563668704,2.390823047956115,25,1400.9792832657695,8261.50146484375
scene0013_02,25,16,8.114451338769868e-05,0.00022028156672604382,0.000247875606874004,0.04525885460241125,0.042295257493747726,0.07369513012891347,1.7583206411883043,3.3993263109726386,1.1448663212304144,0.03955484850237485,2.3914625376981333,25,1400.9792832657695,8261.50146484375
