scene,frame_count_actual,iteration,delta_norm_mean,delta_norm_p95,delta_norm_max,pose_ate_rmse_aligned,pose_ate_mean_aligned,pose_ate_max_aligned,pose_are_mean_deg_aligned,pose_are_max_deg_aligned,pose_rpe_rot_mean_deg,pose_rpe_trans_mean_aligned,pose_sim3_scale,frame_count_requested,inference_time_ms,peak_cuda_memory_mb
scene0000_00,200,1,1.862502098083496,2.119757890701294,2.296365737915039,0.20307181224224166,0.1707681502751907,0.6353366734281541,3.564778038980046,20.583704351943254,2.037811572390273,0.10548940755317456,3.498019089525166,200,43908.05634204298,23960.26123046875
scene0000_00,200,2,0.006585713010281324,0.017598120495676994,0.05740588530898094,0.1940142565083517,0.1626636606397341,0.646280641015514,3.6778776241533926,20.708580759281904,2.013958847879863,0.10105336575301685,3.5056888704037057,200,43908.05634204298,23960.26123046875
scene0000_00,200,4,0.0005219277809374034,0.0016225444851443172,0.004306982271373272,0.19329888092690603,0.1620208726232077,0.6497327066646053,3.711202763692297,20.715494379251975,2.012253589529071,0.1007679087908456,3.507415679594832,200,43908.05634204298,23960.26123046875
scene0000_00,200,8,0.0003099717141594738,0.0009749624878168106,0.002569202333688736,0.19264976414842652,0.16148433720883662,0.6540906162549608,3.760103598108957,20.72352755607465,2.011200065758794,0.10069685525404695,3.509534873670674,200,43908.05634204298,23960.26123046875
scene0000_00,200,16,0.0001496188051532954,0.0004968008142895997,0.0012270661536604166,0.1924510471437254,0.1613052643529054,0.6583212584013485,3.821581247764154,20.73067088823156,2.012459519341363,0.10100998061115488,3.511739199917678,200,43908.05634204298,23960.26123046875
