scene,frame_count_actual,iteration,delta_norm_mean,delta_norm_p95,delta_norm_max,pose_ate_rmse_aligned,pose_ate_mean_aligned,pose_ate_max_aligned,pose_are_mean_deg_aligned,pose_are_max_deg_aligned,pose_rpe_rot_mean_deg,pose_rpe_trans_mean_aligned,pose_sim3_scale,frame_count_requested,inference_time_ms,peak_cuda_memory_mb
scene0000_00,200,4,0.0005219277809374034,0.0016225444851443172,0.004306982271373272,0.19329888092690603,0.1620208726232077,0.6497327066646053,3.711202763692297,20.715494379251975,2.012253589529071,0.1007679087908456,3.507415679594832,200,43929.467864800245,23960.26123046875
