scene,frame_count_actual,iteration,delta_norm_mean,delta_norm_p95,delta_norm_max,pose_ate_rmse_aligned,pose_ate_mean_aligned,pose_ate_max_aligned,pose_are_mean_deg_aligned,pose_are_max_deg_aligned,pose_rpe_rot_mean_deg,pose_rpe_trans_mean_aligned,pose_sim3_scale,frame_count_requested,inference_time_ms,peak_cuda_memory_mb
scene0691_00,500,4,0.0005409402656368911,0.000875862839166075,0.0013895987067371607,0.1335507491732786,0.11857599450582355,0.3678703605580869,4.458770964581734,9.682373725000899,0.8755804946930186,0.04014622389808269,3.014359878296085,500,260169.65577472,50877.36328125
