scene,frame_count_actual,iteration,delta_norm_mean,delta_norm_p95,delta_norm_max,pose_ate_rmse_aligned,pose_ate_mean_aligned,pose_ate_max_aligned,pose_are_mean_deg_aligned,pose_are_max_deg_aligned,pose_rpe_rot_mean_deg,pose_rpe_trans_mean_aligned,pose_sim3_scale,frame_count_requested,inference_time_ms,peak_cuda_memory_mb
scene0029_01,200,4,0.00028147344710305333,0.0005054055945947766,0.0006564807263202965,0.03370179927967586,0.028388541593844324,0.09228481273582527,4.617724538857547,5.894081728798191,0.535330739040529,0.012640787500080812,0.9643703330973072,200,44533.676696009934,23959.8974609375
