scene,frame_count_actual,iteration,delta_norm_mean,delta_norm_p95,delta_norm_max,pose_ate_rmse_aligned,pose_ate_mean_aligned,pose_ate_max_aligned,pose_are_mean_deg_aligned,pose_are_max_deg_aligned,pose_rpe_rot_mean_deg,pose_rpe_trans_mean_aligned,pose_sim3_scale,frame_count_requested,inference_time_ms,peak_cuda_memory_mb
scene0084_01,50,1,1.876802921295166,2.2946934700012207,2.3343663215637207,0.06125900686722777,0.05593739830661848,0.10531667596672951,1.590367903235795,3.367068155000047,0.8921914320786628,0.0438731094136538,2.0885235207864077,50,3956.125244963914,10500.89208984375
scene0084_01,50,2,0.0016094048041850328,0.002649304922670126,0.0030177184380590916,0.061435663261406974,0.05611106664837106,0.1062021734065844,1.6897837025638696,3.5311442297209292,0.9021379768329312,0.0435540343022799,2.0883805998091027,50,3956.125244963914,10500.89208984375
scene0084_01,50,4,0.0002083405270241201,0.00039626474608667195,0.00044576075742952526,0.06148465847242497,0.05615958427545377,0.10634368527794023,1.721092034802432,3.5817495138358426,0.905696294708191,0.04349335050612414,2.0884076476030904,50,3956.125244963914,10500.89208984375
scene0084_01,50,8,0.00011664726480375975,0.00024072855012491345,0.000261662615230307,0.061614342516683886,0.05629366129857798,0.10658927895253435,1.7631579210023505,3.6482661930264606,0.9109960211076255,0.04346009217421227,2.088407745121066,50,3956.125244963914,10500.89208984375
scene0084_01,50,16,5.395262996898964e-05,0.00012529197556432337,0.00012983685883227736,0.06182956757697276,0.05652283982074453,0.1069459544324811,1.8086739131558978,3.715741370798712,0.9175377433033299,0.04347232134220917,2.088381772750865,50,3956.125244963914,10500.89208984375
