scene,frame_count_actual,iteration,delta_norm_mean,delta_norm_p95,delta_norm_max,pose_ate_rmse_aligned,pose_ate_mean_aligned,pose_ate_max_aligned,pose_are_mean_deg_aligned,pose_are_max_deg_aligned,pose_rpe_rot_mean_deg,pose_rpe_trans_mean_aligned,pose_sim3_scale,frame_count_requested,inference_time_ms,peak_cuda_memory_mb
scene0691_00,100,1,1.9339343309402466,2.017566204071045,2.0249407291412354,0.07227075360956382,0.06336829661221995,0.1738479229451794,3.698601389746916,6.9166441013911,0.9348420444945568,0.035095259003661276,3.1757279216913195,100,12646.348468028009,14986.95654296875
scene0691_00,100,2,0.00602453900501132,0.006721051409840584,0.26548030972480774,0.07533665345571956,0.06634407355623707,0.1647388642920613,3.6766047284282077,6.8537644824691855,0.9634276081798339,0.03725115618137765,3.181284905015617,100,12646.348468028009,14986.95654296875
scene0691_00,100,4,0.00032269448274746537,0.00043335711234249175,0.007166149560362101,0.07453809706050843,0.06580812724100461,0.16336987032931347,3.687847183029062,6.870441139541586,0.9127412914648166,0.0351102036909502,3.1822985772141896,100,12646.348468028009,14986.95654296875
scene0691_00,100,8,0.00014431374438572675,0.0002207783836638555,0.002475291956216097,0.07497841986714572,0.0664069749819258,0.16187973908282133,3.6902826577159336,6.863847747497513,0.9158146561915713,0.03524832135159908,3.1828038731573423,100,12646.348468028009,14986.95654296875
scene0691_00,100,16,5.889738895348273e-05,0.00010194770584348589,0.0010227839229628444,0.07533908977776495,0.06694473160539322,0.16031250768630215,3.693276502941785,6.855303770244241,0.9181055565704297,0.03537056169598232,3.183234874152345,100,12646.348468028009,14986.95654296875
