scene,frame_count_actual,iteration,delta_norm_mean,delta_norm_p95,delta_norm_max,pose_ate_rmse_aligned,pose_ate_mean_aligned,pose_ate_max_aligned,pose_are_mean_deg_aligned,pose_are_max_deg_aligned,pose_rpe_rot_mean_deg,pose_rpe_trans_mean_aligned,pose_sim3_scale,frame_count_requested,inference_time_ms,peak_cuda_memory_mb
scene0000_00,500,1,1.7799744606018066,2.0106041431427,2.139608860015869,1.3605147590409559,1.2002709451432778,4.027120659729142,37.045870255071165,179.3071523254805,7.478204780688953,0.2500904872074129,2.4608163314708653,500,260903.00969081,50877.76953125
scene0000_00,500,2,0.01788315549492836,0.05050339549779892,0.10403954237699509,1.3601792690388392,1.199623892981283,3.8673024104816225,36.749738556100645,179.76309534267145,7.477269880283799,0.2501722463018411,2.441351657294809,500,260903.00969081,50877.76953125
scene0000_00,500,4,0.005633641965687275,0.02558198943734169,0.05514300987124443,1.3663347664261165,1.206868880334796,3.631145986077755,36.631050458995965,178.1777437668459,7.463645019876842,0.25076288957999693,2.4002180559051824,500,260903.00969081,50877.76953125
scene0000_00,500,8,0.0007339079165831208,0.0024441576097160578,0.00898682326078415,1.3691286331007053,1.2099989189022435,3.5082387139728834,36.608699419931405,176.01540429169214,7.406237187703056,0.24942802572503797,2.3893745213639463,500,260903.00969081,50877.76953125
scene0000_00,500,16,0.00031425905763171613,0.0010674725053831935,0.004481025505810976,1.3695710482056835,1.2102633933147078,3.515388977875738,36.61332681282073,174.09935534522722,7.359327384861094,0.24828451878379,2.3903324827497805,500,260903.00969081,50877.76953125
