scene,frame_count_actual,iteration,delta_norm_mean,delta_norm_p95,delta_norm_max,pose_ate_rmse_aligned,pose_ate_mean_aligned,pose_ate_max_aligned,pose_are_mean_deg_aligned,pose_are_max_deg_aligned,pose_rpe_rot_mean_deg,pose_rpe_trans_mean_aligned,pose_sim3_scale,frame_count_requested,inference_time_ms,peak_cuda_memory_mb
scene0691_00,200,4,0.0003410562057979405,0.000531620578840375,0.0006716435891576111,0.07426877604200521,0.06506876257076695,0.1890033907031091,3.6724905752684602,7.430115820550255,0.6325258790023112,0.027573198565694318,3.1624285761147686,200,44189.00600494817,23959.8974609375
