{
  "scene": "scene0000_00",
  "frame_count_requested": 300.0,
  "frame_count_actual": 300.0,
  "inference_time_ms": 107440.60349464417,
  "image_height": 518.0,
  "image_width": 518.0,
  "pose_ate_rmse_aligned": 0.025244919356289548,
  "pose_ate_mean_aligned": 0.022809845746613634,
  "pose_ate_max_aligned": 0.05948812373647193,
  "pose_are_mean_deg_aligned": 6.906858907781169,
  "pose_are_max_deg_aligned": 8.618162518424333,
  "pose_rpe_rot_mean_deg": 0.17638938211574118,
  "pose_rpe_trans_mean_aligned": 0.004080062294355149,
  "pose_sim3_scale": 2.1137821545730264,
  "depth_absrel_raw": 0.5235868924856186,
  "depth_rmse_raw": 1.0576819497346879,
  "depth_absrel_aligned": 0.013508086567744612,
  "depth_rmse_aligned": 0.052786531740178666,
  "depth_delta1_aligned": 0.9970972024701112,
  "depth_median_scale": 2.0963967100779217,
  "depth_valid_frames": 300.0,
  "pcd_pred_depth_pred_pose_points": 200000.0,
  "pcd_pred_depth_pred_pose_chamfer_raw": 1.0,
  "pcd_pred_depth_pred_pose_chamfer_aligned": 0.8191553945330448,
  "pcd_pred_depth_pred_pose_bbox_scale": 5.197946044563026,
  "pcd_native_world_points_points": 200000.0,
  "pcd_native_world_points_chamfer_raw": 0.9999797792049169,
  "pcd_native_world_points_chamfer_aligned": 0.8362995679740339,
  "pcd_native_world_points_bbox_scale": 5.115311808217066,
  "pcd_gt_depth_gt_pose_points": 200000.0,
  "pcd_gt_depth_gt_pose_chamfer_raw": 0.4793424304966532,
  "pcd_gt_depth_gt_pose_chamfer_aligned": 0.8008070607904265,
  "pcd_gt_depth_gt_pose_bbox_scale": 2.460632562637329,
  "pcd_pred_depth_gt_pose_points": 200000.0,
  "pcd_pred_depth_gt_pose_chamfer_raw": 0.9809998504799781,
  "pcd_pred_depth_gt_pose_chamfer_aligned": 0.7339342703333711,
  "pcd_pred_depth_gt_pose_bbox_scale": 3.855010509490967,
  "pcd_gt_depth_pred_pose_points": 200000.0,
  "pcd_gt_depth_pred_pose_chamfer_raw": 0.5366461481546904,
  "pcd_gt_depth_pred_pose_chamfer_aligned": 0.7475523362334542,
  "pcd_gt_depth_pred_pose_bbox_scale": 2.564200059045786
}