{
  "scene": "scene0056_00",
  "frame_count_requested": 400.0,
  "frame_count_actual": 400.0,
  "inference_time_ms": 191449.7570991516,
  "image_height": 518.0,
  "image_width": 518.0,
  "pose_ate_rmse_aligned": 0.10512112652023518,
  "pose_ate_mean_aligned": 0.10087847746472715,
  "pose_ate_max_aligned": 0.19506126807145413,
  "pose_are_mean_deg_aligned": 11.93517221290081,
  "pose_are_max_deg_aligned": 14.958836937999564,
  "pose_rpe_rot_mean_deg": 0.241611071755874,
  "pose_rpe_trans_mean_aligned": 0.007911929697820664,
  "pose_sim3_scale": 2.942206987392763,
  "depth_absrel_raw": 0.6766428546607495,
  "depth_rmse_raw": 2.1131994411349297,
  "depth_absrel_aligned": 0.038808333955239506,
  "depth_rmse_aligned": 0.2532293296977878,
  "depth_delta1_aligned": 0.9745943235383776,
  "depth_median_scale": 3.079981359839439,
  "depth_valid_frames": 400.0,
  "pcd_pred_depth_pred_pose_points": 200000.0,
  "pcd_pred_depth_pred_pose_chamfer_raw": 0.9999804870625265,
  "pcd_pred_depth_pred_pose_chamfer_aligned": 0.42505890693980536,
  "pcd_pred_depth_pred_pose_bbox_scale": 3.1630199700802266,
  "pcd_native_world_points_points": 200000.0,
  "pcd_native_world_points_chamfer_raw": 0.9999944202359047,
  "pcd_native_world_points_chamfer_aligned": 0.43082975470304363,
  "pcd_native_world_points_bbox_scale": 3.258476894391605,
  "pcd_gt_depth_gt_pose_points": 200000.0,
  "pcd_gt_depth_gt_pose_chamfer_raw": 0.25461674306865656,
  "pcd_gt_depth_gt_pose_chamfer_aligned": 0.32032347636771674,
  "pcd_gt_depth_gt_pose_bbox_scale": 0.9474011063575745,
  "pcd_pred_depth_gt_pose_points": 200000.0,
  "pcd_pred_depth_gt_pose_chamfer_raw": 0.9960788513492143,
  "pcd_pred_depth_gt_pose_chamfer_aligned": 0.47223532717516836,
  "pcd_pred_depth_gt_pose_bbox_scale": 2.667527675628662,
  "pcd_gt_depth_pred_pose_points": 200000.0,
  "pcd_gt_depth_pred_pose_chamfer_raw": 0.4861561668595691,
  "pcd_gt_depth_pred_pose_chamfer_aligned": 0.34519619188181316,
  "pcd_gt_depth_pred_pose_bbox_scale": 0.9125633565009241
}