scene,frame_count_actual,iteration,delta_norm_mean,delta_norm_p95,delta_norm_max,pose_ate_rmse_aligned,pose_ate_mean_aligned,pose_ate_max_aligned,pose_are_mean_deg_aligned,pose_are_max_deg_aligned,pose_rpe_rot_mean_deg,pose_rpe_trans_mean_aligned,pose_sim3_scale,frame_count_requested,inference_time_ms,peak_cuda_memory_mb
scene0096_00,200,1,1.8788254261016846,2.0529654026031494,2.069181203842163,0.0734348980516072,0.06366024517683645,0.279044317536137,2.268739393416931,5.219997639565177,0.5648455160884921,0.02579654838368974,2.189016738797908,200,44061.004641931504,23959.8974609375
scene0096_00,200,2,0.003369253361597657,0.006579319015145302,0.008844347670674324,0.07260432979747322,0.06279803947435113,0.26981483707481907,2.1891029154188923,4.910745563298814,0.5670559606393821,0.025353428943865167,2.1920014114525617,200,44061.004641931504,23959.8974609375
scene0096_00,200,4,0.0003044994082301855,0.0005726166418753564,0.000839388114400208,0.07261428836838944,0.06277047343648345,0.26843736036556853,2.1579442458655387,4.875748050312883,0.5689779445805792,0.025330684559404255,2.1926354196705486,200,44061.004641931504,23959.8974609375
scene0096_00,200,8,0.00015148585953284055,0.00029495073249563575,0.00039158493746072054,0.0726823399335593,0.06280167097567499,0.26699013814000144,2.123065688509754,4.845130346163805,0.5713113569339633,0.02533243663519872,2.1934455633697474,200,44061.004641931504,23959.8974609375
scene0096_00,200,16,6.424655293812975e-05,0.00013137275527697057,0.0001732878154143691,0.07276451738933293,0.06284542174147192,0.265738018709653,2.08615179242008,4.8199257292407145,0.5738070790464271,0.025364421885686824,2.194329343710802,200,44061.004641931504,23959.8974609375
