scene,frame_count_actual,iteration,delta_norm_mean,delta_norm_p95,delta_norm_max,pose_ate_rmse_aligned,pose_ate_mean_aligned,pose_ate_max_aligned,pose_are_mean_deg_aligned,pose_are_max_deg_aligned,pose_rpe_rot_mean_deg,pose_rpe_trans_mean_aligned,pose_sim3_scale,frame_count_requested,inference_time_ms,peak_cuda_memory_mb
scene0029_01,500,1,1.7555049657821655,1.8041555881500244,1.8258548974990845,0.032094666078978644,0.026260047984056286,0.10400252845707252,3.6716810762725918,5.881046243370544,0.4053604105608212,0.01041285984577077,0.9568498066099719,500,259995.00315077603,50877.36328125
scene0029_01,500,2,0.005250286776572466,0.01382687222212553,0.015710685402154922,0.03111464022500284,0.025523600530600425,0.10338106134419109,4.047576991128705,5.9377439101470975,0.3977174834755926,0.010324718996144375,0.9643588634512057,500,259995.00315077603,50877.36328125
scene0029_01,500,4,0.0002896225487347692,0.0005374857573769987,0.0006153489812277257,0.03108452507612137,0.025478729083846807,0.10372108201648836,4.002499974225365,5.933995449293207,0.3961448092840621,0.010296155468990712,0.9652016389456096,500,259995.00315077603,50877.36328125
scene0029_01,500,8,0.00013958540512248874,0.0002711120469029993,0.0002997348492499441,0.030996584518664192,0.025383975154800554,0.1035596290533475,3.962439575914442,5.932577271984944,0.39567714638486473,0.010286717479237428,0.9656381537621633,500,259995.00315077603,50877.36328125
scene0029_01,500,16,6.167941319290549e-05,0.00011704280768753961,0.00016731381765566766,0.03092974443880527,0.02530665680697285,0.10341753530147299,3.929718781501927,5.93933430407986,0.39525805033858064,0.010281461211174561,0.9659285784089534,500,259995.00315077603,50877.36328125
