scene,frame_count_actual,iteration,delta_norm_mean,delta_norm_p95,delta_norm_max,pose_ate_rmse_aligned,pose_ate_mean_aligned,pose_ate_max_aligned,pose_are_mean_deg_aligned,pose_are_max_deg_aligned,pose_rpe_rot_mean_deg,pose_rpe_trans_mean_aligned,pose_sim3_scale,frame_count_requested,inference_time_ms,peak_cuda_memory_mb
scene0096_00,50,1,1.8753968477249146,2.046572685241699,2.0668532848358154,0.07357720120518997,0.06147149684604803,0.22087152828942863,2.334073964481051,5.346856248575836,1.111370385499284,0.05159852529080217,2.2096926902291436,50,3958.1639021635056,10500.89208984375
scene0096_00,50,2,0.0029076996725052595,0.005744420923292637,0.008574696257710457,0.07337864139352124,0.06176033518639388,0.21342029089895756,2.1569071605411936,4.987686929251767,1.1089441823823105,0.051050125521630255,2.212882763903311,50,3958.1639021635056,10500.89208984375
scene0096_00,50,4,0.00026131366030313075,0.0005084332660771906,0.0006461731973104179,0.07346743018880378,0.06192565843170227,0.21222007140582538,2.1196205638141006,4.943239777289191,1.1117675158793368,0.05107545049209188,2.213487435284713,50,3958.1639021635056,10500.89208984375
scene0096_00,50,8,0.00013864014181308448,0.0002717388852033764,0.00034785433672368526,0.07361088834234004,0.06215438484624911,0.21091003782992937,2.0713603398867195,4.893455481337475,1.1154889875451348,0.05114325353245727,2.2142236833061832,50,3958.1639021635056,10500.89208984375
scene0096_00,50,16,6.279453373281285e-05,0.00013119360664859414,0.00021778095106128603,0.0737512821460074,0.06236868455933739,0.20974810403542382,2.01764211848961,4.844846638863273,1.119866688965636,0.051245735463013926,2.214949732862845,50,3958.1639021635056,10500.89208984375
