scene,frame_count_actual,iteration,delta_norm_mean,delta_norm_p95,delta_norm_max,pose_ate_rmse_aligned,pose_ate_mean_aligned,pose_ate_max_aligned,pose_are_mean_deg_aligned,pose_are_max_deg_aligned,pose_rpe_rot_mean_deg,pose_rpe_trans_mean_aligned,pose_sim3_scale,frame_count_requested,inference_time_ms,peak_cuda_memory_mb
scene0029_01,50,4,0.00027553364634513855,0.0005025170394219458,0.000557370251044631,0.03986871180830543,0.034737686652773984,0.09260547312981379,5.045118716008569,6.728585344769175,1.061270085809434,0.026022002116321986,0.9530695381807113,50,3947.117482777685,10500.89208984375
