{
  "scene": "scene0029_01",
  "frame_count_requested": 300.0,
  "frame_count_actual": 300.0,
  "inference_time_ms": 108156.4314365387,
  "image_height": 518.0,
  "image_width": 518.0,
  "pose_ate_rmse_aligned": 0.013583178787694921,
  "pose_ate_mean_aligned": 0.012835965040208812,
  "pose_ate_max_aligned": 0.02677148400162892,
  "pose_are_mean_deg_aligned": 8.39416636107384,
  "pose_are_max_deg_aligned": 9.54823244851016,
  "pose_rpe_rot_mean_deg": 0.13296803091296197,
  "pose_rpe_trans_mean_aligned": 0.0015856101753320916,
  "pose_sim3_scale": 1.0932290026325187,
  "depth_absrel_raw": 0.1230269672969977,
  "depth_rmse_raw": 0.1391110946983099,
  "depth_absrel_aligned": 0.01599890299141407,
  "depth_rmse_aligned": 0.03195158878962199,
  "depth_delta1_aligned": 0.9957850124835007,
  "depth_median_scale": 1.1403352824846904,
  "depth_valid_frames": 300.0,
  "pcd_pred_depth_pred_pose_points": 200000.0,
  "pcd_pred_depth_pred_pose_chamfer_raw": 0.4206672739836758,
  "pcd_pred_depth_pred_pose_chamfer_aligned": 0.4062596666512607,
  "pcd_pred_depth_pred_pose_bbox_scale": 1.8101147951862306,
  "pcd_native_world_points_points": 200000.0,
  "pcd_native_world_points_chamfer_raw": 0.42367503881999563,
  "pcd_native_world_points_chamfer_aligned": 0.3957268969166372,
  "pcd_native_world_points_bbox_scale": 1.8393445615288397,
  "pcd_gt_depth_gt_pose_points": 200000.0,
  "pcd_gt_depth_gt_pose_chamfer_raw": 0.30270132581793846,
  "pcd_gt_depth_gt_pose_chamfer_aligned": 0.4230843849617821,
  "pcd_gt_depth_gt_pose_bbox_scale": 1.5129560232162476,
  "pcd_pred_depth_gt_pose_points": 200000.0,
  "pcd_pred_depth_gt_pose_chamfer_raw": 0.41239319226477716,
  "pcd_pred_depth_gt_pose_chamfer_aligned": 0.38860845518516896,
  "pcd_pred_depth_gt_pose_bbox_scale": 1.793829083442688,
  "pcd_gt_depth_pred_pose_points": 200000.0,
  "pcd_gt_depth_pred_pose_chamfer_raw": 0.33267996783400877,
  "pcd_gt_depth_pred_pose_chamfer_aligned": 0.4331985714580867,
  "pcd_gt_depth_pred_pose_bbox_scale": 1.5938358887343365
}