scene,frame_count_actual,iteration,delta_norm_mean,delta_norm_p95,delta_norm_max,pose_ate_rmse_aligned,pose_ate_mean_aligned,pose_ate_max_aligned,pose_are_mean_deg_aligned,pose_are_max_deg_aligned,pose_rpe_rot_mean_deg,pose_rpe_trans_mean_aligned,pose_sim3_scale,frame_count_requested,inference_time_ms,peak_cuda_memory_mb
scene0691_00,25,4,0.0002437727089272812,0.00042224739445373416,0.0004829192766919732,0.07993937070795383,0.07237969020211367,0.15649007799289302,3.6927614562593942,6.425694841208502,2.279649564226671,0.07115013638041177,3.110860517198831,25,1380.833209026605,8261.50146484375
