{
  "scene": "scene0042_02",
  "frame_count_requested": 400.0,
  "frame_count_actual": 400.0,
  "inference_time_ms": 190874.29976463318,
  "image_height": 518.0,
  "image_width": 518.0,
  "pose_ate_rmse_aligned": 0.025464427695422315,
  "pose_ate_mean_aligned": 0.023016864564495466,
  "pose_ate_max_aligned": 0.06276074994367536,
  "pose_are_mean_deg_aligned": 1.587597580035413,
  "pose_are_max_deg_aligned": 2.3369452598230085,
  "pose_rpe_rot_mean_deg": 0.15464032065103922,
  "pose_rpe_trans_mean_aligned": 0.0026816635334139484,
  "pose_sim3_scale": 1.9177542293269927,
  "depth_absrel_raw": 0.4792445537447929,
  "depth_rmse_raw": 0.839528381973505,
  "depth_absrel_aligned": 0.020030647802632303,
  "depth_rmse_aligned": 0.10242816762067378,
  "depth_delta1_aligned": 0.9850143172233442,
  "depth_median_scale": 1.920222265124321,
  "depth_valid_frames": 400.0,
  "pcd_pred_depth_pred_pose_points": 200000.0,
  "pcd_pred_depth_pred_pose_chamfer_raw": 0.7496168323196859,
  "pcd_pred_depth_pred_pose_chamfer_aligned": 0.5254503399637241,
  "pcd_pred_depth_pred_pose_bbox_scale": 2.542122965792843,
  "pcd_native_world_points_points": 200000.0,
  "pcd_native_world_points_chamfer_raw": 0.746901279892954,
  "pcd_native_world_points_chamfer_aligned": 0.4568968120199639,
  "pcd_native_world_points_bbox_scale": 2.4989926308215864,
  "pcd_gt_depth_gt_pose_points": 200000.0,
  "pcd_gt_depth_gt_pose_chamfer_raw": 0.21804543661644304,
  "pcd_gt_depth_gt_pose_chamfer_aligned": 0.8258324685210809,
  "pcd_gt_depth_gt_pose_bbox_scale": 0.9528177976608276,
  "pcd_pred_depth_gt_pose_points": 200000.0,
  "pcd_pred_depth_gt_pose_chamfer_raw": 0.7714211617443333,
  "pcd_pred_depth_gt_pose_chamfer_aligned": 0.5065387512105867,
  "pcd_pred_depth_gt_pose_bbox_scale": 2.2627904415130615,
  "pcd_gt_depth_pred_pose_points": 200000.0,
  "pcd_gt_depth_pred_pose_chamfer_raw": 0.3329875861154347,
  "pcd_gt_depth_pred_pose_chamfer_aligned": 0.7996890670919006,
  "pcd_gt_depth_pred_pose_bbox_scale": 0.9721374358528448
}