scene,frame_count_actual,iteration,delta_norm_mean,delta_norm_p95,delta_norm_max,pose_ate_rmse_aligned,pose_ate_mean_aligned,pose_ate_max_aligned,pose_are_mean_deg_aligned,pose_are_max_deg_aligned,pose_rpe_rot_mean_deg,pose_rpe_trans_mean_aligned,pose_sim3_scale,frame_count_requested,inference_time_ms,peak_cuda_memory_mb
scene0013_02,100,4,0.0004298014100641012,0.0009355995571240783,0.0009780052350834012,0.043120238475970886,0.04002642846822296,0.08073721336435774,1.6702955674713207,3.3476881479303806,0.49923356925924417,0.018790258559635887,2.4358101346267493,100,12564.885342959315,14986.95654296875
