scene,frame_count_actual,iteration,delta_norm_mean,delta_norm_p95,delta_norm_max,pose_ate_rmse_aligned,pose_ate_mean_aligned,pose_ate_max_aligned,pose_are_mean_deg_aligned,pose_are_max_deg_aligned,pose_rpe_rot_mean_deg,pose_rpe_trans_mean_aligned,pose_sim3_scale,frame_count_requested,inference_time_ms,peak_cuda_memory_mb
scene0042_02,25,1,1.7374378442764282,1.797208547592163,1.8187415599822998,0.04423546033746125,0.040314136871571614,0.08902448660241372,3.6500052591999124,6.091308179996829,1.1947243210520995,0.03851363106574985,1.6918634812837305,25,1400.1139076426625,8261.50146484375
scene0042_02,25,2,0.0024299498181790113,0.004716092720627785,0.005833287723362446,0.04332622792181551,0.039237144373232356,0.090131212518015,3.6999127129852485,5.996401948278348,1.1548333682307623,0.03825449914415533,1.7001737701628976,25,1400.1139076426625,8261.50146484375
scene0042_02,25,4,0.00019164735567755997,0.0003671415615826845,0.0004752328968606889,0.04338179658009671,0.03923925051278035,0.09112632636184695,3.7117405975651194,6.000062278293158,1.1485324729442075,0.038297022656158114,1.7006514190876425,25,1400.1139076426625,8261.50146484375
scene0042_02,25,8,0.00010464380466146395,0.00021879443374928087,0.00030257177422754467,0.04347305988663954,0.039260295963700044,0.09239039146674195,3.7267993133277177,6.003900541284619,1.1408783899787445,0.038366296794627795,1.7010596469408112,25,1400.1139076426625,8261.50146484375
scene0042_02,25,16,5.413862527348101e-05,0.00013351536472328007,0.00018851766071747988,0.04357105321553207,0.03929192872003205,0.09350902843298989,3.7415132725876457,6.005837420729581,1.133591455777202,0.03843010956753967,1.7012542866640175,25,1400.1139076426625,8261.50146484375
