scene,frame_count_actual,iteration,delta_norm_mean,delta_norm_p95,delta_norm_max,pose_ate_rmse_aligned,pose_ate_mean_aligned,pose_ate_max_aligned,pose_are_mean_deg_aligned,pose_are_max_deg_aligned,pose_rpe_rot_mean_deg,pose_rpe_trans_mean_aligned,pose_sim3_scale,frame_count_requested,inference_time_ms,peak_cuda_memory_mb
scene0029_01,100,4,0.000292338925646618,0.0005377578781917691,0.0006359452963806689,0.034594850293279945,0.02915131411744871,0.08692620312006856,4.582419771051529,5.7348474112255206,0.773930799541592,0.018167756740872596,0.9671397408014369,100,12726.21971881017,14986.95654296875
