scene,frame_count_actual,iteration,delta_norm_mean,delta_norm_p95,delta_norm_max,pose_ate_rmse_aligned,pose_ate_mean_aligned,pose_ate_max_aligned,pose_are_mean_deg_aligned,pose_are_max_deg_aligned,pose_rpe_rot_mean_deg,pose_rpe_trans_mean_aligned,pose_sim3_scale,frame_count_requested,inference_time_ms,peak_cuda_memory_mb
scene0029_01,200,1,1.757575511932373,1.8025856018066406,1.825273871421814,0.03472388139676767,0.029181003138343736,0.09387325717806172,4.399082187116787,5.675708969415835,0.5459536003013103,0.012826968968346602,0.9565192674262073,200,44067.056371830404,23959.8974609375
scene0029_01,200,2,0.005071784369647503,0.01120712049305439,0.014069424010813236,0.03385435850513849,0.028524066154567356,0.09266577801898455,4.616234534166712,5.8857956400669025,0.5366037151347797,0.012652998638533744,0.9632461441603898,200,44067.056371830404,23959.8974609375
scene0029_01,200,4,0.00028147344710305333,0.0005054055945947766,0.0006564807263202965,0.03370179927967586,0.028388541593844324,0.09228481273582527,4.617724538857547,5.894081728798191,0.535330739040529,0.012640787500080812,0.9643703330973072,200,44067.056371830404,23959.8974609375
scene0029_01,200,8,0.0001425145601388067,0.00026526983128860593,0.0003391621576156467,0.033578982842612376,0.028273493144386094,0.09197045419884049,4.606426697536968,5.889593703550165,0.5346785979976938,0.012635540519724688,0.9650726103231816,200,44067.056371830404,23959.8974609375
scene0029_01,200,16,6.390479393303394e-05,0.00012380984844639897,0.00015905077452771366,0.03348892626084728,0.02818375386346612,0.09171994181524087,4.596658428596436,5.889529213777478,0.5339059373047249,0.012632481444025607,0.9655930248587413,200,44067.056371830404,23959.8974609375
