scene,frame_count_actual,iteration,delta_norm_mean,delta_norm_p95,delta_norm_max,pose_ate_rmse_aligned,pose_ate_mean_aligned,pose_ate_max_aligned,pose_are_mean_deg_aligned,pose_are_max_deg_aligned,pose_rpe_rot_mean_deg,pose_rpe_trans_mean_aligned,pose_sim3_scale,frame_count_requested,inference_time_ms,peak_cuda_memory_mb
scene0691_00,100,4,0.00032269448274746537,0.00043335711234249175,0.007166149560362101,0.07453809706050843,0.06580812724100461,0.16336987032931347,3.687847183029062,6.870441139541586,0.9127412914648166,0.0351102036909502,3.1822985772141896,100,12614.007561001927,14986.95654296875
