{
  "scene": "scene0042_02",
  "frame_count_requested": 100.0,
  "frame_count_actual": 100.0,
  "inference_time_ms": 14736.159086227417,
  "image_height": 518.0,
  "image_width": 518.0,
  "pose_ate_rmse_aligned": 0.007505228961250564,
  "pose_ate_mean_aligned": 0.006921253600360845,
  "pose_ate_max_aligned": 0.017741675591798747,
  "pose_are_mean_deg_aligned": 7.400843673894759,
  "pose_are_max_deg_aligned": 7.798845033235018,
  "pose_rpe_rot_mean_deg": 0.10685181774097006,
  "pose_rpe_trans_mean_aligned": 0.001548326837065197,
  "pose_sim3_scale": 1.6125233170556637,
  "depth_absrel_raw": 0.4109865352511406,
  "depth_rmse_raw": 0.6994194829463959,
  "depth_absrel_aligned": 0.01647181749343872,
  "depth_rmse_aligned": 0.06894732456654311,
  "depth_delta1_aligned": 0.9920016568046032,
  "depth_median_scale": 1.698522812128067,
  "depth_valid_frames": 100.0,
  "pcd_pred_depth_pred_pose_points": 200000.0,
  "pcd_pred_depth_pred_pose_chamfer_raw": 0.7357914464365904,
  "pcd_pred_depth_pred_pose_chamfer_aligned": 0.5709272416655474,
  "pcd_pred_depth_pred_pose_bbox_scale": 2.568727814568821,
  "pcd_native_world_points_points": 200000.0,
  "pcd_native_world_points_chamfer_raw": 0.7305114751612896,
  "pcd_native_world_points_chamfer_aligned": 0.5793133304252637,
  "pcd_native_world_points_bbox_scale": 2.493874601432111,
  "pcd_gt_depth_gt_pose_points": 200000.0,
  "pcd_gt_depth_gt_pose_chamfer_raw": 0.29210650579740866,
  "pcd_gt_depth_gt_pose_chamfer_aligned": 0.6297975292305832,
  "pcd_gt_depth_gt_pose_bbox_scale": 1.483731985092163,
  "pcd_pred_depth_gt_pose_points": 200000.0,
  "pcd_pred_depth_gt_pose_chamfer_raw": 0.758299686799401,
  "pcd_pred_depth_gt_pose_chamfer_aligned": 0.5425692894249701,
  "pcd_pred_depth_gt_pose_bbox_scale": 2.4823169708251953,
  "pcd_gt_depth_pred_pose_points": 200000.0,
  "pcd_gt_depth_pred_pose_chamfer_raw": 0.33358185879355745,
  "pcd_gt_depth_pred_pose_chamfer_aligned": 0.6300982898037231,
  "pcd_gt_depth_pred_pose_bbox_scale": 1.540300156442612
}