scene,frame_id,sequence_index,window_index,window_start,window_stop,boundary_distance,global_local_token_cosine,global_local_pose_translation,global_local_pose_rotation_deg
scene0000_00,0,0,0,0,100,0,0.08107804659542495,0.03243921981710361,7.9865428013572375
scene0000_00,11,1,0,0,100,1,0.13582893549422959,0.035342136810647316,6.988049332431518
scene0000_00,22,2,0,0,100,2,0.10570829584830477,0.05000531452190521,6.687892921400624
scene0000_00,33,3,0,0,100,3,0.0939727126885338,0.038610610263486424,6.738471055268857
scene0000_00,44,4,0,0,100,4,0.08147185401360113,0.05569030089475796,7.214506892388135
scene0000_00,55,5,0,0,100,5,0.07940443469450309,0.05730030457247568,7.307465708961058
scene0000_00,67,6,0,0,100,6,0.08592900665693892,0.045367325446348895,7.24104409675354
scene0000_00,78,7,0,0,100,7,0.08990455131245145,0.045904768579852345,6.996281870956117
scene0000_00,89,8,0,0,100,8,0.09786029963644294,0.03050638557884196,7.455890425912111
scene0000_00,100,9,0,0,100,9,0.09467464535376269,0.027989477057155474,7.3544975974099716
scene0000_00,111,10,0,0,100,10,0.08617893960035061,0.0320278534955258,6.737198106432044
scene0000_00,122,11,0,0,100,11,0.09347358075303369,0.037012056494973244,5.838130946660239
scene0000_00,134,12,0,0,100,12,0.09502316033837666,0.025838423674138175,6.2783069815068275
scene0000_00,145,13,0,0,100,13,0.10075821243621164,0.02976029907977072,5.240027678329238
scene0000_00,156,14,0,0,100,14,0.09478753700684661,0.035520891578283226,5.439753721095357
scene0000_00,167,15,0,0,100,15,0.10937720332915235,0.01616460011042603,6.99723495199471
scene0000_00,178,16,0,0,100,16,0.10404636280210189,0.015359266569544134,6.563416347041682
scene0000_00,189,17,0,0,100,17,0.10254089843631586,0.03068813771823306,6.591327558712835
scene0000_00,201,18,0,0,100,18,0.09697245581015101,0.033860008019605425,6.495377112635273
scene0000_00,212,19,0,0,100,19,0.0963722829270327,0.020157324612688533,6.110670966831521
scene0000_00,223,20,0,0,100,20,0.09683346309732632,0.02903220108975057,6.7042110120079395
scene0000_00,234,21,0,0,100,21,0.0995837690433432,0.03617093421764011,6.5432486403871275
scene0000_00,245,22,0,0,100,22,0.11191178694635562,0.05150919252156227,6.800350438638719
scene0000_00,257,23,0,0,100,23,0.09769960248404153,0.06990326585500761,7.702659649817005
scene0000_00,268,24,0,0,100,24,0.0948805615759567,0.08692149455092466,8.033408864518336
scene0000_00,279,25,0,0,100,25,0.10000423336866249,0.10904860690243245,9.672752617357467
scene0000_00,290,26,0,0,100,26,0.10175455410954526,0.07499496951724509,6.617424059322596
scene0000_00,301,27,0,0,100,27,0.10545389678958994,0.06811825481496023,6.736689214455157
scene0000_00,312,28,0,0,100,28,0.11024958843726063,0.057430749546321894,5.650682588689196
scene0000_00,324,29,0,0,100,29,0.11055328844341306,0.04712084660726488,6.4813654849590785
scene0000_00,335,30,0,0,100,30,0.11196772951153589,0.013537109499931609,5.174540576282617
scene0000_00,346,31,0,0,100,31,0.1184919540991719,0.012988780184907253,5.070980361873118
scene0000_00,357,32,0,0,100,32,0.10007817291159293,0.012023276833560819,6.743875105049835
scene0000_00,368,33,0,0,100,33,0.10386450043647966,0.018740884426438884,6.8650017638801115
scene0000_00,379,34,0,0,100,34,0.1107561341603519,0.04498194434977559,4.710555195466793
scene0000_00,391,35,0,0,100,35,0.1229547800410753,0.058139021750063156,4.006849223177921
scene0000_00,402,36,0,0,100,36,0.12125750252451084,0.06177132098175495,4.234407560329041
scene0000_00,413,37,0,0,100,37,0.11470452939213471,0.02184147028804854,6.918689138386861
scene0000_00,424,38,0,0,100,38,0.12017353024564748,0.03450901407165035,8.752399188716879
scene0000_00,435,39,0,0,100,39,0.12531351274394198,0.055600504713265955,6.147787580995091
scene0000_00,447,40,0,0,100,40,0.12242398774240049,0.06774824194108577,5.235163146117976
scene0000_00,458,41,0,0,100,41,0.12966241868408868,0.07712227009361199,5.539829040148218
scene0000_00,469,42,0,0,100,42,0.12599095546507244,0.048578815265541406,6.637317711114964
scene0000_00,480,43,0,0,100,43,0.12475818842429809,0.0523965197373412,4.207077409931031
scene0000_00,491,44,0,0,100,44,0.1250994342195083,0.045089261157888846,3.496250985726268
scene0000_00,502,45,0,0,100,45,0.11959191957477033,0.013416420844029718,6.089577656200189
scene0000_00,514,46,0,0,100,46,0.13662440814683818,0.03330489473100548,3.099111648539875
scene0000_00,525,47,0,0,100,47,0.12609440917806203,0.040110913603023844,1.9717472734002965
scene0000_00,536,48,0,0,100,48,0.11081560127496926,0.0323799077939631,3.896592478012262
scene0000_00,547,49,0,0,100,49,0.11676422890690297,0.027384875828080184,3.6281095879888965
scene0000_00,558,50,0,0,100,49,0.11301721291974431,0.016838956203962745,3.8679793701759526
scene0000_00,569,51,0,0,100,48,0.11849780717173664,0.01973007295255237,3.525502996190624
scene0000_00,581,52,0,0,100,47,0.11111641925142002,0.0184306469245886,4.764115559961121
scene0000_00,592,53,0,0,100,46,0.13093350227016787,0.024818279583352195,2.947547431407541
scene0000_00,603,54,0,0,100,45,0.12143353074932528,0.023845048139523605,4.789375544539956
scene0000_00,614,55,0,0,100,44,0.12369701558463198,0.05772526553913653,6.439122502371491
scene0000_00,625,56,0,0,100,43,0.13627740064552296,0.04206924987766679,4.877481726860413
scene0000_00,637,57,0,0,100,42,0.14446571353863014,0.061092712099401494,5.012849405682142
scene0000_00,648,58,0,0,100,41,0.1603516423545137,0.03205610612286186,3.908386719617004
scene0000_00,659,59,0,0,100,40,0.18664879858858063,0.06238212859830935,7.710417045227073
scene0000_00,670,60,0,0,100,39,0.16272808920166282,0.02743279418174805,1.7172472194727433
scene0000_00,681,61,0,0,100,38,0.16249898001526597,0.023269287045012688,5.112085696939455
scene0000_00,692,62,0,0,100,37,0.14985798711872034,0.02996562921551934,3.7603135224460384
scene0000_00,704,63,0,0,100,36,0.1404219588556287,0.02291849382394146,2.188712210701318
scene0000_00,715,64,0,0,100,35,0.14816872914197088,0.03755676080865498,1.781777391932103
scene0000_00,726,65,0,0,100,34,0.15462629808869122,0.04141742442425561,2.0205994504776834
scene0000_00,737,66,0,0,100,33,0.14334874602574244,0.07688883955712343,2.482207016757228
scene0000_00,748,67,0,0,100,32,0.12219897309771877,0.029559122147159105,3.194614198522672
scene0000_00,759,68,0,0,100,31,0.11583738484017392,0.04699657116742864,5.131524905360461
scene0000_00,771,69,0,0,100,30,0.12116206835373444,0.022329431472168478,2.3304649920163234
scene0000_00,782,70,0,0,100,29,0.11674551753451112,0.009097197785406031,2.620652401760633
scene0000_00,793,71,0,0,100,28,0.10927849761371689,0.039066802528106466,2.5586466339452882
scene0000_00,804,72,0,0,100,27,0.11175485742059132,0.01778698368398768,2.9621194228617984
scene0000_00,815,73,0,0,100,26,0.1154473166579838,0.058200071888690155,4.21451954403764
scene0000_00,827,74,0,0,100,25,0.13361059706081013,0.0815071883983528,2.7241947927496595
scene0000_00,838,75,0,0,100,24,0.12957094422987725,0.04726653422338608,1.8838805842012043
scene0000_00,849,76,0,0,100,23,0.13566349584661463,0.01555848835395408,1.5768707119515326
scene0000_00,860,77,0,0,100,22,0.1573834995265101,0.05443178120075616,1.5843042086856427
scene0000_00,871,78,0,0,100,21,0.17270411858124535,0.038661634784545554,2.1399150307186474
scene0000_00,882,79,0,0,100,20,0.18761430737204077,0.03509372874227828,5.913853133529059
scene0000_00,894,80,0,0,100,19,0.18247478285280205,0.0519658805982389,8.919452224218212
scene0000_00,905,81,0,0,100,18,0.1763395239238017,0.04489464085438916,6.007719982586549
scene0000_00,916,82,0,0,100,17,0.17235738515103882,0.025523239348272237,5.592042861380563
scene0000_00,927,83,0,0,100,16,0.17383483431682034,0.01790321229615739,3.6222857769884578
scene0000_00,938,84,0,0,100,15,0.16644697297843358,0.043311607584616774,3.1977844987382498
scene0000_00,949,85,0,0,100,14,0.16613168432865477,0.09454280538143009,5.206831911235338
scene0000_00,961,86,0,0,100,13,0.15035422416101785,0.05643723237391799,5.166453049038427
scene0000_00,972,87,0,0,100,12,0.14785030693439416,0.044265083732528576,8.478835846920472
scene0000_00,983,88,0,0,100,11,0.1544287308021418,0.058172518740091606,6.536866082566635
scene0000_00,994,89,0,0,100,10,0.16482127115621026,0.06094416764067561,8.646860255649187
scene0000_00,1005,90,0,0,100,9,0.1596961820217625,0.0241242078193946,4.870573083823273
scene0000_00,1017,91,0,0,100,8,0.15865322625111067,0.029521206264380054,7.683856962428323
scene0000_00,1028,92,0,0,100,7,0.15944664767437133,0.03088993316513684,8.003755968712177
scene0000_00,1039,93,0,0,100,6,0.16051556844276682,0.031531528862135914,4.2537156606438415
scene0000_00,1050,94,0,0,100,5,0.16350134113349735,0.019611690432522207,6.513344992326011
scene0000_00,1061,95,0,0,100,4,0.16163873921990946,0.07382775423279118,9.46122899782285
scene0000_00,1072,96,0,0,100,3,0.16286243467372907,0.09278515636336347,8.749033867607436
scene0000_00,1084,97,0,0,100,2,0.1664638543781869,0.06424703796820556,6.256749362971942
scene0000_00,1095,98,0,0,100,1,0.1920818964168065,0.12207158936294077,9.092333476202056
scene0000_00,1106,99,0,0,100,0,0.20164350998183078,0.15619780858222557,11.684691926673107
scene0000_00,558,50,1,50,150,0,0.1938233422790947,0.11748287814761249,45.54579167773557
scene0000_00,569,51,1,50,150,1,0.20196000737218223,0.10877600154979825,46.24054710194663
scene0000_00,581,52,1,50,150,2,0.18567144556118764,0.14560707773657355,43.97338762020616
scene0000_00,592,53,1,50,150,3,0.20848101261548335,0.09154363089883234,46.12343704827104
scene0000_00,603,54,1,50,150,4,0.20010187124159495,0.09438843937845436,43.570314227413064
scene0000_00,614,55,1,50,150,5,0.19762966700370965,0.10406063335978682,41.64844746588522
scene0000_00,625,56,1,50,150,6,0.21908485424793578,0.09351289206344988,43.30366888362191
scene0000_00,637,57,1,50,150,7,0.23006343401711615,0.08965596099392813,43.68700411515188
scene0000_00,648,58,1,50,150,8,0.26230731644859906,0.13285442025296357,51.6387257882244
scene0000_00,659,59,1,50,150,9,0.2915124752585615,0.20119982560751393,56.066142589054735
scene0000_00,670,60,1,50,150,10,0.25658272933348014,0.20341153620183583,48.92137880506152
scene0000_00,681,61,1,50,150,11,0.2491904539647345,0.1572666258118746,43.65113896760229
scene0000_00,692,62,1,50,150,12,0.23752792818963497,0.15709648611307145,45.20245428336705
scene0000_00,704,63,1,50,150,13,0.24690611185312283,0.10490574854307974,48.34931478037998
scene0000_00,715,64,1,50,150,14,0.2464515131242535,0.03698888016575028,46.900886024626594
scene0000_00,726,65,1,50,150,15,0.2520314697649686,0.0270661680147783,46.85532319824121
scene0000_00,737,66,1,50,150,16,0.24594958262311772,0.07410402334576867,50.11592003474824
scene0000_00,748,67,1,50,150,17,0.2133742678289886,0.08844888939182845,45.172462665691974
scene0000_00,759,68,1,50,150,18,0.20479087989426947,0.1383739843330634,43.23479824090497
scene0000_00,771,69,1,50,150,19,0.2117737345557129,0.20436198609552378,46.4462853402165
scene0000_00,782,70,1,50,150,20,0.20320766067951557,0.2362088730396876,46.07649728842327
scene0000_00,793,71,1,50,150,21,0.19699889941223092,0.262013588164105,46.11532098120374
scene0000_00,804,72,1,50,150,22,0.20445015881916107,0.27613906854285497,45.999821670831615
scene0000_00,815,73,1,50,150,23,0.20636281937791257,0.20721035147869704,44.248018810226185
scene0000_00,827,74,1,50,150,24,0.2416864307922948,0.15410410271671723,50.32156033287459
scene0000_00,838,75,1,50,150,25,0.23220835164934917,0.1449111392372443,49.404166589701674
scene0000_00,849,76,1,50,150,26,0.23544711622429082,0.1292686862122214,47.82458601557469
scene0000_00,860,77,1,50,150,27,0.25449349792443,0.1200394867668499,47.94438160289698
scene0000_00,871,78,1,50,150,28,0.26603899597780245,0.09707828009130282,49.0054170061885
scene0000_00,882,79,1,50,150,29,0.2823754875619122,0.14535648064704504,52.70651959321683
scene0000_00,894,80,1,50,150,30,0.285216902486069,0.1990379743286341,56.291237977501154
scene0000_00,905,81,1,50,150,31,0.2733548705878146,0.28552015406998676,53.693500189631706
scene0000_00,916,82,1,50,150,32,0.2730263271629174,0.31820160826433397,52.861946898708
scene0000_00,927,83,1,50,150,33,0.2671925641823454,0.405889252646041,50.995587170918725
scene0000_00,938,84,1,50,150,34,0.25724185036804625,0.48865744868361116,50.531325794676654
scene0000_00,949,85,1,50,150,35,0.24851721903404578,0.5580166603418921,53.235672076668045
scene0000_00,961,86,1,50,150,36,0.23280302672190833,0.6628899083107238,53.035235095027325
scene0000_00,972,87,1,50,150,37,0.2353336272522879,0.6637871943380114,56.120219826525975
scene0000_00,983,88,1,50,150,38,0.23707950103618924,0.6162230268871522,53.755420582972086
scene0000_00,994,89,1,50,150,39,0.26384737391948054,0.6007155374496761,56.30145463370483
scene0000_00,1005,90,1,50,150,40,0.2538781418305507,0.5870784279007487,52.816107393363744
scene0000_00,1017,91,1,50,150,41,0.26429429596879306,0.5490940461346083,55.52034668091688
scene0000_00,1028,92,1,50,150,42,0.2700578487634301,0.5299330974252504,55.59171248882309
scene0000_00,1039,93,1,50,150,43,0.26369324436251973,0.46637471374821754,51.53848344455566
scene0000_00,1050,94,1,50,150,44,0.27913428411571495,0.3791988160498379,54.084557879423485
scene0000_00,1061,95,1,50,150,45,0.27801722432343445,0.266502054160217,57.19714347424328
scene0000_00,1072,96,1,50,150,46,0.273722429220405,0.2158869666698571,56.35137646131118
scene0000_00,1084,97,1,50,150,47,0.27360818530134123,0.23424797545214376,53.86800164189011
scene0000_00,1095,98,1,50,150,48,0.29850891408560065,0.14091944265278905,56.76384989773797
scene0000_00,1106,99,1,50,150,49,0.319260094882745,0.13670855236013887,60.019292636146005
scene0000_00,1117,100,1,50,150,49,0.3130366073749795,0.19099130354779245,59.700764905079346
scene0000_00,1128,101,1,50,150,48,0.30254900658446915,0.2620416529558236,58.30086484881958
scene0000_00,1139,102,1,50,150,47,0.2751953392489239,0.23779692982799708,46.85252891753689
scene0000_00,1151,103,1,50,150,46,0.32832613112861964,0.28247450962149256,57.82745286425924
scene0000_00,1162,104,1,50,150,45,0.2892534897757162,0.24961766022483797,47.93646102758345
scene0000_00,1173,105,1,50,150,44,0.3127549860867511,0.27817145329996373,50.64236381150705
scene0000_00,1184,106,1,50,150,43,0.3437988344546966,0.2668505678578381,53.97926579048837
scene0000_00,1195,107,1,50,150,42,0.28520775602842496,0.31945225595944,50.70858996094369
scene0000_00,1207,108,1,50,150,41,0.2561031722662439,0.3591109704289662,50.38364484663938
scene0000_00,1218,109,1,50,150,40,0.2815631771451439,0.3153752355051556,47.017769777954
scene0000_00,1229,110,1,50,150,39,0.27798767797733004,0.3763572793304188,56.42578397433702
scene0000_00,1240,111,1,50,150,38,0.32911388859290247,0.2802681477516268,61.02001347229789
scene0000_00,1251,112,1,50,150,37,0.30919923906098634,0.31261197587942385,59.79828534698913
scene0000_00,1262,113,1,50,150,36,0.3968026632032966,0.32916374814327687,88.81277275810378
scene0000_00,1274,114,1,50,150,35,0.4198472786908385,0.30076252363362865,92.07616882273672
scene0000_00,1285,115,1,50,150,34,0.3971174784260846,0.32333746652089224,85.76899355405199
scene0000_00,1296,116,1,50,150,33,0.4327748166246238,0.2742338892408162,88.62223226718972
scene0000_00,1307,117,1,50,150,32,0.46495801848122453,0.3040044917594811,98.63630336908963
scene0000_00,1318,118,1,50,150,31,0.28349463261060515,0.2746249182081601,54.518998892935684
scene0000_00,1329,119,1,50,150,30,0.2602914649023724,0.3273680807420339,46.491673737662374
scene0000_00,1341,120,1,50,150,29,0.3147004281852517,0.3284548638130195,46.86618213603035
scene0000_00,1352,121,1,50,150,28,0.39332020623971387,0.5866229746948849,42.43133101022839
scene0000_00,1363,122,1,50,150,27,0.46964241874949475,0.6465195095289664,24.038271821281217
scene0000_00,1374,123,1,50,150,26,0.4078804674834666,0.32866097516892206,26.720213992654628
scene0000_00,1385,124,1,50,150,25,0.4400599375769011,0.23175504981975922,42.74881339873147
scene0000_00,1397,125,1,50,150,24,0.39029142067439393,0.38113779306088863,28.530379642767844
scene0000_00,1408,126,1,50,150,23,0.4906349140632884,0.9065226497945185,51.62355026655008
scene0000_00,1419,127,1,50,150,22,0.5052747355967993,0.9787635299691357,69.06570923814337
scene0000_00,1430,128,1,50,150,21,0.5400211525816239,0.9169515828815061,111.15632677632749
scene0000_00,1441,129,1,50,150,20,0.3485953849605534,0.61590179022925,28.717777757971493
scene0000_00,1452,130,1,50,150,19,0.39489084845787126,0.795647347997422,32.86873944447283
scene0000_00,1464,131,1,50,150,18,0.3432861722039,0.40211971219864195,41.27919591794057
scene0000_00,1475,132,1,50,150,17,0.38897921298181015,0.43751009203671104,45.26833636856413
scene0000_00,1486,133,1,50,150,16,0.37871104292178503,0.2687703074277106,52.42086780260068
scene0000_00,1497,134,1,50,150,15,0.3565397380685875,0.3054106263081377,46.12800888191025
scene0000_00,1508,135,1,50,150,14,0.31744728974898495,0.48028363998415996,28.197236695627396
scene0000_00,1519,136,1,50,150,13,0.4624544172788476,0.8763182312523913,60.87626963847774
scene0000_00,1531,137,1,50,150,12,0.4445581584313636,0.8803831224979504,37.92021435397454
scene0000_00,1542,138,1,50,150,11,0.46352273656610543,0.9135975561958923,60.42831655358904
scene0000_00,1553,139,1,50,150,10,0.4024008663088793,0.6873081380692024,28.322844985128913
scene0000_00,1564,140,1,50,150,9,0.48717655796418946,0.8403840831394556,62.9530823410133
scene0000_00,1575,141,1,50,150,8,0.5881816776079887,0.6104422290959945,175.0302381127791
scene0000_00,1587,142,1,50,150,7,0.5425275531810294,0.7742078383023457,135.017681110872
scene0000_00,1598,143,1,50,150,6,0.5087741027706135,0.6876550144549535,82.65694832921302
scene0000_00,1609,144,1,50,150,5,0.3846311152271258,0.3836019640218888,22.556485931453036
scene0000_00,1620,145,1,50,150,4,0.4432494210310429,0.48303621862488233,30.911592634315298
scene0000_00,1631,146,1,50,150,3,0.45001991071899816,0.49352379196485174,31.93395704162878
scene0000_00,1642,147,1,50,150,2,0.3863165028161648,0.44396178158002403,10.824251553755468
scene0000_00,1654,148,1,50,150,1,0.48066485570601925,0.7503760402695533,79.41833476146107
scene0000_00,1665,149,1,50,150,0,0.5250593217284378,0.6068015444579382,161.7786934295622
scene0000_00,1117,100,2,100,200,0,0.6050113878916463,0.1092742161832483,166.84796459210745
scene0000_00,1128,101,2,100,200,1,0.62260892335025,0.12422761525708186,166.39579147323136
scene0000_00,1139,102,2,100,200,2,0.5671564681961894,0.1351190896415339,166.89639737205727
scene0000_00,1151,103,2,100,200,3,0.5867775870978296,0.21704135945289546,164.0918231523192
scene0000_00,1162,104,2,100,200,4,0.551669937058175,0.14505480705799675,165.28944572970633
scene0000_00,1173,105,2,100,200,5,0.570157113438382,0.18513399105187156,166.2979251523898
scene0000_00,1184,106,2,100,200,6,0.5690788720315049,0.18831981241714976,164.95543151502523
scene0000_00,1195,107,2,100,200,7,0.5489077770868647,0.3009822364594774,165.46959058967073
scene0000_00,1207,108,2,100,200,8,0.5322446378680656,0.35781818991259967,166.04199897450505
scene0000_00,1218,109,2,100,200,9,0.5299482962449874,0.3073451645081922,167.4130518174802
scene0000_00,1229,110,2,100,200,10,0.5452403566978525,0.3822251300243814,166.38771501714186
scene0000_00,1240,111,2,100,200,11,0.5697762840136344,0.26484322773314156,166.50071157190624
scene0000_00,1251,112,2,100,200,12,0.5794684722463228,0.3194352106225356,165.70822056796592
scene0000_00,1262,113,2,100,200,13,0.6602654357340347,0.31900985922126623,165.81501225042797
scene0000_00,1274,114,2,100,200,14,0.6590681476050819,0.27114072194663175,165.23840616542037
scene0000_00,1285,115,2,100,200,15,0.6445347638892308,0.2994942867726411,165.41650037589483
scene0000_00,1296,116,2,100,200,16,0.6555822595631396,0.2228882492705981,164.9668402777685
scene0000_00,1307,117,2,100,200,17,0.6986877463244642,0.23871533889616206,164.9445791740176
scene0000_00,1318,118,2,100,200,18,0.5696466411664954,0.20922402651781155,166.20993690508033
scene0000_00,1329,119,2,100,200,19,0.542544138973178,0.28614113714651745,166.02974893247105
scene0000_00,1341,120,2,100,200,20,0.5270923269735293,0.2606527860594551,165.26978254186608
scene0000_00,1352,121,2,100,200,21,0.5385447592293333,0.5177724988541889,164.5309653760519
scene0000_00,1363,122,2,100,200,22,0.5589973146870297,0.5857933420263807,163.70411296785912
scene0000_00,1374,123,2,100,200,23,0.4629459247919414,0.3646723741137941,165.2443826770929
scene0000_00,1385,124,2,100,200,24,0.4736495344109255,0.33061585392580023,167.37463633680542
scene0000_00,1397,125,2,100,200,25,0.43466460983258703,0.4465817722948256,166.07930713646223
scene0000_00,1408,126,2,100,200,26,0.5276646198465202,1.020936241148326,166.78418390627832
scene0000_00,1419,127,2,100,200,27,0.5574303671806926,1.1208547135037932,172.1081764580821
scene0000_00,1430,128,2,100,200,28,0.5722163509775698,1.0891686981651596,171.9419384964194
scene0000_00,1441,129,2,100,200,29,0.4166789216555338,0.6884408251308545,167.35639666120736
scene0000_00,1452,130,2,100,200,30,0.4517329314570986,0.8883071708020117,167.14962147360825
scene0000_00,1464,131,2,100,200,31,0.35314201956257807,0.5245416680007706,167.92905506693862
scene0000_00,1475,132,2,100,200,32,0.4141618788784214,0.5540142445919907,169.13371329756734
scene0000_00,1486,133,2,100,200,33,0.3893360540086177,0.39943401680652413,169.73156410412778
scene0000_00,1497,134,2,100,200,34,0.3528582683338086,0.3835518934716991,168.9714996084167
scene0000_00,1508,135,2,100,200,35,0.3729110090603993,0.48007105832113656,167.66809717641058
scene0000_00,1519,136,2,100,200,36,0.5140208366313824,1.0212027748445307,168.3640524858002
scene0000_00,1531,137,2,100,200,37,0.50849817061621,0.9356042883831059,164.93912787693532
scene0000_00,1542,138,2,100,200,38,0.5320576963977264,0.9955312160977929,164.07702544885254
scene0000_00,1553,139,2,100,200,39,0.4688212747627768,0.640163275908999,165.4814133865448
scene0000_00,1564,140,2,100,200,40,0.5294081374835258,0.8469993145872712,166.63837299055433
scene0000_00,1575,141,2,100,200,41,0.6137349129984541,0.7748698164278025,176.32321394818618
scene0000_00,1587,142,2,100,200,42,0.6276009705142895,0.9164185755523329,179.6932179686546
scene0000_00,1598,143,2,100,200,43,0.5386041667882697,0.6576493815231218,172.0010274268555
scene0000_00,1609,144,2,100,200,44,0.4258669647088562,0.19662922897294416,166.02561492827607
scene0000_00,1620,145,2,100,200,45,0.4940344742156203,0.29796278894155304,166.89925102431548
scene0000_00,1631,146,2,100,200,46,0.5024805920090806,0.3152478155320649,169.57855910895958
scene0000_00,1642,147,2,100,200,47,0.4476938026193248,0.26553725847274495,166.0208973993405
scene0000_00,1654,148,2,100,200,48,0.5342984099584571,0.7728047354074757,169.17804863264735
scene0000_00,1665,149,2,100,200,49,0.5962600695054661,0.7419940639345994,179.39926685994476
scene0000_00,1676,150,2,100,200,49,0.3603554120200331,0.1446218579155334,168.31040451054125
scene0000_00,1687,151,2,100,200,48,0.2574340671513782,0.12060347583086901,168.92197838979547
scene0000_00,1698,152,2,100,200,47,0.2276919088229088,0.1563754392797388,169.1156676892478
scene0000_00,1709,153,2,100,200,46,0.21007712999479977,0.20032979460590852,168.70363006314315
scene0000_00,1721,154,2,100,200,45,0.20822084431535148,0.1912131075347972,169.49006643903206
scene0000_00,1732,155,2,100,200,44,0.1956288114851109,0.17004779805284378,169.1644938160788
scene0000_00,1743,156,2,100,200,43,0.2247048325222032,0.1813612023971798,168.06994697526548
scene0000_00,1754,157,2,100,200,42,0.2266240478277186,0.1926626203276707,168.48537465032928
scene0000_00,1765,158,2,100,200,41,0.21799363040796904,0.22881250383826077,168.54904629604667
scene0000_00,1777,159,2,100,200,40,0.237271694126719,0.31568579986967105,169.53989006921447
scene0000_00,1788,160,2,100,200,39,0.24958367927639125,0.24790648403668464,170.65476721370354
scene0000_00,1799,161,2,100,200,38,0.25221516326140025,0.23703153515033082,170.2268950919834
scene0000_00,1810,162,2,100,200,37,0.23968398782118738,0.22305277242076604,171.35359789478755
scene0000_00,1821,163,2,100,200,36,0.24363748651406847,0.2802824849344023,170.8969525047217
scene0000_00,1832,164,2,100,200,35,0.24919034415100838,0.27495198805390947,170.85437634463662
scene0000_00,1844,165,2,100,200,34,0.22432888463114542,0.31552921844299836,169.94997311648027
scene0000_00,1855,166,2,100,200,33,0.2729460500492401,0.3105193188022751,168.70755744545693
scene0000_00,1866,167,2,100,200,32,0.29503989259615726,0.33526557727387046,167.5327530390804
scene0000_00,1877,168,2,100,200,31,0.3813808362536655,0.3681283311150861,165.05818716794363
scene0000_00,1888,169,2,100,200,30,0.5284274682361791,0.4718718617396531,169.1028594177815
scene0000_00,1899,170,2,100,200,29,0.5798398923877802,0.5374056219626573,167.01122325305369
scene0000_00,1911,171,2,100,200,28,0.6311324884006657,0.7055509857170895,166.36437596961792
scene0000_00,1922,172,2,100,200,27,0.6443732300564976,0.7763686888603587,166.9176170259471
scene0000_00,1933,173,2,100,200,26,0.6523825000949719,0.7296399653532504,166.79657939247534
scene0000_00,1944,174,2,100,200,25,0.6509494233249983,0.6866736331265093,166.3137547154854
scene0000_00,1955,175,2,100,200,24,0.6442032346243527,0.7000391319513164,167.0981166312987
scene0000_00,1967,176,2,100,200,23,0.6524988555417794,0.6748852591031831,167.50592399354483
scene0000_00,1978,177,2,100,200,22,0.6604510480247957,0.7236497670062584,167.0451745108834
scene0000_00,1989,178,2,100,200,21,0.6655535203854885,0.7327826341764253,166.84111346949027
scene0000_00,2000,179,2,100,200,20,0.6608151430064484,0.7170685403874355,166.53015971474534
scene0000_00,2011,180,2,100,200,19,0.6644893745521618,0.7056318701276972,166.78578512489005
scene0000_00,2022,181,2,100,200,18,0.6395257962444507,0.6262071164081616,166.46964643435288
scene0000_00,2034,182,2,100,200,17,0.6452765091224464,0.5369927879632918,166.83927727914704
scene0000_00,2045,183,2,100,200,16,0.4707802934004639,0.47784760933898657,166.0690233609979
scene0000_00,2056,184,2,100,200,15,0.4582879333251286,0.46222443750304054,166.58753280725702
scene0000_00,2067,185,2,100,200,14,0.42803908980074756,0.4275145061634586,166.3917205251965
scene0000_00,2078,186,2,100,200,13,0.4115377277052197,0.3914759157243605,166.60378938841265
scene0000_00,2089,187,2,100,200,12,0.40375340751288824,0.3615206954109819,166.67353753593898
scene0000_00,2101,188,2,100,200,11,0.4048734414864352,0.31285052260108764,167.3831327091745
scene0000_00,2112,189,2,100,200,10,0.37598835550559373,0.2781154192787548,166.94142571142604
scene0000_00,2123,190,2,100,200,9,0.3685570931743418,0.27118018415335937,167.4114889126977
scene0000_00,2134,191,2,100,200,8,0.359958266819417,0.25369372295629256,167.3303353873639
scene0000_00,2145,192,2,100,200,7,0.36571449201485606,0.18433499322718797,167.6902870143371
scene0000_00,2157,193,2,100,200,6,0.3640810162511051,0.14906662739821286,167.4085016853002
scene0000_00,2168,194,2,100,200,5,0.36433570351215794,0.11582918688629351,167.158113395427
scene0000_00,2179,195,2,100,200,4,0.36508425638469655,0.1090278724598397,166.61231284318796
scene0000_00,2190,196,2,100,200,3,0.3669322898744485,0.17562627755014543,166.99786299442187
scene0000_00,2201,197,2,100,200,2,0.37988862511706123,0.2460721605427009,167.2082085741372
scene0000_00,2212,198,2,100,200,1,0.38129603171760085,0.3011067282648257,166.97423936781647
scene0000_00,2224,199,2,100,200,0,0.4069584824863406,0.3630529809139294,167.18460850495268
scene0000_00,1676,150,3,150,250,0,0.5691473189525291,0.4245969889802079,111.82846581310676
scene0000_00,1687,151,3,150,250,1,0.48363374388847946,0.40882305568645316,115.85536544489824
scene0000_00,1698,152,3,150,250,2,0.4616226151769949,0.44450678875222843,116.89121152667192
scene0000_00,1709,153,3,150,250,3,0.4532018350131398,0.48435564817483845,116.27305717480725
scene0000_00,1721,154,3,150,250,4,0.43593228516972105,0.47184423415896676,117.6856497565647
scene0000_00,1732,155,3,150,250,5,0.4273488902471343,0.4514760641976757,118.06268098083503
scene0000_00,1743,156,3,150,250,6,0.4563245847583546,0.4569287522775416,115.52439576912322
scene0000_00,1754,157,3,150,250,7,0.45454272344281543,0.44926612445290304,116.26697865405883
scene0000_00,1765,158,3,150,250,8,0.45822029730781333,0.5069072500822618,115.96791216881712
scene0000_00,1777,159,3,150,250,9,0.48797545168851,0.5929654555233481,115.38620435053011
scene0000_00,1788,160,3,150,250,10,0.49973347488718467,0.5164359685745699,115.60381916782497
scene0000_00,1799,161,3,150,250,11,0.510971328097035,0.4952930318608742,114.62390711246196
scene0000_00,1810,162,3,150,250,12,0.4994425600590571,0.46512397566464253,115.7339497069922
scene0000_00,1821,163,3,150,250,13,0.4745014440158798,0.5128091562627695,116.67371572951866
scene0000_00,1832,164,3,150,250,14,0.4885210990597344,0.48997503660249353,115.39924311519657
scene0000_00,1844,165,3,150,250,15,0.4800889867825312,0.5340115200588524,114.87019241735908
scene0000_00,1855,166,3,150,250,16,0.5546809351233706,0.47388304044150986,110.3822317442287
scene0000_00,1866,167,3,150,250,17,0.5824938761365929,0.43523111384705426,107.80371434694023
scene0000_00,1877,168,3,150,250,18,0.629798992081124,0.4273086130308141,104.93495295924862
scene0000_00,1888,169,3,150,250,19,0.7206802907603551,0.2847185805508242,107.02575394852641
scene0000_00,1899,170,3,150,250,20,0.7326564493349774,0.23874424847313708,105.86330706161812
scene0000_00,1911,171,3,150,250,21,0.7600664769356118,0.3660580019192406,105.5336060067098
scene0000_00,1922,172,3,150,250,22,0.7696150509740207,0.45281179796324983,105.87091804281962
scene0000_00,1933,173,3,150,250,23,0.7788649114465014,0.4263546319118777,105.70944020751038
scene0000_00,1944,174,3,150,250,24,0.7682675137590458,0.4010933411294768,105.20617122621965
scene0000_00,1955,175,3,150,250,25,0.7585838847186148,0.43469640644318663,105.83358758279725
scene0000_00,1967,176,3,150,250,26,0.7632744729073058,0.4169253103515905,106.5230119595645
scene0000_00,1978,177,3,150,250,27,0.7718561385745817,0.4658312126197642,106.49119375321385
scene0000_00,1989,178,3,150,250,28,0.7802404521392186,0.4821329082204164,106.2843865108682
scene0000_00,2000,179,3,150,250,29,0.7820004072789611,0.4803548691657494,106.0452992959861
scene0000_00,2011,180,3,150,250,30,0.794476780366644,0.48628746570506576,106.35907387404977
scene0000_00,2022,181,3,150,250,31,0.7923525485601436,0.43582125212498546,105.78855759894364
scene0000_00,2034,182,3,150,250,32,0.7902452576565347,0.4010142466263661,106.25891356403267
scene0000_00,2045,183,3,150,250,33,0.7896334003291507,0.3581565831252931,105.4424325033957
scene0000_00,2056,184,3,150,250,34,0.7995736202455395,0.36543277111151423,106.04593487970703
scene0000_00,2067,185,3,150,250,35,0.8077345395659588,0.3482042347320301,105.0887080721334
scene0000_00,2078,186,3,150,250,36,0.815701349643601,0.3349547406965897,105.45716115780856
scene0000_00,2089,187,3,150,250,37,0.8125919489351727,0.3248589464177369,105.97840666529996
scene0000_00,2101,188,3,150,250,38,0.8213183128458084,0.31251224206758527,105.97718558362193
scene0000_00,2112,189,3,150,250,39,0.8342545455122359,0.28569102940843594,105.35578475834713
scene0000_00,2123,190,3,150,250,40,0.842953183497899,0.2956140195126585,106.39637039392517
scene0000_00,2134,191,3,150,250,41,0.8392506317879008,0.30428741430211487,106.12341899970798
scene0000_00,2145,192,3,150,250,42,0.8418020971024942,0.2736857336416876,106.48664105828458
scene0000_00,2157,193,3,150,250,43,0.8253812999183211,0.23987804046731914,106.14535646265281
scene0000_00,2168,194,3,150,250,44,0.7085659561603166,0.22820632696900836,104.71291264804813
scene0000_00,2179,195,3,150,250,45,0.6762905486798516,0.2180122240771234,104.72090150209134
scene0000_00,2190,196,3,150,250,46,0.6776987311679696,0.18984910530470558,105.41644057501617
scene0000_00,2201,197,3,150,250,47,0.6762130210695163,0.1449279394731009,104.77392464013384
scene0000_00,2212,198,3,150,250,48,0.6766031185275805,0.10545844345670423,105.43741493536434
scene0000_00,2224,199,3,150,250,49,0.7029832046162484,0.06332042346584758,105.71757891594434
scene0000_00,2235,200,3,150,250,49,0.7001327176701264,0.05929419408786753,104.88944263427476
scene0000_00,2246,201,3,150,250,48,0.704745958880161,0.07261638676303082,105.04030891211417
scene0000_00,2257,202,3,150,250,47,0.7125876598264929,0.09123540010549676,106.20329473613799
scene0000_00,2268,203,3,150,250,46,0.6883719220505731,0.10309226087066059,106.37580076805808
scene0000_00,2279,204,3,150,250,45,0.6872348285047905,0.11166922496823564,105.7106754648643
scene0000_00,2291,205,3,150,250,44,0.6793303457718868,0.09418605550623221,105.53489945697065
scene0000_00,2302,206,3,150,250,43,0.6861365437442568,0.12051356935069599,105.18623590073577
scene0000_00,2313,207,3,150,250,42,0.6898229489176264,0.14216920406874609,105.38366607719787
scene0000_00,2324,208,3,150,250,41,0.7287584531925384,0.11924156232141289,105.18075642190982
scene0000_00,2335,209,3,150,250,40,0.821972846579023,0.12460478611332937,106.8384148773319
scene0000_00,2347,210,3,150,250,39,0.8420041249654439,0.11133299163780586,106.1974324879979
scene0000_00,2358,211,3,150,250,38,0.8571156881316248,0.18332865319486413,106.6498782967708
scene0000_00,2369,212,3,150,250,37,0.8464105709011778,0.21336382669882578,106.60921611388142
scene0000_00,2380,213,3,150,250,36,0.8414036188767615,0.22179279221641704,106.41285479634269
scene0000_00,2391,214,3,150,250,35,0.8208436318034555,0.18446646838282954,105.70160339049761
scene0000_00,2402,215,3,150,250,34,0.8192884072701299,0.19208322920006907,105.45506497906256
scene0000_00,2414,216,3,150,250,33,0.7895720119596958,0.17066842147764186,105.28610693153774
scene0000_00,2425,217,3,150,250,32,0.7777512092712374,0.20432969554649155,105.50139707461376
scene0000_00,2436,218,3,150,250,31,0.7617238120142826,0.2546563658016008,105.37664996203803
scene0000_00,2447,219,3,150,250,30,0.7555055523456833,0.25372955531255675,105.00954691116235
scene0000_00,2458,220,3,150,250,29,0.76889482538618,0.17489994507596301,105.11803709118966
scene0000_00,2469,221,3,150,250,28,0.7593903606516352,0.11395997754579208,105.33338250773211
scene0000_00,2481,222,3,150,250,27,0.7672626353430296,0.07184000488948719,105.3487690172394
scene0000_00,2492,223,3,150,250,26,0.7635035430917818,0.05175042097466299,105.45832987835614
scene0000_00,2503,224,3,150,250,25,0.7710109201607066,0.11185812131909925,105.41407578464838
scene0000_00,2514,225,3,150,250,24,0.7679844555595889,0.17613100484688116,105.62371816275777
scene0000_00,2525,226,3,150,250,23,0.7730298408084436,0.15380253515630848,105.21178712536525
scene0000_00,2537,227,3,150,250,22,0.7673394916435596,0.1256506623681694,105.70358529879725
scene0000_00,2548,228,3,150,250,21,0.7643842170493964,0.1462320965980556,105.26368456116921
scene0000_00,2559,229,3,150,250,20,0.7639316840066408,0.19729095652494696,105.46247521972496
scene0000_00,2570,230,3,150,250,19,0.7486971784197827,0.09434125475358031,104.51783580102146
scene0000_00,2581,231,3,150,250,18,0.7434523745817814,0.09231953203178214,105.73437203229956
scene0000_00,2592,232,3,150,250,17,0.7615971957327984,0.03741884390894681,105.405070435947
scene0000_00,2604,233,3,150,250,16,0.7627816034345944,0.026942989837930018,105.63667461451048
scene0000_00,2615,234,3,150,250,15,0.7622123577832869,0.021717475323762815,105.7608546106097
scene0000_00,2626,235,3,150,250,14,0.7700077500840611,0.020274719953073398,105.68693827958025
scene0000_00,2637,236,3,150,250,13,0.7770916220396429,0.09874770601746023,105.22441849616624
scene0000_00,2648,237,3,150,250,12,0.755061057852634,0.1612332554666448,104.80940809605168
scene0000_00,2659,238,3,150,250,11,0.7650019016324703,0.15868215267920016,105.33291417914126
scene0000_00,2671,239,3,150,250,10,0.7232969059869889,0.23815973960426953,104.00881319511826
scene0000_00,2682,240,3,150,250,9,0.6871967042618892,0.27474507107030427,103.40456648722065
scene0000_00,2693,241,3,150,250,8,0.7155099579636008,0.30743089435939636,103.99433537459895
scene0000_00,2704,242,3,150,250,7,0.7166464539393489,0.33293574170190543,104.78992156532232
scene0000_00,2715,243,3,150,250,6,0.7290932899716273,0.3535313085399659,103.81805235334686
scene0000_00,2727,244,3,150,250,5,0.7174735010380924,0.2686364124602851,103.88060134809146
scene0000_00,2738,245,3,150,250,4,0.7329925784459653,0.2764862073029301,104.38026943548334
scene0000_00,2749,246,3,150,250,3,0.7318609053231065,0.2302973857596144,104.4485963206193
scene0000_00,2760,247,3,150,250,2,0.7187632281634961,0.25502842937468506,103.866129950957
scene0000_00,2771,248,3,150,250,1,0.6966102670412317,0.17807824670610414,103.42689168550179
scene0000_00,2782,249,3,150,250,0,0.7169685998032215,0.19281985849705838,103.4603600941499
scene0000_00,2235,200,4,200,300,0,0.11451698779153163,0.05315876934330845,7.33651920409734
scene0000_00,2246,201,4,200,300,1,0.11127277645395728,0.055573155004286764,7.893307766207152
scene0000_00,2257,202,4,200,300,2,0.10850040305755992,0.0568624866752855,7.354660793224702
scene0000_00,2268,203,4,200,300,3,0.10693157788868768,0.05097291126819722,7.324104305621068
scene0000_00,2279,204,4,200,300,4,0.09167087065590995,0.06553347381433881,4.944220376072979
scene0000_00,2291,205,4,200,300,5,0.09298272431308008,0.07566640550105587,5.380168815424698
scene0000_00,2302,206,4,200,300,6,0.09839013250403827,0.08619549895468108,4.856372804595998
scene0000_00,2313,207,4,200,300,7,0.08486021058141646,0.07004393579787609,4.490860172383084
scene0000_00,2324,208,4,200,300,8,0.07974250137899808,0.10189310824951632,3.4459513056854285
scene0000_00,2335,209,4,200,300,9,0.07690034924456468,0.09331736134450579,3.9479624893897944
scene0000_00,2347,210,4,200,300,10,0.08062608797577453,0.08742965639961499,4.297209487969334
scene0000_00,2358,211,4,200,300,11,0.0758703088684094,0.07803627424353103,3.7818457264270524
scene0000_00,2369,212,4,200,300,12,0.08760359839707343,0.07222118557753927,3.111797596333515
scene0000_00,2380,213,4,200,300,13,0.08232170571516062,0.07745139185943337,3.380134622788939
scene0000_00,2391,214,4,200,300,14,0.07919943293636478,0.07599544636407131,3.774718269874552
scene0000_00,2402,215,4,200,300,15,0.07552047323711275,0.06320434847627164,3.920317311555757
scene0000_00,2414,216,4,200,300,16,0.07826966494801013,0.03157933823666889,1.6991235210159121
scene0000_00,2425,217,4,200,300,17,0.07743981158111302,0.04595120804883476,1.6304018092103465
scene0000_00,2436,218,4,200,300,18,0.07841675231457168,0.053788966283443644,1.1404492158889508
scene0000_00,2447,219,4,200,300,19,0.07733549338606216,0.04545060252868238,0.9990402487754632
scene0000_00,2458,220,4,200,300,20,0.08045596982270531,0.04119317414589405,1.763013341524723
scene0000_00,2469,221,4,200,300,21,0.07766113777426353,0.04175305406840577,1.6319457441810592
scene0000_00,2481,222,4,200,300,22,0.08302403763955957,0.042162250533276595,2.6688557911097983
scene0000_00,2492,223,4,200,300,23,0.08359771025633655,0.049173883065554494,4.493458683148081
scene0000_00,2503,224,4,200,300,24,0.0801428693753411,0.053356997166631774,4.981817559735172
scene0000_00,2514,225,4,200,300,25,0.0900197419535409,0.06942260922915197,5.599790428941781
scene0000_00,2525,226,4,200,300,26,0.0898020433369171,0.044063352620198656,3.2518282042991893
scene0000_00,2537,227,4,200,300,27,0.09300789142665278,0.020890547461225765,2.028691002284513
scene0000_00,2548,228,4,200,300,28,0.08757871490778923,0.055617814680093865,2.005560937033614
scene0000_00,2559,229,4,200,300,29,0.09840629759171737,0.09531882466379372,2.2990021231163538
scene0000_00,2570,230,4,200,300,30,0.09604783456690524,0.0665868615217704,2.3385462487413062
scene0000_00,2581,231,4,200,300,31,0.09545904509265835,0.0628913459748155,2.394797485537945
scene0000_00,2592,232,4,200,300,32,0.08860354918733937,0.03985315511309237,1.9922683057513741
scene0000_00,2604,233,4,200,300,33,0.08665293260083651,0.033075475221099826,2.7466431458422087
scene0000_00,2615,234,4,200,300,34,0.0886190500465831,0.031392874819295015,2.0231356358873325
scene0000_00,2626,235,4,200,300,35,0.09072987735562954,0.032247887916934385,2.317002177428348
scene0000_00,2637,236,4,200,300,36,0.09714296216575513,0.06004384682511987,3.3698472921796156
scene0000_00,2648,237,4,200,300,37,0.10064060381713502,0.08255361552276794,6.2646276033589015
scene0000_00,2659,238,4,200,300,38,0.11600032916393488,0.09602513196690617,6.6249928664528355
scene0000_00,2671,239,4,200,300,39,0.2814925830801509,0.08656601142382667,9.614657991282135
scene0000_00,2682,240,4,200,300,40,0.20745501289075008,0.10429006472520709,8.080029152032084
scene0000_00,2693,241,4,200,300,41,0.25925815070940506,0.10257392423446128,8.791608678834468
scene0000_00,2704,242,4,200,300,42,0.2814761204162922,0.11580981209573259,7.442522460231621
scene0000_00,2715,243,4,200,300,43,0.34015457302041785,0.14302561902915753,7.064515673945983
scene0000_00,2727,244,4,200,300,44,0.32253510351956005,0.10155339771826793,6.379387755903134
scene0000_00,2738,245,4,200,300,45,0.34666395121742377,0.13289097464596478,6.678549120281192
scene0000_00,2749,246,4,200,300,46,0.13603251166103392,0.12812307031950312,8.661570448381559
scene0000_00,2760,247,4,200,300,47,0.14259582416981553,0.1878155301055573,9.607802386077806
scene0000_00,2771,248,4,200,300,48,0.11933048271027191,0.10597800913196338,11.153301046496155
scene0000_00,2782,249,4,200,300,49,0.30031946478389404,0.1128039617544592,8.65519908230302
scene0000_00,2794,250,4,200,300,49,0.10816799079839523,0.14397810805966862,19.1631412737716
scene0000_00,2805,251,4,200,300,48,0.11038989329425963,0.1606035929830914,24.46074704948572
scene0000_00,2816,252,4,200,300,47,0.13786686346307708,0.2188850446146896,23.611838842683014
scene0000_00,2827,253,4,200,300,46,0.12849014903635558,0.16189182703054558,19.889234888211366
scene0000_00,2838,254,4,200,300,45,0.13719202775653694,0.1133337848379579,15.86513744998189
scene0000_00,2849,255,4,200,300,44,0.10358803971875152,0.13878088107311776,18.851391433898016
scene0000_00,2861,256,4,200,300,43,0.09829329280949906,0.15056476399793672,26.173892413536908
scene0000_00,2872,257,4,200,300,42,0.09541207083031855,0.16334495237823432,26.931819604830014
scene0000_00,2883,258,4,200,300,41,0.09469679182142965,0.1333028058289308,26.92251949985273
scene0000_00,2894,259,4,200,300,40,0.10729414023363859,0.16870486764845646,24.35383850747694
scene0000_00,2905,260,4,200,300,39,0.12440776444033963,0.21656052049243088,31.61095772436284
scene0000_00,2917,261,4,200,300,38,0.11215413955109543,0.12831779190080456,25.825379476323793
scene0000_00,2928,262,4,200,300,37,0.12718209126744684,0.2188358758744278,37.17983871021406
scene0000_00,2939,263,4,200,300,36,0.12013770592349093,0.21929169138007917,36.79007871473597
scene0000_00,2950,264,4,200,300,35,0.15599775094497914,0.27469277191566366,45.56113137104897
scene0000_00,2961,265,4,200,300,34,0.13982321044826973,0.27518139523207014,41.420845495966084
scene0000_00,2972,266,4,200,300,33,0.12940032103927068,0.2017562354055651,36.44468594455812
scene0000_00,2984,267,4,200,300,32,0.11164851125526809,0.12513380384281234,26.328284441031517
scene0000_00,2995,268,4,200,300,31,0.15485827612601943,0.21388986626811485,20.31344649077143
scene0000_00,3006,269,4,200,300,30,0.12530028868780074,0.23650342934506877,1.1255243235863372
scene0000_00,3017,270,4,200,300,29,0.1523190938011476,0.215533288122359,9.886636708409076
scene0000_00,3028,271,4,200,300,28,0.13069105660447589,0.1642739142283032,11.182520608198983
scene0000_00,3039,272,4,200,300,27,0.11788377554327667,0.11536389418422018,9.591540329664303
scene0000_00,3051,273,4,200,300,26,0.1039774106681065,0.09662353331158663,10.365811642700775
scene0000_00,3062,274,4,200,300,25,0.1073745347127002,0.13806965758906084,9.831746592887214
scene0000_00,3073,275,4,200,300,24,0.09651370330691855,0.11421592829169405,8.79131349459812
scene0000_00,3084,276,4,200,300,23,0.09669595103297968,0.07930264639132929,7.682434932401996
scene0000_00,3095,277,4,200,300,22,0.0933341581811229,0.10581012101438267,9.27585976888507
scene0000_00,3107,278,4,200,300,21,0.11554133016671886,0.1423713355330709,10.029537116270243
scene0000_00,3118,279,4,200,300,20,0.11546038450732676,0.09611425989274038,4.974711976703265
scene0000_00,3129,280,4,200,300,19,0.11868925210718073,0.11439480316370164,5.427447367624208
scene0000_00,3140,281,4,200,300,18,0.12583147343626722,0.13098807803337084,21.357982877199834
scene0000_00,3151,282,4,200,300,17,0.1227761923116838,0.17489683678898105,26.522275568013182
scene0000_00,3162,283,4,200,300,16,0.1252296630591796,0.20653935269887916,25.752286728766126
scene0000_00,3174,284,4,200,300,15,0.12410530184779889,0.29657967341278485,32.39838287308108
scene0000_00,3185,285,4,200,300,14,0.1094898716338848,0.2429354547568335,27.703214379961977
scene0000_00,3196,286,4,200,300,13,0.11820900825049874,0.01632891942909462,9.028021845864647
scene0000_00,3207,287,4,200,300,12,0.12777342217965193,0.19663074229142005,2.2928252703579854
scene0000_00,3218,288,4,200,300,11,0.11403307474130597,0.14278784695606303,11.414525968266522
scene0000_00,3229,289,4,200,300,10,0.09705734063474314,0.07417186327554239,7.053086006258754
scene0000_00,3241,290,4,200,300,9,0.10783256705435673,0.1295838794273022,7.889934379452508
scene0000_00,3252,291,4,200,300,8,0.0857114802750858,0.10449830086473207,8.749303327435346
scene0000_00,3263,292,4,200,300,7,0.07591635208770608,0.06139754562044011,6.476305943993346
scene0000_00,3274,293,4,200,300,6,0.07805957334096925,0.05334844520987703,6.355866564324009
scene0000_00,3285,294,4,200,300,5,0.07374014417684172,0.05372344622452157,6.188853542800919
scene0000_00,3297,295,4,200,300,4,0.07148684491379731,0.03842307667969922,5.856168511607692
scene0000_00,3308,296,4,200,300,3,0.07273206192588233,0.032464584264040655,6.010087628128146
scene0000_00,3319,297,4,200,300,2,0.0732935370298935,0.02554644287161708,5.677911038630446
scene0000_00,3330,298,4,200,300,1,0.07295719205541829,0.03359991722492843,5.646274685055328
scene0000_00,3341,299,4,200,300,0,0.07077116391804472,0.027318091166759813,4.655444578497392
scene0000_00,2794,250,5,250,350,0,0.7499604270185207,0.1538777035690079,17.700981042386744
scene0000_00,2805,251,5,250,350,1,0.7423956676795466,0.13020620541591685,24.213895350057083
scene0000_00,2816,252,5,250,350,2,0.7766535910541219,0.15163405690433443,21.05631040186829
scene0000_00,2827,253,5,250,350,3,0.7702532057430269,0.10146486978071458,16.009387882904658
scene0000_00,2838,254,5,250,350,4,0.7845419642683817,0.07124331669860985,12.629260285468051
scene0000_00,2849,255,5,250,350,5,0.7936764838108923,0.07633651637544182,14.841311696062053
scene0000_00,2861,256,5,250,350,6,0.7580187917060872,0.0977944530181731,22.231333833298336
scene0000_00,2872,257,5,250,350,7,0.7484894644177179,0.11612073429604533,22.71388054972683
scene0000_00,2883,258,5,250,350,8,0.7466127986022381,0.10787070938257114,22.78165520798801
scene0000_00,2894,259,5,250,350,9,0.7574132285024968,0.14442500968515534,19.500469723473955
scene0000_00,2905,260,5,250,350,10,0.741225160994748,0.20727852840708366,27.742387194464936
scene0000_00,2917,261,5,250,350,11,0.7352972059107533,0.1422349412902221,23.085187446814885
scene0000_00,2928,262,5,250,350,12,0.698368588608181,0.24361628678701605,34.042968502885195
scene0000_00,2939,263,5,250,350,13,0.6939607205777945,0.24014056177202733,34.30403222530827
scene0000_00,2950,264,5,250,350,14,0.6714404155799129,0.2923701181054598,42.11320329955885
scene0000_00,2961,265,5,250,350,15,0.6862762396917326,0.28675478607673444,38.49723278271122
scene0000_00,2972,266,5,250,350,16,0.6781792625137005,0.20234157141699272,32.35501826162932
scene0000_00,2984,267,5,250,350,17,0.6917139266446726,0.08788897762254534,22.726906063198108
scene0000_00,2995,268,5,250,350,18,0.6865855332388224,0.12901908333956177,17.442258894583105
scene0000_00,3006,269,5,250,350,19,0.6945700216579631,0.13959823652695166,3.770136413396782
scene0000_00,3017,270,5,250,350,20,0.6769940202764618,0.13463949203661837,12.273585467909566
scene0000_00,3028,271,5,250,350,21,0.6587312638503073,0.10367950026751016,14.404215185576932
scene0000_00,3039,272,5,250,350,22,0.6978713522782927,0.11597475624912454,13.236812436258448
scene0000_00,3051,273,5,250,350,23,0.6964225390273902,0.10941383522353995,14.034739280250188
scene0000_00,3062,274,5,250,350,24,0.699329198995237,0.10427644873600309,13.162468611514335
scene0000_00,3073,275,5,250,350,25,0.6894733568748689,0.08793778740270676,12.189480709143089
scene0000_00,3084,276,5,250,350,26,0.6784252160229949,0.039211195732043555,10.596557355906011
scene0000_00,3095,277,5,250,350,27,0.6656947655621775,0.11233523505096862,12.517223607687244
scene0000_00,3107,278,5,250,350,28,0.6747994979469545,0.10882529977857625,12.096479221704692
scene0000_00,3118,279,5,250,350,29,0.6598724512527938,0.04490556551991377,2.64530357060408
scene0000_00,3129,280,5,250,350,30,0.6556751554686097,0.043046870986501104,3.5468390137993073
scene0000_00,3140,281,5,250,350,31,0.6327830111457113,0.16346975829726385,19.53537892475746
scene0000_00,3151,282,5,250,350,32,0.6528069451030882,0.20209295752253867,23.97391321191606
scene0000_00,3162,283,5,250,350,33,0.673155483422446,0.2334976586789484,23.50308750918484
scene0000_00,3174,284,5,250,350,34,0.6558499882721518,0.30788779943199285,30.343952769615182
scene0000_00,3185,285,5,250,350,35,0.6673966965535683,0.2753783789376834,25.379809223449055
scene0000_00,3196,286,5,250,350,36,0.6796204785141905,0.09638387310599937,6.872365810005969
scene0000_00,3207,287,5,250,350,37,0.7062686799134625,0.12685587686076719,1.4386640092303047
scene0000_00,3218,288,5,250,350,38,0.6986654846985195,0.11553209321551827,14.345064867925299
scene0000_00,3229,289,5,250,350,39,0.6831331305812028,0.0722725222340164,10.44706816509121
scene0000_00,3241,290,5,250,350,40,0.6754717774885592,0.13160111793653761,12.138678290361076
scene0000_00,3252,291,5,250,350,41,0.6579413143797234,0.09503379951917293,13.476010003297016
scene0000_00,3263,292,5,250,350,42,0.6555773433925388,0.05981211325239311,11.929940075293786
scene0000_00,3274,293,5,250,350,43,0.6364857192942999,0.06447078964401158,11.617223329314598
scene0000_00,3285,294,5,250,350,44,0.6283422962804732,0.08175834733925746,12.057798441573675
scene0000_00,3297,295,5,250,350,45,0.6599056483951263,0.049752946821298244,9.37378389467029
scene0000_00,3308,296,5,250,350,46,0.6567617084390481,0.04450905330212887,9.406050048825708
scene0000_00,3319,297,5,250,350,47,0.6448886833255856,0.05197166219156296,10.175346930938847
scene0000_00,3330,298,5,250,350,48,0.6692372599507213,0.07789495505225295,8.991650066332081
scene0000_00,3341,299,5,250,350,49,0.6726225326957583,0.0903158331055843,9.47406204599815
scene0000_00,3352,300,5,250,350,49,0.6656082164385976,0.08277760342241623,10.93082567132154
scene0000_00,3364,301,5,250,350,48,0.6651607719318592,0.07859371398259841,10.221121967625148
scene0000_00,3375,302,5,250,350,47,0.6640516383564796,0.08052020627932521,10.954256644447572
scene0000_00,3386,303,5,250,350,46,0.671745918545323,0.06811602016833553,9.530790773409144
scene0000_00,3397,304,5,250,350,45,0.6955162102690665,0.08328784822106211,9.033050661242788
scene0000_00,3408,305,5,250,350,44,0.6963723915373192,0.11192706396567545,8.359162012977839
scene0000_00,3419,306,5,250,350,43,0.707300112379089,0.1399606634147341,7.896364993533032
scene0000_00,3431,307,5,250,350,42,0.6898883380811696,0.0993061485035627,10.488506788091751
scene0000_00,3442,308,5,250,350,41,0.7155033832898336,0.11203763848337958,11.265855307708984
scene0000_00,3453,309,5,250,350,40,0.7116915674580979,0.1360332885313533,11.14198528646782
scene0000_00,3464,310,5,250,350,39,0.709249915536191,0.15324416591590165,12.262558209896193
scene0000_00,3475,311,5,250,350,38,0.7021814964594029,0.13796711678797877,15.917884017310119
scene0000_00,3487,312,5,250,350,37,0.6931012395622898,0.23165394878038967,10.802027663845989
scene0000_00,3498,313,5,250,350,36,0.704683159458461,0.18174063970119375,12.706141865830476
scene0000_00,3509,314,5,250,350,35,0.692138881434339,0.18315312925715266,15.962333586245158
scene0000_00,3520,315,5,250,350,34,0.6914448866505541,0.2604692545427029,19.365416726075438
scene0000_00,3531,316,5,250,350,33,0.700827449401311,0.22521595779006137,17.064362653925667
scene0000_00,3542,317,5,250,350,32,0.6928605374744675,0.22444737345253918,20.144455606246073
scene0000_00,3554,318,5,250,350,31,0.6934374028879853,0.21575134605036284,20.798669386813028
scene0000_00,3565,319,5,250,350,30,0.6982022145287724,0.13528173268902752,18.38776143336707
scene0000_00,3576,320,5,250,350,29,0.696828736370344,0.08902089651565095,18.62311947351791
scene0000_00,3587,321,5,250,350,28,0.7095981146973123,0.11650760000963027,17.939813504692733
scene0000_00,3598,322,5,250,350,27,0.7037635361292793,0.06079495172470551,22.896360328808587
scene0000_00,3609,323,5,250,350,26,0.6902014701559158,0.029675675797336206,27.816471358612514
scene0000_00,3621,324,5,250,350,25,0.6966776010414898,0.07171365410621863,29.315465131734722
scene0000_00,3632,325,5,250,350,24,0.660993348400901,0.18137442048919092,37.27869662271457
scene0000_00,3643,326,5,250,350,23,0.6592692607882693,0.08725001073459714,37.05218787226187
scene0000_00,3654,327,5,250,350,22,0.6493536044322377,0.11413914529466605,42.793442831518476
scene0000_00,3665,328,5,250,350,21,0.6332298031178457,0.1896466841287253,53.13402653799429
scene0000_00,3677,329,5,250,350,20,0.663285764298778,0.14405630813417447,31.839023109269085
scene0000_00,3688,330,5,250,350,19,0.6226181234631751,0.15943224020273936,42.904545916921826
scene0000_00,3699,331,5,250,350,18,0.5990565282382084,0.12513502381454986,69.98671478803381
scene0000_00,3710,332,5,250,350,17,0.6139502467637545,0.07548346593301099,50.75612813322296
scene0000_00,3721,333,5,250,350,16,0.6554616470615776,0.0200095544680108,36.03472083524854
scene0000_00,3732,334,5,250,350,15,0.6867983409242513,0.13676392000735474,27.635843040962968
scene0000_00,3744,335,5,250,350,14,0.6702437250705855,0.16799343412068496,21.688252223896576
scene0000_00,3755,336,5,250,350,13,0.6415054740034959,0.1254135451380476,40.992117667032474
scene0000_00,3766,337,5,250,350,12,0.6002905220352401,0.24251057413267896,62.36966157146008
scene0000_00,3777,338,5,250,350,11,0.5966649236199916,0.24570411561348823,60.23445194607656
scene0000_00,3788,339,5,250,350,10,0.6151373246859582,0.17329364103044118,48.52148283958318
scene0000_00,3799,340,5,250,350,9,0.6333667965059221,0.009663407927469154,32.97401935202878
scene0000_00,3811,341,5,250,350,8,0.5813982862196748,0.2684202949292733,70.04579253984926
scene0000_00,3822,342,5,250,350,7,0.5780149136956021,0.3513809312496515,64.16408924207558
scene0000_00,3833,343,5,250,350,6,0.5352360619987229,1.2977992108849852,5.818001402427368
scene0000_00,3844,344,5,250,350,5,0.5901122644133724,0.2360116652289108,57.26370663244774
scene0000_00,3855,345,5,250,350,4,0.6227481378820873,0.21013850883694654,34.1712476874506
scene0000_00,3867,346,5,250,350,3,0.6401683598172675,0.40645692644597653,37.32652858277852
scene0000_00,3878,347,5,250,350,2,0.6456466087237642,0.40723362909260097,37.4206426359296
scene0000_00,3889,348,5,250,350,1,0.6078328724886838,0.3765377911149841,62.27274149959114
scene0000_00,3900,349,5,250,350,0,0.5766359257156087,0.284325503877528,70.58854357421704
scene0000_00,3352,300,6,300,400,0,0.16738588327497583,0.2825761908324114,8.057151194911105
scene0000_00,3364,301,6,300,400,1,0.16582878597943518,0.23761632493962676,8.104953446521563
scene0000_00,3375,302,6,300,400,2,0.16196387056543693,0.23111907126977205,8.73509449532766
scene0000_00,3386,303,6,300,400,3,0.15538884510492523,0.18791939131041602,8.549349140303807
scene0000_00,3397,304,6,300,400,4,0.1439460618822559,0.16024171540681018,8.90700449730027
scene0000_00,3408,305,6,300,400,5,0.14622666386785865,0.15206976008506573,9.34029554010923
scene0000_00,3419,306,6,300,400,6,0.14491026499705595,0.11773027359285362,8.994452721320444
scene0000_00,3431,307,6,300,400,7,0.14965684281969294,0.1026747000883471,10.636957892140508
scene0000_00,3442,308,6,300,400,8,0.13936867355802696,0.07434647999790901,10.82453267435987
scene0000_00,3453,309,6,300,400,9,0.13045418686830124,0.061149960053847256,10.677722866786555
scene0000_00,3464,310,6,300,400,10,0.12242375982408893,0.045323616952009836,10.06450703767299
scene0000_00,3475,311,6,300,400,11,0.15305081439811696,0.027232914757610836,11.915603902406781
scene0000_00,3487,312,6,300,400,12,0.15216860097057672,0.09110560886285127,8.521474782037197
scene0000_00,3498,313,6,300,400,13,0.17516012544910597,0.05317551702100965,10.987301229448645
scene0000_00,3509,314,6,300,400,14,0.1706865998082132,0.06041170789417623,13.245315744746422
scene0000_00,3520,315,6,300,400,15,0.15174061368205716,0.10504746868295002,16.744357453415393
scene0000_00,3531,316,6,300,400,16,0.15205499326401362,0.07555358178900835,13.727576452218818
scene0000_00,3542,317,6,300,400,17,0.16680527262328848,0.09385353123687776,16.960799661289926
scene0000_00,3554,318,6,300,400,18,0.16877557674326538,0.09196723078752889,19.53029726755945
scene0000_00,3565,319,6,300,400,19,0.18345334099011223,0.050354879094459765,17.636144016985448
scene0000_00,3576,320,6,300,400,20,0.18322816763369187,0.08901243425326118,17.151882306007373
scene0000_00,3587,321,6,300,400,21,0.1828421567263241,0.13958401223527409,16.334751933739923
scene0000_00,3598,322,6,300,400,22,0.18739882891832016,0.12390936298733903,21.709908455775256
scene0000_00,3609,323,6,300,400,23,0.2103651405198983,0.1383921507642124,24.065141753849947
scene0000_00,3621,324,6,300,400,24,0.20240590696030258,0.1147181444716948,25.79983915100989
scene0000_00,3632,325,6,300,400,25,0.2404652662909501,0.12949254959280604,33.33825480510021
scene0000_00,3643,326,6,300,400,26,0.22674326048713656,0.1127275980105068,32.69392080420147
scene0000_00,3654,327,6,300,400,27,0.23410893519489973,0.1045258151073267,37.0571821389095
scene0000_00,3665,328,6,300,400,28,0.24866958003289463,0.09278825884002215,49.16635178167499
scene0000_00,3677,329,6,300,400,29,0.2162881428294947,0.04836474873589009,29.78067418708994
scene0000_00,3688,330,6,300,400,30,0.23052088737841148,0.11438395420342032,38.50913853250871
scene0000_00,3699,331,6,300,400,31,0.2713818242215208,0.18372618861932538,67.39648560367151
scene0000_00,3710,332,6,300,400,32,0.24386434836240167,0.1311926222087581,48.013158910986995
scene0000_00,3721,333,6,300,400,33,0.2155500500405192,0.22596587501763835,33.82503936913207
scene0000_00,3732,334,6,300,400,34,0.2077518808977552,0.2959705774448431,26.28330502732825
scene0000_00,3744,335,6,300,400,35,0.18880476084090925,0.3638476318278983,21.228700117180903
scene0000_00,3755,336,6,300,400,36,0.19892437180253142,0.31581173576817206,38.9475059305135
scene0000_00,3766,337,6,300,400,37,0.23704362018236025,0.29377278105395177,60.51335931205277
scene0000_00,3777,338,6,300,400,38,0.2324694251768672,0.3003920464264002,57.624786867233354
scene0000_00,3788,339,6,300,400,39,0.21012545877523103,0.2764513511928059,46.56497715357502
scene0000_00,3799,340,6,300,400,40,0.19896927987645296,0.24163445598012476,31.864293540068253
scene0000_00,3811,341,6,300,400,41,0.28337249637353046,0.4739283225177604,74.3532671725366
scene0000_00,3822,342,6,300,400,42,0.2857431263640289,0.5061381937652275,67.09183860472808
scene0000_00,3833,343,6,300,400,43,0.36487994400284895,1.1525371564780424,13.457470641057075
scene0000_00,3844,344,6,300,400,44,0.2466432062958669,0.42564506697920296,57.30069789480362
scene0000_00,3855,345,6,300,400,45,0.18648567478717804,0.30137191225930976,32.5931115850064
scene0000_00,3867,346,6,300,400,46,0.18668045748918938,0.5325041825778108,36.717861444915094
scene0000_00,3878,347,6,300,400,47,0.19729221980042078,0.5269736396292649,34.500188515606794
scene0000_00,3889,348,6,300,400,48,0.23526791737723474,0.40712076186616813,59.490598163608524
scene0000_00,3900,349,6,300,400,49,0.3005821320627091,0.22644612642146325,70.661956535667
scene0000_00,3911,350,6,300,400,49,0.44052238423595513,0.19870282699716774,94.27263928893281
scene0000_00,3922,351,6,300,400,48,0.41441933889560956,0.13873989527152275,84.95697642796073
scene0000_00,3934,352,6,300,400,47,0.48491491395978215,0.1892752417202247,110.58480938724757
scene0000_00,3945,353,6,300,400,46,0.4494776840733161,0.04629002716214793,118.14158273811637
scene0000_00,3956,354,6,300,400,45,0.40454214349132234,0.1797716086535808,112.78096133286878
scene0000_00,3967,355,6,300,400,44,0.3886143809452579,0.2127067528945198,99.15433852429085
scene0000_00,3978,356,6,300,400,43,0.42637439994781234,0.08908858427619949,122.08821477070362
scene0000_00,3989,357,6,300,400,42,0.4790502375325886,0.2747797962658532,136.5131598905997
scene0000_00,4001,358,6,300,400,41,0.4224509927035869,0.07639328560414478,120.35200902272956
scene0000_00,4012,359,6,300,400,40,0.42700974037576633,0.21676745918595186,119.32378488558396
scene0000_00,4023,360,6,300,400,39,0.5013425924019811,0.5934607153529277,129.40842099821498
scene0000_00,4034,361,6,300,400,38,0.4452006763200277,0.12405188534732287,119.08718824474369
scene0000_00,4045,362,6,300,400,37,0.35545943374897204,0.19386131521908984,79.85540584690335
scene0000_00,4057,363,6,300,400,36,0.1694131773027281,0.554927328353391,40.004952359047415
scene0000_00,4068,364,6,300,400,35,0.18899920254084857,0.5321801411483166,39.353649588405986
scene0000_00,4079,365,6,300,400,34,0.1915969674825776,0.5498434171464207,40.0934117565227
scene0000_00,4090,366,6,300,400,33,0.17428655045407282,0.5348441421334852,33.2057668600528
scene0000_00,4101,367,6,300,400,32,0.17170710634727637,0.5728398927575468,28.896176476676125
scene0000_00,4112,368,6,300,400,31,0.1638244336418917,0.5359364718649559,22.178136599105198
scene0000_00,4124,369,6,300,400,30,0.16969182840769303,0.5230763502509049,21.749832964165787
scene0000_00,4135,370,6,300,400,29,0.1876782520637552,0.4982985256951906,18.45601776211303
scene0000_00,4146,371,6,300,400,28,0.19982583136558318,0.3406494671993734,27.331428147927777
scene0000_00,4157,372,6,300,400,27,0.20090805031376102,0.36651723829321964,22.374480033098962
scene0000_00,4168,373,6,300,400,26,0.2261253483059784,0.1338820336391267,39.69708585481552
scene0000_00,4179,374,6,300,400,25,0.21826695743504854,0.17796229982757703,52.900792823765364
scene0000_00,4191,375,6,300,400,24,0.22383140581211625,0.18872649509867603,49.498058228944096
scene0000_00,4202,376,6,300,400,23,0.2322648965596794,0.2149185562945517,22.37200187207953
scene0000_00,4213,377,6,300,400,22,0.20192030561804564,0.29500113491050556,12.346348962650696
scene0000_00,4224,378,6,300,400,21,0.3009517048317717,0.6826884327404042,14.086774625197952
scene0000_00,4235,379,6,300,400,20,0.40979996907836247,0.5213249803710777,57.43387774264418
scene0000_00,4247,380,6,300,400,19,0.34083439139301874,0.465318457418291,43.12910352888245
scene0000_00,4258,381,6,300,400,18,0.4088545153943932,0.8760681738671101,54.33038468239987
scene0000_00,4269,382,6,300,400,17,0.47441154592739554,0.7348487449445958,86.70591015297495
scene0000_00,4280,383,6,300,400,16,0.3512540926115202,0.57172483423837,54.444596063978146
scene0000_00,4291,384,6,300,400,15,0.3936534893918979,0.44905954012622545,71.19448317298885
scene0000_00,4302,385,6,300,400,14,0.3921531844623912,0.412535599171307,69.18778028493752
scene0000_00,4314,386,6,300,400,13,0.38865808709337313,0.38762350246177046,68.15564344261898
scene0000_00,4325,387,6,300,400,12,0.3874637917287408,0.3935266984114448,62.86626067497856
scene0000_00,4336,388,6,300,400,11,0.5222026181656912,0.38933788089186194,73.4361448160439
scene0000_00,4347,389,6,300,400,10,0.5033992689240058,0.40931022301196796,69.23856569707681
scene0000_00,4358,390,6,300,400,9,0.5321683117844993,0.4300883211644052,68.8280077440525
scene0000_00,4369,391,6,300,400,8,0.5118537110637303,0.3407679476209147,70.32337114525416
scene0000_00,4381,392,6,300,400,7,0.3896795460100253,0.29546882198269164,64.09618983273288
scene0000_00,4392,393,6,300,400,6,0.379848827919702,0.40284221402409254,59.275033858908884
scene0000_00,4403,394,6,300,400,5,0.42767203888576444,0.4881164736565801,60.996900633160394
scene0000_00,4414,395,6,300,400,4,0.5250595809917635,0.2978405582833778,75.46561713603451
scene0000_00,4425,396,6,300,400,3,0.4739224618367509,0.34513203825094096,66.72052181799613
scene0000_00,4437,397,6,300,400,2,0.43597536241442714,0.35763296000379025,66.50525108438892
scene0000_00,4448,398,6,300,400,1,0.4445569494288917,0.42505936680417583,62.6457211466473
scene0000_00,4459,399,6,300,400,0,0.46692873542678937,0.4017585141430544,57.58229053430071
scene0000_00,3911,350,7,350,450,0,0.737728580516319,0.5157713392776812,176.7046679641164
scene0000_00,3922,351,7,350,450,1,0.7416362732000124,0.4326981710617518,177.5818051652248
scene0000_00,3934,352,7,350,450,2,0.7599400932762357,0.5117929001525235,177.4677817132361
scene0000_00,3945,353,7,350,450,3,0.7470599618575328,0.34297593112182473,175.9982814088151
scene0000_00,3956,354,7,350,450,4,0.727565162539366,0.3214145668228972,175.4310095717063
scene0000_00,3967,355,7,350,450,5,0.7268908751481287,0.3497280324346243,176.5420388395273
scene0000_00,3978,356,7,350,450,6,0.7304314053664822,0.360049641477147,175.52578372075735
scene0000_00,3989,357,7,350,450,7,0.7236461118183057,0.5878420180625309,173.99181086244036
scene0000_00,4001,358,7,350,450,8,0.7333004355904047,0.40734455360702004,174.98335748271836
scene0000_00,4012,359,7,350,450,9,0.7142663976166644,0.500788240460699,174.41797555732637
scene0000_00,4023,360,7,350,450,10,0.7198956969127941,0.8339668805574291,173.49723397617987
scene0000_00,4034,361,7,350,450,11,0.7523928756454215,0.39918250947374634,175.48404985824217
scene0000_00,4045,362,7,350,450,12,0.7065466237376002,0.07283696529852883,175.9942341129673
scene0000_00,4057,363,7,350,450,13,0.5077196751133287,0.5551876784247247,176.2198662890418
scene0000_00,4068,364,7,350,450,14,0.4860288885531239,0.5445326171200173,177.10717752930512
scene0000_00,4079,365,7,350,450,15,0.5017906277917299,0.5414317173778966,176.73322225414495
scene0000_00,4090,366,7,350,450,16,0.48459304133486714,0.566666107018297,178.44945115143972
scene0000_00,4101,367,7,350,450,17,0.4835506788820292,0.6298018404089476,177.92961491661768
scene0000_00,4112,368,7,350,450,18,0.45952913593905953,0.6217571829349272,177.71467178143305
scene0000_00,4124,369,7,350,450,19,0.4586682018309567,0.6139775909640927,177.7038267277463
scene0000_00,4135,370,7,350,450,20,0.4563578968656803,0.5977159358437705,178.39858721691212
scene0000_00,4146,371,7,350,450,21,0.496521600103639,0.4338069028478688,178.73496862686773
scene0000_00,4157,372,7,350,450,22,0.47021365807180016,0.4606800898377236,178.30331527763946
scene0000_00,4168,373,7,350,450,23,0.5374983261125649,0.19138139971019444,179.3148747978657
scene0000_00,4179,374,7,350,450,24,0.5607588325880659,0.1452101034445631,178.89803035729446
scene0000_00,4191,375,7,350,450,25,0.5499525886300876,0.11234514805578347,179.6311983305072
scene0000_00,4202,376,7,350,450,26,0.4950621334044558,0.031622234812579,179.47500006533318
scene0000_00,4213,377,7,350,450,27,0.4362405072834601,0.137427872336675,177.73110272318448
scene0000_00,4224,378,7,350,450,28,0.4543055890658667,0.6040735054133787,179.09032194539893
scene0000_00,4235,379,7,350,450,29,0.4642423663140718,0.566049604805126,179.7957187364786
scene0000_00,4247,380,7,350,450,30,0.42375904866931124,0.39287760644002173,179.13946052407985
scene0000_00,4258,381,7,350,450,31,0.524395907608368,0.8900771455671979,179.3356248987668
scene0000_00,4269,382,7,350,450,32,0.5193146940102646,0.7962031887153698,175.9670479838012
scene0000_00,4280,383,7,350,450,33,0.3617831221832781,0.5867541283270776,178.7349463387319
scene0000_00,4291,384,7,350,450,34,0.2647037172729654,0.4396646158057326,179.22316303401286
scene0000_00,4302,385,7,350,450,35,0.255484641930667,0.41573604401844566,179.1274977820997
scene0000_00,4314,386,7,350,450,36,0.2525380119221021,0.4052735581938226,179.45584660773758
scene0000_00,4325,387,7,350,450,37,0.2448734750017454,0.40948958353222825,179.6391387689264
scene0000_00,4336,388,7,350,450,38,0.2534107504837352,0.33403627200013664,179.4536679096734
scene0000_00,4347,389,7,350,450,39,0.252716841972335,0.30729342915165303,179.95255877861783
scene0000_00,4358,390,7,350,450,40,0.2506500522852666,0.3221313433927355,179.55146015172193
scene0000_00,4369,391,7,350,450,41,0.2508006736447237,0.25873437786228415,178.00922817164533
scene0000_00,4381,392,7,350,450,42,0.2447561334655144,0.285204567270723,177.1451894473524
scene0000_00,4392,393,7,350,450,43,0.25256790347796954,0.3072249687982161,178.24269499811882
scene0000_00,4403,394,7,350,450,44,0.25050886040430553,0.3322576567821791,177.6354329039839
scene0000_00,4414,395,7,350,450,45,0.23500480482988462,0.23110030812546564,178.34289710533085
scene0000_00,4425,396,7,350,450,46,0.22568230993957838,0.13828980095019433,179.27842041196791
scene0000_00,4437,397,7,350,450,47,0.2274738316147037,0.13444665133458317,178.85745433372477
scene0000_00,4448,398,7,350,450,48,0.20882284152937547,0.1266876062153672,179.30722317373974
scene0000_00,4459,399,7,350,450,49,0.2118090000014603,0.10262812541978489,179.25568107692268
scene0000_00,4470,400,7,350,450,49,0.18929808059297037,0.16472750921592322,178.53904754230308
scene0000_00,4481,401,7,350,450,48,0.1967106640667684,0.022622194359879513,179.3669622742316
scene0000_00,4492,402,7,350,450,47,0.20182101374821515,0.02980420724473964,179.7611152997299
scene0000_00,4504,403,7,350,450,46,0.19027717444131897,0.11058384944435212,179.71897983367046
scene0000_00,4515,404,7,350,450,45,0.1927721474520212,0.09314689275007373,179.0122162521771
scene0000_00,4526,405,7,350,450,44,0.20100992013121521,0.06311119193389376,178.68993022174206
scene0000_00,4537,406,7,350,450,43,0.2251800402026629,0.11209320848771602,177.79039791395175
scene0000_00,4548,407,7,350,450,42,0.2329878658749197,0.08937271482381567,177.39230695278562
scene0000_00,4559,408,7,350,450,41,0.23507781399870675,0.1609946805186842,177.2525127379667
scene0000_00,4571,409,7,350,450,40,0.23923231251244148,0.14847228927606726,178.9756796810461
scene0000_00,4582,410,7,350,450,39,0.25407877529078393,0.21274303833896693,178.77958704767292
scene0000_00,4593,411,7,350,450,38,0.2095393143678863,0.05712253614443637,178.44886909373275
scene0000_00,4604,412,7,350,450,37,0.20347946235883096,0.019074901028421083,178.5640971620409
scene0000_00,4615,413,7,350,450,36,0.2071149234437829,0.06665154479861557,178.73396693258033
scene0000_00,4627,414,7,350,450,35,0.2061573671873922,0.08367996939601817,178.278737779644
scene0000_00,4638,415,7,350,450,34,0.2112446842059863,0.17132875066094636,177.9663251473091
scene0000_00,4649,416,7,350,450,33,0.20800764795800042,0.27672106414834985,178.88373971593373
scene0000_00,4660,417,7,350,450,32,0.22185575057282425,0.39065945755217685,177.8279653784721
scene0000_00,4671,418,7,350,450,31,0.19157448849514902,0.45870518824251866,176.87220071148795
scene0000_00,4682,419,7,350,450,30,0.19664541188671625,0.4492618196819068,177.02804899581395
scene0000_00,4694,420,7,350,450,29,0.27806947326475784,0.31007144895789485,178.44348700612701
scene0000_00,4705,421,7,350,450,28,0.40934974901598054,0.11666066004153176,176.54451755854643
scene0000_00,4716,422,7,350,450,27,0.5530565901760693,0.19668325880355578,178.86133495087904
scene0000_00,4727,423,7,350,450,26,0.5885255858257933,0.22635712608329148,176.66348545021964
scene0000_00,4738,424,7,350,450,25,0.6574966413980844,0.2145463497691004,176.2060345061249
scene0000_00,4749,425,7,350,450,24,0.6588923067605768,0.31666151261797887,176.14622395573656
scene0000_00,4761,426,7,350,450,23,0.6197720735883746,0.40881911272474963,178.23235467254352
scene0000_00,4772,427,7,350,450,22,0.6710330699850784,0.2584559859849928,176.14356621405128
scene0000_00,4783,428,7,350,450,21,0.6539374191453409,0.14186682720199195,175.22822338568503
scene0000_00,4794,429,7,350,450,20,0.5572928626780534,0.28970648581358943,175.89169026365136
scene0000_00,4805,430,7,350,450,19,0.5289336270684141,0.4179525188684996,178.53431984921406
scene0000_00,4817,431,7,350,450,18,0.37883242774248427,0.09815261293551934,177.68553949410816
scene0000_00,4828,432,7,350,450,17,0.24069629453557684,0.22291644692334656,177.59938077291193
scene0000_00,4839,433,7,350,450,16,0.2342590441256237,0.11657607948669506,178.0149495085569
scene0000_00,4850,434,7,350,450,15,0.23092692314518226,0.1830881372663917,177.87700622248383
scene0000_00,4861,435,7,350,450,14,0.20879755109033737,0.11383857758327554,177.70698602336762
scene0000_00,4872,436,7,350,450,13,0.17360446341668345,0.2098798224510643,179.98363909118635
scene0000_00,4884,437,7,350,450,12,0.2568767735728431,0.2453021158732493,177.00727635518663
scene0000_00,4895,438,7,350,450,11,0.2666291317366749,0.23522761616966525,177.9545410061564
scene0000_00,4906,439,7,350,450,10,0.3071724265892576,0.2616810065572725,178.5688962724552
scene0000_00,4917,440,7,350,450,9,0.17661590334605481,0.206541536169397,177.2302707293078
scene0000_00,4928,441,7,350,450,8,0.15689917847024037,0.21349912938864257,178.35303629974877
scene0000_00,4939,442,7,350,450,7,0.15441965337547314,0.21064514901391732,178.95171377478928
scene0000_00,4951,443,7,350,450,6,0.20086058237649074,0.10859622503018172,176.85417521592842
scene0000_00,4962,444,7,350,450,5,0.20857655927624774,0.1374697807696509,177.02758586014897
scene0000_00,4973,445,7,350,450,4,0.3912343672851504,0.10176471088313511,177.7069284784865
scene0000_00,4984,446,7,350,450,3,0.17330434431162967,0.13860204306260498,177.974947199706
scene0000_00,4995,447,7,350,450,2,0.1626190642000187,0.22463224142401958,178.95771534615784
scene0000_00,5007,448,7,350,450,1,0.16506973305235595,0.24717992530068328,179.63326606504282
scene0000_00,5018,449,7,350,450,0,0.17271945682822853,0.21673173517748023,179.15781393898553
scene0000_00,4470,400,8,400,500,0,0.7448828887747829,0.15885415694693514,171.50132634407967
scene0000_00,4481,401,8,400,500,1,0.6905829167176971,0.13917740434964734,170.83520034537665
scene0000_00,4492,402,8,400,500,2,0.6982122550035532,0.11786059679633662,171.63946382065848
scene0000_00,4504,403,8,400,500,3,0.7229700977176488,0.14974823213184454,171.9952085276994
scene0000_00,4515,404,8,400,500,4,0.7136514860846446,0.10588895413662952,172.36826511661977
scene0000_00,4526,405,8,400,500,5,0.6657783609915464,0.14418693111327527,172.45822292426752
scene0000_00,4537,406,8,400,500,6,0.63974672491479,0.19434270418660002,173.11756299968837
scene0000_00,4548,407,8,400,500,7,0.6848582373753671,0.15646873637048037,173.6926881022471
scene0000_00,4559,408,8,400,500,8,0.701268400228839,0.18242558435722164,173.44485181409743
scene0000_00,4571,409,8,400,500,9,0.6887674015239518,0.16879776517788686,171.07382141823092
scene0000_00,4582,410,8,400,500,10,0.6846673462108175,0.26936013706192957,172.39521347374273
scene0000_00,4593,411,8,400,500,11,0.6567569767644343,0.1141034287043122,172.53013185098595
scene0000_00,4604,412,8,400,500,12,0.6849156056547238,0.08606305894249837,172.62101390502767
scene0000_00,4615,413,8,400,500,13,0.6786271291275083,0.09872955757471376,173.15661124220136
scene0000_00,4627,414,8,400,500,14,0.6846321625312345,0.09713093212033755,173.38096564678304
scene0000_00,4638,415,8,400,500,15,0.6850413853388769,0.1732988616988229,173.21219585462492
scene0000_00,4649,416,8,400,500,16,0.6767104641047034,0.2888780160518511,172.6690726881297
scene0000_00,4660,417,8,400,500,17,0.611669796144915,0.3992525350479021,173.96089556107478
scene0000_00,4671,418,8,400,500,18,0.630467940280433,0.49797390572058986,174.6927596722306
scene0000_00,4682,419,8,400,500,19,0.6216567726360938,0.507578432837062,174.3941232541698
scene0000_00,4694,420,8,400,500,20,0.671206385598003,0.3555138105309617,174.33842991683937
scene0000_00,4705,421,8,400,500,21,0.7226830838423538,0.18682761745122203,178.78165246396998
scene0000_00,4716,422,8,400,500,22,0.7043861707609916,0.2425448739930053,178.4589008119803
scene0000_00,4727,423,8,400,500,23,0.7151396025611509,0.26225742584323264,176.47243907361798
scene0000_00,4738,424,8,400,500,24,0.776567373764732,0.26992679753653004,175.2283733302008
scene0000_00,4749,425,8,400,500,25,0.7718842693922727,0.36881582403196267,174.21070998425915
scene0000_00,4761,426,8,400,500,26,0.748266101592164,0.46944941684759345,176.1826004370797
scene0000_00,4772,427,8,400,500,27,0.7530371420879135,0.3017236166828614,175.90331952911922
scene0000_00,4783,428,8,400,500,28,0.7480173526133231,0.18992613486441487,175.76756517597934
scene0000_00,4794,429,8,400,500,29,0.6808877402396706,0.34068782475647347,177.9630031720125
scene0000_00,4805,430,8,400,500,30,0.685765950313701,0.4027391574975621,178.93429403224658
scene0000_00,4817,431,8,400,500,31,0.66621798427244,0.11770210410043173,177.3778168863918
scene0000_00,4828,432,8,400,500,32,0.5992714705548717,0.22996490187538754,173.90901696063455
scene0000_00,4839,433,8,400,500,33,0.6032313596731185,0.1224015390218316,173.36602854007987
scene0000_00,4850,434,8,400,500,34,0.659338063698314,0.20379307952967782,173.82009397270187
scene0000_00,4861,435,8,400,500,35,0.6902831753591809,0.08660357160233965,173.71755133412245
scene0000_00,4872,436,8,400,500,36,0.7377068476760529,0.13704123984462308,171.64662529702517
scene0000_00,4884,437,8,400,500,37,0.7475451534225679,0.1483623353903867,171.85532911108197
scene0000_00,4895,438,8,400,500,38,0.75313553999619,0.11692221537535052,172.5187809539989
scene0000_00,4906,439,8,400,500,39,0.7255481242304939,0.165974815142012,174.339086978848
scene0000_00,4917,440,8,400,500,40,0.7492469439779202,0.1408351865111831,174.3691214113527
scene0000_00,4928,441,8,400,500,41,0.7515829928254243,0.12673872031409125,173.04185072449806
scene0000_00,4939,442,8,400,500,42,0.7532137440117219,0.14566944604407123,173.82768077640893
scene0000_00,4951,443,8,400,500,43,0.7149860433501962,0.13214593836955854,175.19803393160242
scene0000_00,4962,444,8,400,500,44,0.7128822609452701,0.1704352693025292,175.82905008058864
scene0000_00,4973,445,8,400,500,45,0.6563296516867669,0.11564998918064566,175.41723904853916
scene0000_00,4984,446,8,400,500,46,0.7422073600709587,0.03766723144023614,175.47059476036446
scene0000_00,4995,447,8,400,500,47,0.7419100507934598,0.11185118560679431,173.25330217175966
scene0000_00,5007,448,8,400,500,48,0.7390572245891988,0.1293311198497051,172.98474317144647
scene0000_00,5018,449,8,400,500,49,0.7434563141726984,0.09243956608789687,172.4508424172242
scene0000_00,5029,450,8,400,500,49,0.7540324545821018,0.11379092222098697,171.7994009349038
scene0000_00,5040,451,8,400,500,48,0.7578275144371648,0.13558340709888517,172.45750071529238
scene0000_00,5051,452,8,400,500,47,0.7281424997683414,0.16151917929280407,174.06507694675076
scene0000_00,5062,453,8,400,500,46,0.7308093240937831,0.252183295705188,172.67232807026159
scene0000_00,5074,454,8,400,500,45,0.6949817647072664,0.2809937419669242,173.61650731167578
scene0000_00,5085,455,8,400,500,44,0.73143117218662,0.20958689997326072,172.96982134286907
scene0000_00,5096,456,8,400,500,43,0.7468604635909036,0.10159474134266626,172.05631024694216
scene0000_00,5107,457,8,400,500,42,0.7478036306061723,0.14520540332840315,172.55980533741308
scene0000_00,5118,458,8,400,500,41,0.7491479584925889,0.16070880516981198,172.39967349250787
scene0000_00,5129,459,8,400,500,40,0.7395453734001083,0.1440702217118463,172.2257762061143
scene0000_00,5141,460,8,400,500,39,0.7440617135789683,0.1470837766352571,172.4201199066628
scene0000_00,5152,461,8,400,500,38,0.7369739313205773,0.20992159708071523,171.15580506936902
scene0000_00,5163,462,8,400,500,37,0.7226762059824416,0.2235649092254064,171.98561483900906
scene0000_00,5174,463,8,400,500,36,0.7349836224867003,0.2409235999807257,171.5374541178733
scene0000_00,5185,464,8,400,500,35,0.7298125652087815,0.21689803785058195,171.92136286801457
scene0000_00,5197,465,8,400,500,34,0.7465185900574648,0.20202964714107854,172.23580333434253
scene0000_00,5208,466,8,400,500,33,0.7383004687535963,0.17245687522550415,172.49462359768893
scene0000_00,5219,467,8,400,500,32,0.7467060804759111,0.2083420928202035,172.51727572861935
scene0000_00,5230,468,8,400,500,31,0.7381533962711365,0.22663917028118455,172.1574141987713
scene0000_00,5241,469,8,400,500,30,0.7386780809676474,0.3279064323605311,172.14736985603696
scene0000_00,5252,470,8,400,500,29,0.7468993229609551,0.3604677486499383,172.62452358668693
scene0000_00,5264,471,8,400,500,28,0.7462427453827074,0.36928390298705904,173.09963864394499
scene0000_00,5275,472,8,400,500,27,0.7522578275928256,0.3638470633357294,173.19460112244738
scene0000_00,5286,473,8,400,500,26,0.7531668295161935,0.33981916296298686,173.0589190374648
scene0000_00,5297,474,8,400,500,25,0.7490945724096938,0.28598761539616235,172.94349165070022
scene0000_00,5308,475,8,400,500,24,0.7401186671470716,0.2857996947605592,173.23004196502222
scene0000_00,5319,476,8,400,500,23,0.7435023248207728,0.3082978112898136,173.27904475409906
scene0000_00,5331,477,8,400,500,22,0.7386774384841914,0.2723505407719422,172.61318489412037
scene0000_00,5342,478,8,400,500,21,0.7541621949413944,0.2562846590519214,172.5995563271156
scene0000_00,5353,479,8,400,500,20,0.7402935102554046,0.22658213178992284,172.65771388058954
scene0000_00,5364,480,8,400,500,19,0.752478982015536,0.19731399182664947,172.66345007726378
scene0000_00,5375,481,8,400,500,18,0.7617282665342363,0.19756936405637107,172.47529150556304
scene0000_00,5387,482,8,400,500,17,0.7654301568279244,0.1349364927236639,171.87260409137772
scene0000_00,5398,483,8,400,500,16,0.772937210334505,0.07379276331404397,172.02537913870128
scene0000_00,5409,484,8,400,500,15,0.7929893730020173,0.07422195633354124,172.782302504971
scene0000_00,5420,485,8,400,500,14,0.8249093323111295,0.033687321570076804,173.58733607135827
scene0000_00,5431,486,8,400,500,13,0.8533983671445707,0.09073385283102145,173.44737240291695
scene0000_00,5442,487,8,400,500,12,0.8697708435992522,0.13890207679806602,173.06051090362544
scene0000_00,5454,488,8,400,500,11,0.889570395435622,0.16759915568647415,173.3330396901124
scene0000_00,5465,489,8,400,500,10,0.8980409009221282,0.19347824941100614,172.84957599718135
scene0000_00,5476,490,8,400,500,9,0.9071388506052238,0.2213134943699047,172.47326262479754
scene0000_00,5487,491,8,400,500,8,0.9180472868289693,0.23389481507388446,173.01361118439428
scene0000_00,5498,492,8,400,500,7,0.919088598708144,0.24215827909305698,172.87306816738948
scene0000_00,5509,493,8,400,500,6,0.929983397592638,0.26225552912518374,172.4873752738186
scene0000_00,5521,494,8,400,500,5,0.8949739384247092,0.3176762792364505,173.60004046417455
scene0000_00,5532,495,8,400,500,4,0.884567421666234,0.35819423446668724,173.10368001537213
scene0000_00,5543,496,8,400,500,3,0.8563120838866826,0.4097044866120461,176.3149611953866
scene0000_00,5554,497,8,400,500,2,0.860879187974246,0.410172118993136,174.86371448491204
scene0000_00,5565,498,8,400,500,1,0.8598741745397009,0.445866623665097,173.9365722839249
scene0000_00,5577,499,8,400,500,0,0.8536270601475707,0.44723226990814535,174.20340154884732
scene0691_00,0,0,0,0,100,0,0.03518722291123699,0.04246828933552548,0.9357355217916835
scene0691_00,2,1,0,0,100,1,0.04929280238656886,0.041941612700631695,1.004475135725602
scene0691_00,4,2,0,0,100,2,0.03396962252584945,0.03232233153007789,1.2315447377833588
scene0691_00,7,3,0,0,100,3,0.03310024164390857,0.01585087308847411,1.2995933455672903
scene0691_00,9,4,0,0,100,4,0.03237718499440956,0.01712713356384267,1.489909705948823
scene0691_00,11,5,0,0,100,5,0.03304679311829739,0.015699555549903484,1.4516605357773569
scene0691_00,14,6,0,0,100,6,0.032393380624042956,0.01192306217538018,1.4306720205314132
scene0691_00,16,7,0,0,100,7,0.031265469951952785,0.02339059788997518,1.457431516677105
scene0691_00,18,8,0,0,100,8,0.031361193790525155,0.02086363902017508,1.8737025424285174
scene0691_00,21,9,0,0,100,9,0.0308147557512517,0.013649099863114694,1.652163548537756
scene0691_00,23,10,0,0,100,10,0.032144644502378084,0.02014829413307901,1.9207127196882847
scene0691_00,25,11,0,0,100,11,0.030858712973558022,0.014558512122926307,1.8219929313608179
scene0691_00,28,12,0,0,100,12,0.03074537042459846,0.011580466428042828,1.9831712240080916
scene0691_00,30,13,0,0,100,13,0.03122017227338003,0.011141438665801853,1.6719705272802783
scene0691_00,33,14,0,0,100,14,0.032335355535646926,0.011444965479496116,2.033088032565955
scene0691_00,35,15,0,0,100,15,0.0324749528300905,0.009787193335264769,2.0497027758336346
scene0691_00,37,16,0,0,100,16,0.03359053806962009,0.00930893859402761,2.002335875950831
scene0691_00,40,17,0,0,100,17,0.034015189379877464,0.014332973828356084,2.2133899703317117
scene0691_00,42,18,0,0,100,18,0.033943145865121815,0.010268744818381307,2.0989329967409507
scene0691_00,44,19,0,0,100,19,0.03381318929414712,0.007310053698488378,1.9930366488738729
scene0691_00,47,20,0,0,100,20,0.03182144137286369,0.002394822071148811,1.9449617921938143
scene0691_00,49,21,0,0,100,21,0.032323630071528164,0.0045992270695707615,1.938448767020034
scene0691_00,51,22,0,0,100,22,0.03330421001537265,0.005994993951646002,2.1530518818568805
scene0691_00,54,23,0,0,100,23,0.038797081276484846,0.02371134318217661,2.4411268259739445
scene0691_00,56,24,0,0,100,24,0.04044811938869863,0.02428172846189074,2.790054795303709
scene0691_00,59,25,0,0,100,25,0.03930359663271643,0.016988490876935356,2.425256165024757
scene0691_00,61,26,0,0,100,26,0.04879346098081627,0.027224293215546588,3.0234525947162307
scene0691_00,63,27,0,0,100,27,0.03943646706335824,0.010000297214640321,2.384439115960295
scene0691_00,66,28,0,0,100,28,0.0372973791435699,0.015152377870842556,1.818261142890198
scene0691_00,68,29,0,0,100,29,0.03768998365525422,0.018121953678145713,1.9419065207065533
scene0691_00,70,30,0,0,100,30,0.036275948782045764,0.012224667709282185,2.2173190745342115
scene0691_00,73,31,0,0,100,31,0.03538624190915696,0.007597666278780812,1.9174609811107204
scene0691_00,75,32,0,0,100,32,0.04091900311109975,0.012126846057370265,1.9114182818940006
scene0691_00,77,33,0,0,100,33,0.039850312148929756,0.014485167774411391,1.8970733031184035
scene0691_00,80,34,0,0,100,34,0.03761456551360132,0.01207457942372854,1.8703233782303783
scene0691_00,82,35,0,0,100,35,0.03781760143901125,0.013688770427133923,1.7875596320280351
scene0691_00,84,36,0,0,100,36,0.03819631406685797,0.017011067594238812,1.8740263371200045
scene0691_00,87,37,0,0,100,37,0.03616241382888297,0.016439048072570156,1.9722270513195714
scene0691_00,89,38,0,0,100,38,0.03582123393830616,0.011748560977721036,1.8848492217948076
scene0691_00,92,39,0,0,100,39,0.03749682583964753,0.014649241019156897,1.8367942474795755
scene0691_00,94,40,0,0,100,40,0.037997383057768674,0.010819012946000487,2.237942848695269
scene0691_00,96,41,0,0,100,41,0.03706944626394826,0.006142777138429367,2.1150952394118856
scene0691_00,99,42,0,0,100,42,0.03832545388008779,0.010755523213862446,2.218157079922602
scene0691_00,101,43,0,0,100,43,0.03739888502017896,0.012168478353445807,2.150751748851275
scene0691_00,103,44,0,0,100,44,0.038989140492638574,0.01603137142018398,2.4024657818715576
scene0691_00,106,45,0,0,100,45,0.03762011598670001,0.016790169809532986,2.1384301762995337
scene0691_00,108,46,0,0,100,46,0.03798547968474508,0.0063073582956159726,2.1129284213002357
scene0691_00,110,47,0,0,100,47,0.038002913667627425,0.0034342578776020666,2.0265099036726544
scene0691_00,113,48,0,0,100,48,0.035881086243224614,0.009097173219732815,1.719358557729403
scene0691_00,115,49,0,0,100,49,0.03524555378545069,0.00757628340853212,2.0409328104256916
scene0691_00,118,50,0,0,100,49,0.03504738234624161,0.00911965026622302,1.843234496748541
scene0691_00,120,51,0,0,100,48,0.034631937072114205,0.007646070289034754,1.7734875757224782
scene0691_00,122,52,0,0,100,47,0.0350929235420665,0.01353750268502321,1.6056852567349638
scene0691_00,125,53,0,0,100,46,0.03400439161561897,0.013574068009618351,1.7391867764148874
scene0691_00,127,54,0,0,100,45,0.0343173357783928,0.01567481033277682,1.7796673489507888
scene0691_00,129,55,0,0,100,44,0.0340139073097363,0.006962767805478823,1.834490589020847
scene0691_00,132,56,0,0,100,43,0.03276378504992439,0.008523840925571773,1.8497536390103213
scene0691_00,134,57,0,0,100,42,0.03399931465877526,0.009422338489915978,1.8297509369674896
scene0691_00,136,58,0,0,100,41,0.03425673713454391,0.007566298539961951,1.9218508932581242
scene0691_00,139,59,0,0,100,40,0.03604373623138868,0.015784207113016657,2.2322644103928906
scene0691_00,141,60,0,0,100,39,0.03445941892908855,0.009696528341675215,2.0619640236664947
scene0691_00,144,61,0,0,100,38,0.03355014065815143,0.009601328593376054,2.351799152140607
scene0691_00,146,62,0,0,100,37,0.035860175340510336,0.0049088616489817065,2.3475173359516353
scene0691_00,148,63,0,0,100,36,0.03868722075001996,0.004948909410120452,2.482018248433877
scene0691_00,151,64,0,0,100,35,0.03650396025474101,0.007679119052217997,2.4523109998862305
scene0691_00,153,65,0,0,100,34,0.03631354645527618,0.006081648994321295,2.4326163515577885
scene0691_00,155,66,0,0,100,33,0.03790643421285278,0.008842680341527163,2.297702015460343
scene0691_00,158,67,0,0,100,32,0.03877205956836438,0.00906775271041741,2.5156892110351574
scene0691_00,160,68,0,0,100,31,0.037936241074009946,0.012599374659704432,2.371703569988008
scene0691_00,162,69,0,0,100,30,0.03551263658362114,0.009823232810745434,2.356649557025376
scene0691_00,165,70,0,0,100,29,0.03495338689954153,0.009148035526160394,2.5373258419001683
scene0691_00,167,71,0,0,100,28,0.03574179252108167,0.008289405724705908,2.6570476275349892
scene0691_00,169,72,0,0,100,27,0.034714172084182926,0.006914705872324144,2.4622865230988724
scene0691_00,172,73,0,0,100,26,0.03540712854333272,0.01338317095504399,2.535640210479345
scene0691_00,174,74,0,0,100,25,0.037360248249925565,0.014055212254464605,2.237252761736226
scene0691_00,177,75,0,0,100,24,0.03628871881759421,0.01973760936631137,2.2731755176071715
scene0691_00,179,76,0,0,100,23,0.03547189515565674,0.019520628929588328,2.409867180334981
scene0691_00,181,77,0,0,100,22,0.036013326499680254,0.017103688687267124,2.374195709762831
scene0691_00,184,78,0,0,100,21,0.034296549713293656,0.013008415464269429,2.279128963247931
scene0691_00,186,79,0,0,100,20,0.037313193551121504,0.010869121523428052,2.1073456386197194
scene0691_00,188,80,0,0,100,19,0.03769956338596603,0.00854274084350431,2.347814343108132
scene0691_00,191,81,0,0,100,18,0.03578223660877122,0.004101547834334719,2.1811212897696595
scene0691_00,193,82,0,0,100,17,0.03639618116490562,0.005555933787795395,2.8518370959088486
scene0691_00,195,83,0,0,100,16,0.035747007795925434,0.009915469874187205,2.92865190262579
scene0691_00,198,84,0,0,100,15,0.03534753889736275,0.017089969921352435,3.8402615196822043
scene0691_00,200,85,0,0,100,14,0.03835048632753413,0.013895831296681722,3.9940502488757827
scene0691_00,203,86,0,0,100,13,0.03580684102906373,0.016394786757856755,4.09293715770444
scene0691_00,205,87,0,0,100,12,0.0354390586718909,0.012818735713589312,4.145794679595499
scene0691_00,207,88,0,0,100,11,0.035552459926478264,0.009313703146882383,3.6655920675121156
scene0691_00,210,89,0,0,100,10,0.03749850669765631,0.01834721274477397,3.526939438551249
scene0691_00,212,90,0,0,100,9,0.0360426073692619,0.01907185881993844,4.527668770728787
scene0691_00,214,91,0,0,100,8,0.03730340392128517,0.01890592585952133,4.296767452667955
scene0691_00,217,92,0,0,100,7,0.03592871124419217,0.01709903492188802,4.8846630671760956
scene0691_00,219,93,0,0,100,6,0.0382397581079954,0.013514364223206909,3.999970508975105
scene0691_00,221,94,0,0,100,5,0.03646363965483157,0.01904469075204007,4.937313436464862
scene0691_00,224,95,0,0,100,4,0.037962426448611586,0.024273207282282043,4.100775493111848
scene0691_00,226,96,0,0,100,3,0.04221417426109031,0.02191031174291529,4.627358699768876
scene0691_00,228,97,0,0,100,2,0.04160324511289182,0.020679418920031563,3.6493461170781254
scene0691_00,231,98,0,0,100,1,0.04253123874032105,0.04391393383663693,4.737479478826894
scene0691_00,233,99,0,0,100,0,0.04334503335121953,0.04212291323213149,4.490244627804697
scene0691_00,118,50,1,50,150,0,0.14337257020179173,0.03161739214300992,2.6949612206721847
scene0691_00,120,51,1,50,150,1,0.13852138466598984,0.03082779524437404,2.613426181263921
scene0691_00,122,52,1,50,150,2,0.13953678309651285,0.023655931713744846,2.507265531171077
scene0691_00,125,53,1,50,150,3,0.13490142223893853,0.019830024993016625,2.5201290077060996
scene0691_00,127,54,1,50,150,4,0.13562392154493952,0.018714139274107613,2.792429651041025
scene0691_00,129,55,1,50,150,5,0.1379636319402584,0.02459084556243165,2.7992792737359498
scene0691_00,132,56,1,50,150,6,0.1332881313003922,0.01943383091397131,2.4181593334281666
scene0691_00,134,57,1,50,150,7,0.13466995697057604,0.020476861282552657,2.6532043855031535
scene0691_00,136,58,1,50,150,8,0.1357803320747748,0.0203709208748821,2.8067000944984124
scene0691_00,139,59,1,50,150,9,0.13651743156760365,0.012817555339375328,3.0159476765966136
scene0691_00,141,60,1,50,150,10,0.13512442697147553,0.014998441526735358,2.7204143803201
scene0691_00,144,61,1,50,150,11,0.13312734871081566,0.013775939681584722,3.12419389487829
scene0691_00,146,62,1,50,150,12,0.13469653965832018,0.017108936656226603,3.0836930257100796
scene0691_00,148,63,1,50,150,13,0.13672897866427425,0.021534553546596807,3.5145281292831356
scene0691_00,151,64,1,50,150,14,0.13278043203117607,0.015705726980294352,3.3436496362302237
scene0691_00,153,65,1,50,150,15,0.1313746097301427,0.014683992498621307,3.078782405115996
scene0691_00,155,66,1,50,150,16,0.13395179478225583,0.013219333420646033,3.3269931282300287
scene0691_00,158,67,1,50,150,17,0.13328420959788212,0.009895758845689835,3.429836214577663
scene0691_00,160,68,1,50,150,18,0.13197589653532882,0.017879952953015987,3.0920541092994727
scene0691_00,162,69,1,50,150,19,0.12950504297842957,0.009540913493384713,3.059922434785879
scene0691_00,165,70,1,50,150,20,0.12999492717714434,0.006036372128374748,3.3227658427895816
scene0691_00,167,71,1,50,150,21,0.12980431855886487,0.007320712637324311,3.312998293134755
scene0691_00,169,72,1,50,150,22,0.13071299292161864,0.009555746071575768,3.187658947362964
scene0691_00,172,73,1,50,150,23,0.13055141559122796,0.011253442466568942,3.1072909661596997
scene0691_00,174,74,1,50,150,24,0.12945543320074593,0.014259994127154207,2.7506353722096555
scene0691_00,177,75,1,50,150,25,0.13060537981283038,0.021529248954792565,2.782240204308721
scene0691_00,179,76,1,50,150,26,0.12940924554780642,0.02122354041226424,2.8063867522474024
scene0691_00,181,77,1,50,150,27,0.12734094859918088,0.01869704693721826,2.696440268342906
scene0691_00,184,78,1,50,150,28,0.12564939643168638,0.016404214958387467,2.7524658927771974
scene0691_00,186,79,1,50,150,29,0.128312449534435,0.01524154489626835,2.830775748207593
scene0691_00,188,80,1,50,150,30,0.12776573259723012,0.014325308139467538,3.0113769490503706
scene0691_00,191,81,1,50,150,31,0.1285517920388406,0.011758663769139449,2.9604152165387356
scene0691_00,193,82,1,50,150,32,0.13239892476665172,0.011564491073933671,3.661418493394219
scene0691_00,195,83,1,50,150,33,0.12886179490819927,0.01788239095052987,3.6834842746430443
scene0691_00,198,84,1,50,150,34,0.1349557880489074,0.003764208131430529,4.0859953769571655
scene0691_00,200,85,1,50,150,35,0.13540433719277523,0.011190129519318415,4.343454127807908
scene0691_00,203,86,1,50,150,36,0.13535347321996105,0.005870338410960387,4.486020876963364
scene0691_00,205,87,1,50,150,37,0.13403459315324107,0.016045644846410915,4.459138389393052
scene0691_00,207,88,1,50,150,38,0.13033497232399927,0.022373720194674557,3.8499772234669596
scene0691_00,210,89,1,50,150,39,0.13110507446699993,0.040367737084708,3.88719253349108
scene0691_00,212,90,1,50,150,40,0.13460856915777264,0.03261169520636164,4.9491179917175545
scene0691_00,214,91,1,50,150,41,0.1349448661172673,0.03563067759150202,4.805280161634276
scene0691_00,217,92,1,50,150,42,0.13520364124092255,0.022207022892956233,5.420347472477585
scene0691_00,219,93,1,50,150,43,0.13428435780664416,0.0270463274656055,4.473098175903011
scene0691_00,221,94,1,50,150,44,0.1361944980525378,0.02225588093882055,5.286986431585759
scene0691_00,224,95,1,50,150,45,0.1364044952315544,0.012612078570907759,4.783735690994782
scene0691_00,226,96,1,50,150,46,0.14110294078094188,0.016977954851540723,5.014770359193345
scene0691_00,228,97,1,50,150,47,0.13499877277028127,0.026949331349258174,4.392257250822479
scene0691_00,231,98,1,50,150,48,0.1421659177515826,0.031387216315135164,5.519258076545183
scene0691_00,233,99,1,50,150,49,0.13926727666305538,0.020539172992397863,5.228402046706943
scene0691_00,236,100,1,50,150,49,0.1341397102875186,0.029297902131790267,4.573819498168198
scene0691_00,238,101,1,50,150,48,0.14033548958368658,0.03588095188507283,6.148904009449813
scene0691_00,240,102,1,50,150,47,0.13229982229051496,0.04254081649271746,3.8210773994018052
scene0691_00,243,103,1,50,150,46,0.14136480571425714,0.038724013931486174,5.818727099808969
scene0691_00,245,104,1,50,150,45,0.13809563039547001,0.026159357024978767,5.412895473564724
scene0691_00,247,105,1,50,150,44,0.13784926682137078,0.04337196211598616,4.108925571656115
scene0691_00,250,106,1,50,150,43,0.13961509990856058,0.03597415998359711,5.152698861724533
scene0691_00,252,107,1,50,150,42,0.13884557157494182,0.045660361753649695,4.532348756263745
scene0691_00,254,108,1,50,150,41,0.13724013835425408,0.04629628353083802,4.182806492655875
scene0691_00,257,109,1,50,150,40,0.13660689784624513,0.04934161546234441,4.417506176463289
scene0691_00,259,110,1,50,150,39,0.140312353456145,0.04366234507695831,5.227770363357266
scene0691_00,262,111,1,50,150,38,0.1364741047552811,0.05230533282316498,3.247380093831403
scene0691_00,264,112,1,50,150,37,0.1322752406946225,0.04846372832996704,4.403311625456696
scene0691_00,266,113,1,50,150,36,0.1311999713725972,0.04493378712176962,4.016012645893103
scene0691_00,269,114,1,50,150,35,0.1442631830554134,0.029968673959550992,6.090876115980922
scene0691_00,271,115,1,50,150,34,0.14909186442062294,0.03587096724612996,7.093823322579877
scene0691_00,273,116,1,50,150,33,0.15314538626220608,0.03650156657228209,7.1243524377079845
scene0691_00,276,117,1,50,150,32,0.1715820464292609,0.039758191554009704,10.95799853169984
scene0691_00,278,118,1,50,150,31,0.1557011304706638,0.024666231016043105,8.507655991593499
scene0691_00,280,119,1,50,150,30,0.15557819656005323,0.02853483615252089,8.469140568148024
scene0691_00,283,120,1,50,150,29,0.15671528661645107,0.027745357655135874,7.619341694167383
scene0691_00,285,121,1,50,150,28,0.14970859741599352,0.043959034308639386,4.064668721822182
scene0691_00,288,122,1,50,150,27,0.16761066201152786,0.05787136576884198,5.237967213922749
scene0691_00,290,123,1,50,150,26,0.1544656069260486,0.04220722930138376,4.997773125635014
scene0691_00,292,124,1,50,150,25,0.1589485969612614,0.03893592256215588,4.9023100195788105
scene0691_00,295,125,1,50,150,24,0.15952538829361207,0.046153281773972515,3.6113756602328078
scene0691_00,297,126,1,50,150,23,0.15599246646548814,0.038876209249676885,4.260035105499519
scene0691_00,299,127,1,50,150,22,0.15503592616927675,0.02300473966943125,2.2487095048794408
scene0691_00,302,128,1,50,150,21,0.1517554148852922,0.026821214089866357,4.583526925105423
scene0691_00,304,129,1,50,150,20,0.16143010950030878,0.020052343117846337,5.586465602011171
scene0691_00,306,130,1,50,150,19,0.16462383018421645,0.0314290874036695,5.033426941355146
scene0691_00,309,131,1,50,150,18,0.1870984400385165,0.05704731537011857,7.389276133644596
scene0691_00,311,132,1,50,150,17,0.1969989810857995,0.05915469725978095,9.457697427170816
scene0691_00,313,133,1,50,150,16,0.22180327723658566,0.06250400493119981,11.069820681884222
scene0691_00,316,134,1,50,150,15,0.21247764666680635,0.05321043609670214,9.301212275044998
scene0691_00,318,135,1,50,150,14,0.23000861416139817,0.06579700394461303,11.913578327530344
scene0691_00,321,136,1,50,150,13,0.2581804343635119,0.06582091770465402,12.63184640690023
scene0691_00,323,137,1,50,150,12,0.22473164018074598,0.05035633883818293,10.297775708783671
scene0691_00,325,138,1,50,150,11,0.23784702104147626,0.0670139690607335,10.85584874319277
scene0691_00,328,139,1,50,150,10,0.24414320657440902,0.0424814143139702,9.489619376218783
scene0691_00,330,140,1,50,150,9,0.23239161568871314,0.039959826392159815,8.11920813870316
scene0691_00,332,141,1,50,150,8,0.23359901403403427,0.01493867378312055,6.507817387098413
scene0691_00,335,142,1,50,150,7,0.41672647808389685,0.05459253152739852,9.271659924003721
scene0691_00,337,143,1,50,150,6,0.4192431834932353,0.046143788313067764,8.000500651757587
scene0691_00,339,144,1,50,150,5,0.3993298427463372,0.02895530547296143,5.988443531863697
scene0691_00,342,145,1,50,150,4,0.42420259950762373,0.030842421168857673,5.854692376547254
scene0691_00,344,146,1,50,150,3,0.44726280115258765,0.023783609987876424,7.308850005563341
scene0691_00,347,147,1,50,150,2,0.424900404419709,0.044553255902457366,3.983987388013819
scene0691_00,349,148,1,50,150,1,0.4404264655034309,0.05108396592663975,5.537606134214468
scene0691_00,351,149,1,50,150,0,0.4477093978973712,0.05492207272365813,5.5512393919107454
scene0691_00,236,100,2,100,200,0,0.4437727703178349,0.029071431490006332,5.5534853453452975
scene0691_00,238,101,2,100,200,1,0.44866450004983105,0.023190425187176816,5.163981016542874
scene0691_00,240,102,2,100,200,2,0.43128793225705464,0.04573329924559613,5.780048172073291
scene0691_00,243,103,2,100,200,3,0.4455700281253706,0.029942581681295103,5.740067217460547
scene0691_00,245,104,2,100,200,4,0.4397644984634562,0.029709479180793807,5.554248175403716
scene0691_00,247,105,2,100,200,5,0.4343425221810744,0.05078693461701684,5.901363606417951
scene0691_00,250,106,2,100,200,6,0.43932516537990773,0.04160799933838683,5.881534440592707
scene0691_00,252,107,2,100,200,7,0.4327877682060779,0.04681413509873167,5.731920066116207
scene0691_00,254,108,2,100,200,8,0.4332823200964617,0.04930241368294489,5.890942062030139
scene0691_00,257,109,2,100,200,9,0.4287120625975742,0.04082132745170291,5.737980917134207
scene0691_00,259,110,2,100,200,10,0.43758795476151846,0.03674743439385898,5.582453184754227
scene0691_00,262,111,2,100,200,11,0.42428308521755875,0.041783119913073166,6.106946569329428
scene0691_00,264,112,2,100,200,12,0.4274980311574863,0.039797433291954475,5.622955670096851
scene0691_00,266,113,2,100,200,13,0.42353117897277626,0.03316160510633605,5.597395397916887
scene0691_00,269,114,2,100,200,14,0.4350529085538497,0.024157393329239205,5.534985158278554
scene0691_00,271,115,2,100,200,15,0.44140806314285497,0.033044386020560326,5.718020442264785
scene0691_00,273,116,2,100,200,16,0.4410907165056617,0.03412198971828729,5.92781782392027
scene0691_00,276,117,2,100,200,17,0.4586959107724312,0.04101450168188757,8.283432855334334
scene0691_00,278,118,2,100,200,18,0.44510306886915185,0.025997711439477107,6.559707969660643
scene0691_00,280,119,2,100,200,19,0.441760743780806,0.03293587306303408,6.444672746934018
scene0691_00,283,120,2,100,200,20,0.4361003745003713,0.03240975860469026,5.713793376068656
scene0691_00,285,121,2,100,200,21,0.4201700233625183,0.04917987940078319,4.6764379302556796
scene0691_00,288,122,2,100,200,22,0.43654951887591653,0.06498207212368456,4.246518076060574
scene0691_00,290,123,2,100,200,23,0.42628358275358225,0.05149653382745464,4.484255068811514
scene0691_00,292,124,2,100,200,24,0.4263198897074254,0.04763579593890474,4.9129153077232806
scene0691_00,295,125,2,100,200,25,0.4241421114094812,0.057129644219219004,4.924307274826428
scene0691_00,297,126,2,100,200,26,0.4217989513087239,0.04774625488353508,4.681851955098958
scene0691_00,299,127,2,100,200,27,0.41287503086577293,0.03585625796271866,4.83817603520377
scene0691_00,302,128,2,100,200,28,0.41763283069771984,0.03348990758508563,4.55821124252037
scene0691_00,304,129,2,100,200,29,0.4245534805622144,0.024264442009547003,4.491763309691533
scene0691_00,306,130,2,100,200,30,0.4260266279561369,0.037076744867828824,4.965462321026327
scene0691_00,309,131,2,100,200,31,0.45228327387194334,0.05608357753769342,5.182676218055077
scene0691_00,311,132,2,100,200,32,0.46666824058451906,0.06747429527869618,6.5494766492369525
scene0691_00,313,133,2,100,200,33,0.48473823476652644,0.06859217321407005,7.561778817517341
scene0691_00,316,134,2,100,200,34,0.47190475204544047,0.05435975120631582,6.312097016122174
scene0691_00,318,135,2,100,200,35,0.4956959150987428,0.07885047464679104,8.343633301122575
scene0691_00,321,136,2,100,200,36,0.5116689306173001,0.08014971479955785,8.807078995335639
scene0691_00,323,137,2,100,200,37,0.4868580890995917,0.0657955695918145,7.044646204679452
scene0691_00,325,138,2,100,200,38,0.48874235997763504,0.08240970683587345,8.127549533176683
scene0691_00,328,139,2,100,200,39,0.4952210470281765,0.051342141409920036,6.793853337975637
scene0691_00,330,140,2,100,200,40,0.4837970577498535,0.04678913553580409,6.040150048421351
scene0691_00,332,141,2,100,200,41,0.47870303555859217,0.03342409267038609,5.366853644590074
scene0691_00,335,142,2,100,200,42,0.6220583452634851,0.06254259849408661,6.19127384897329
scene0691_00,337,143,2,100,200,43,0.6188717082427253,0.059336004010346693,5.6542105860305245
scene0691_00,339,144,2,100,200,44,0.6032353695184101,0.04514451001993242,4.890024349822339
scene0691_00,342,145,2,100,200,45,0.6255013226412431,0.04081727272544532,4.565250051063743
scene0691_00,344,146,2,100,200,46,0.6458015109147572,0.017064834351051793,4.8424638416531645
scene0691_00,347,147,2,100,200,47,0.6218213128121359,0.023731333118419132,4.666797086147465
scene0691_00,349,148,2,100,200,48,0.6303721005680943,0.032473414199935345,4.390381086647419
scene0691_00,351,149,2,100,200,49,0.6348410399973677,0.03929755606088238,4.367946703016966
scene0691_00,354,150,2,100,200,49,0.6487395353598243,0.041289372423857426,3.970705834741465
scene0691_00,356,151,2,100,200,48,0.644580770368677,0.0286305714804015,4.068459044826369
scene0691_00,358,152,2,100,200,47,0.6340716766561051,0.032189054021702204,5.498268435444079
scene0691_00,361,153,2,100,200,46,0.6498145014921,0.02141249124743359,4.053075713855517
scene0691_00,363,154,2,100,200,45,0.6544879491769995,0.010031891856330757,4.292139492163482
scene0691_00,365,155,2,100,200,44,0.6526024936996454,0.01622249231790203,3.8467358454945413
scene0691_00,368,156,2,100,200,43,0.6548791270428507,0.011855262542816032,4.267348010332205
scene0691_00,370,157,2,100,200,42,0.6568982971695823,0.02228156121291111,4.358263686236371
scene0691_00,372,158,2,100,200,41,0.648399691855631,0.0404219818088382,5.75757694812159
scene0691_00,375,159,2,100,200,40,0.6537578246666793,0.028576650354767662,4.993111447463545
scene0691_00,377,160,2,100,200,39,0.645757193909958,0.0324974057728321,5.47600545306754
scene0691_00,380,161,2,100,200,38,0.6529429770902384,0.023040378405450746,5.213432156012165
scene0691_00,382,162,2,100,200,37,0.6521255654318332,0.019419912938651876,5.403204449161762
scene0691_00,384,163,2,100,200,36,0.6584067548156143,0.020597457013216025,5.583255519177268
scene0691_00,387,164,2,100,200,35,0.6639065686309646,0.019537286869717972,5.098839169627521
scene0691_00,389,165,2,100,200,34,0.6596921197677953,0.03215313782707645,6.335828044474408
scene0691_00,391,166,2,100,200,33,0.6697669662210228,0.015957885671187715,5.7682037872751915
scene0691_00,394,167,2,100,200,32,0.6654862518950144,0.043698669893008385,6.14860855423914
scene0691_00,396,168,2,100,200,31,0.6654915333381509,0.008452848668373078,5.432993784227342
scene0691_00,398,169,2,100,200,30,0.6709169569363169,0.02863645876356946,5.81077839849972
scene0691_00,401,170,2,100,200,29,0.6658184948826582,0.015099985948388534,5.51406492547908
scene0691_00,403,171,2,100,200,28,0.6645725164986118,0.007532383770893602,5.778792519761973
scene0691_00,406,172,2,100,200,27,0.6659926671745005,0.014177015229262136,5.30198592687822
scene0691_00,408,173,2,100,200,26,0.6608905340293368,0.023254570369225937,5.319126534386088
scene0691_00,410,174,2,100,200,25,0.6669720511498354,0.007869504234550434,4.855360461260578
scene0691_00,413,175,2,100,200,24,0.661128969397317,0.012908294410400974,6.051133267267128
scene0691_00,415,176,2,100,200,23,0.6599789371928922,0.0188969707199467,6.736191499487311
scene0691_00,417,177,2,100,200,22,0.664070371901945,0.010433521654887756,5.528827789920056
scene0691_00,420,178,2,100,200,21,0.6635240790462965,0.033930818969795835,6.273629422095349
scene0691_00,422,179,2,100,200,20,0.6587894875557977,0.020965865761808075,6.409299986572285
scene0691_00,424,180,2,100,200,19,0.6574398708840081,0.020677420215306646,5.647647823847416
scene0691_00,427,181,2,100,200,18,0.6625450477063162,0.02138764603023857,5.778073489421854
scene0691_00,429,182,2,100,200,17,0.6646222940057878,0.023035710449909638,6.254711301800485
scene0691_00,432,183,2,100,200,16,0.6636689552801511,0.017173529634039803,5.685814384151659
scene0691_00,434,184,2,100,200,15,0.6652408592937643,0.011096681252758131,5.991146860759593
scene0691_00,436,185,2,100,200,14,0.6599657861573567,0.020709852743042555,5.858452816214325
scene0691_00,439,186,2,100,200,13,0.6575331037481035,0.02479756091117769,6.507225145149573
scene0691_00,441,187,2,100,200,12,0.6581008719006458,0.03421743895125931,6.648770903449923
scene0691_00,443,188,2,100,200,11,0.6558235605867606,0.02823088780139915,6.401008204640725
scene0691_00,446,189,2,100,200,10,0.6516460241946789,0.02783301952409693,5.945630452222775
scene0691_00,448,190,2,100,200,9,0.6602124775035954,0.023609381174524494,5.455657062565931
scene0691_00,450,191,2,100,200,8,0.6522806578257812,0.02240110376503664,6.17324079143056
scene0691_00,453,192,2,100,200,7,0.6511654950327633,0.04202236853001458,6.7694903870714755
scene0691_00,455,193,2,100,200,6,0.657368925604639,0.012660847268444715,6.130187508792054
scene0691_00,457,194,2,100,200,5,0.6560115350311473,0.02132518556667395,6.407640855024965
scene0691_00,460,195,2,100,200,4,0.6535562642939886,0.02070565806890091,6.137223589521807
scene0691_00,462,196,2,100,200,3,0.653786485921184,0.027373536362714355,6.152575812392324
scene0691_00,465,197,2,100,200,2,0.6534708977865278,0.013556663609233072,6.332881201345809
scene0691_00,467,198,2,100,200,1,0.6536141945746379,0.01936041399451204,5.990143329255477
scene0691_00,469,199,2,100,200,0,0.6598001810353394,0.014237276857184514,6.535458846896605
scene0691_00,354,150,3,150,250,0,0.6670517358683321,0.03853659734549242,8.34334786453828
scene0691_00,356,151,3,150,250,1,0.6618088323236275,0.02976380127292128,7.439670157145748
scene0691_00,358,152,3,150,250,2,0.6697554347665021,0.0054045699548524746,3.8962004745619603
scene0691_00,361,153,3,150,250,3,0.6666266660180405,0.027889540924011448,7.2458053457235225
scene0691_00,363,154,3,150,250,4,0.6645235287174188,0.02901432921747712,7.39718687499341
scene0691_00,365,155,3,150,250,5,0.6619926443467913,0.03342641732307476,8.201409105726954
scene0691_00,368,156,3,150,250,6,0.6626839200217397,0.025237953502135785,7.724338233881433
scene0691_00,370,157,3,150,250,7,0.6680060203286539,0.022468571906362273,7.205360722270509
scene0691_00,372,158,3,150,250,8,0.6766885185097451,0.01066254007979529,3.821236433943707
scene0691_00,375,159,3,150,250,9,0.6748761625805102,0.008678971403627531,5.094939071830001
scene0691_00,377,160,3,150,250,10,0.6723388768986868,0.014273167154900731,4.116821420316816
scene0691_00,380,161,3,150,250,11,0.6759778680891999,0.012888929421072818,4.859234778490289
scene0691_00,382,162,3,150,250,12,0.6772556456060042,0.01575637242503066,4.358386412180259
scene0691_00,384,163,3,150,250,13,0.6818630036261684,0.025495462010954123,4.169127580709164
scene0691_00,387,164,3,150,250,14,0.6879026250218782,0.008274726143460153,4.475676883853353
scene0691_00,389,165,3,150,250,15,0.6892483903569511,0.006529030728994783,3.523868130153629
scene0691_00,391,166,3,150,250,16,0.6886102635957798,0.007557467845932832,4.524390319940007
scene0691_00,394,167,3,150,250,17,0.6938460768262323,0.032564080737857506,3.1868420323788853
scene0691_00,396,168,3,150,250,18,0.6863319876247368,0.014912759829978344,4.040825484548695
scene0691_00,398,169,3,150,250,19,0.6899045081874071,0.034974506262580966,3.9629858602368313
scene0691_00,401,170,3,150,250,20,0.6800571494327325,0.032906929298224696,4.149183285882546
scene0691_00,403,171,3,150,250,21,0.6805767811415161,0.016341320744023443,4.053976200181653
scene0691_00,406,172,3,150,250,22,0.6757338336954828,0.010381969261050986,4.4229193310017525
scene0691_00,408,173,3,150,250,23,0.6713317739976995,0.017202366129736968,4.294455917607135
scene0691_00,410,174,3,150,250,24,0.6738726918291501,0.01607888549549979,5.504409053178305
scene0691_00,413,175,3,150,250,25,0.6781711613925598,0.02679700480787699,3.7433379727446408
scene0691_00,415,176,3,150,250,26,0.6791445333600892,0.014463587086179456,3.045550691077618
scene0691_00,417,177,3,150,250,27,0.6730658033282853,0.012537514860296585,4.362985897844035
scene0691_00,420,178,3,150,250,28,0.67646337596371,0.010964356180751275,3.4493693927334195
scene0691_00,422,179,3,150,250,29,0.67284420491402,0.007198713043955009,3.3101095195957138
scene0691_00,424,180,3,150,250,30,0.6667221525928837,0.022726471214829357,4.0215509979516035
scene0691_00,427,181,3,150,250,31,0.6740737057363738,0.007379667942790829,3.977626277716328
scene0691_00,429,182,3,150,250,32,0.6770698450347993,0.0103873481360545,3.492856845895294
scene0691_00,432,183,3,150,250,33,0.6722283736719563,0.012454799397755947,4.577756710506113
scene0691_00,434,184,3,150,250,34,0.6765247632189819,0.018537550830690648,4.333131986854208
scene0691_00,436,185,3,150,250,35,0.6773236295104694,0.01363544024252337,3.9956480429463124
scene0691_00,439,186,3,150,250,36,0.6732845242411979,0.004634602783544597,3.1767598176867233
scene0691_00,441,187,3,150,250,37,0.6769867863286183,0.010676843167265295,2.8132337430635705
scene0691_00,443,188,3,150,250,38,0.6745387018474962,0.0054877692024997505,3.2596566036068246
scene0691_00,446,189,3,150,250,39,0.6726799722400547,0.018295947188493793,3.4540763675233555
scene0691_00,448,190,3,150,250,40,0.6732286349460167,0.017288229303685173,4.1692286854663845
scene0691_00,450,191,3,150,250,41,0.6713330630069139,0.013968961413267986,3.585214527834739
scene0691_00,453,192,3,150,250,42,0.6750409889822477,0.017181597532389594,2.912848062087737
scene0691_00,455,193,3,150,250,43,0.6744933539721827,0.014410929621563926,3.5914988808120865
scene0691_00,457,194,3,150,250,44,0.6738689093189396,0.013192167730923387,3.524341991831015
scene0691_00,460,195,3,150,250,45,0.6768265445363938,0.012631855682329381,3.3824108471473893
scene0691_00,462,196,3,150,250,46,0.6776143788424805,0.011579187025131813,3.6115283834633676
scene0691_00,465,197,3,150,250,47,0.6781297898376089,0.005483247508376174,3.3596799579627947
scene0691_00,467,198,3,150,250,48,0.6739666860083113,0.021419100853245387,4.0659788075444725
scene0691_00,469,199,3,150,250,49,0.6836785182404892,0.004022584419337322,3.3277079916950556
scene0691_00,472,200,3,150,250,49,0.6803402568155053,0.014062520828819957,4.229637236060892
scene0691_00,474,201,3,150,250,48,0.6726654648290445,0.028661483085485065,4.193488711009891
scene0691_00,476,202,3,150,250,47,0.6763782642599538,0.03586019716278486,5.633306008271688
scene0691_00,479,203,3,150,250,46,0.6704971070687737,0.021662931509086193,4.471730978667652
scene0691_00,481,204,3,150,250,45,0.6667474530115262,0.012121633993040327,4.103029717576186
scene0691_00,483,205,3,150,250,44,0.6693891920467161,0.0069993749739771915,3.6588353249410863
scene0691_00,486,206,3,150,250,43,0.6694417077884902,0.020961107163312762,3.9088494191791843
scene0691_00,488,207,3,150,250,42,0.6657584904588838,0.0013426434920245866,3.9097699643907333
scene0691_00,491,208,3,150,250,41,0.6752734053281252,0.012127939133392314,4.101285712700599
scene0691_00,493,209,3,150,250,40,0.6669295497674324,0.017317085167355577,4.671774743323255
scene0691_00,495,210,3,150,250,39,0.6729784866516484,0.014775118259035509,4.234043354108903
scene0691_00,498,211,3,150,250,38,0.6698840732442972,0.01737096890381393,3.8859237221813783
scene0691_00,500,212,3,150,250,37,0.6732760910435804,0.023706363539338974,4.10800216216486
scene0691_00,502,213,3,150,250,36,0.6687001839503965,0.011164939686274168,3.633023127419705
scene0691_00,505,214,3,150,250,35,0.6782669891370596,0.010912500298887158,3.673487305353151
scene0691_00,507,215,3,150,250,34,0.6766480986499186,0.010547698646289298,3.77033592830228
scene0691_00,509,216,3,150,250,33,0.6789237770268999,0.009489600531107987,3.7228232931367007
scene0691_00,512,217,3,150,250,32,0.6838294100966735,0.02810513885143782,4.183119292690467
scene0691_00,514,218,3,150,250,31,0.6819545747378809,0.021846509422443233,3.9182842719476256
scene0691_00,516,219,3,150,250,30,0.6774624175731125,0.018927847521054964,3.6850796696846015
scene0691_00,519,220,3,150,250,29,0.6786587211476764,0.011835398447597947,3.63170931790008
scene0691_00,521,221,3,150,250,28,0.6760298299493429,0.012626389199759674,3.6457690792795794
scene0691_00,524,222,3,150,250,27,0.6756699165841403,0.0057874936356961835,3.4130678080644725
scene0691_00,526,223,3,150,250,26,0.6743849448227341,0.011707503779593953,3.446103302548185
scene0691_00,528,224,3,150,250,25,0.6772568519180433,0.017435119184863103,3.4462578483051356
scene0691_00,531,225,3,150,250,24,0.6725769554102103,0.013342795150912879,3.370193929420167
scene0691_00,533,226,3,150,250,23,0.683669542643498,0.008472774825576205,3.196101150587187
scene0691_00,535,227,3,150,250,22,0.6755738861176692,0.00708725977092439,3.300554706796051
scene0691_00,538,228,3,150,250,21,0.6766325886872199,0.0069888697979524125,3.2690419442499867
scene0691_00,540,229,3,150,250,20,0.6661678568309111,0.02601503585514377,3.008988817185941
scene0691_00,542,230,3,150,250,19,0.6755544637098221,0.014760274652195239,3.682530893490461
scene0691_00,545,231,3,150,250,18,0.6824683923686312,0.03744527378968536,3.609951073759315
scene0691_00,547,232,3,150,250,17,0.6817229418470268,0.03506831890670852,3.4629901230746705
scene0691_00,550,233,3,150,250,16,0.6778717180353476,0.02047184902256416,3.832228601331712
scene0691_00,552,234,3,150,250,15,0.6740994952008263,0.017037372829522182,3.587828537703067
scene0691_00,554,235,3,150,250,14,0.6809586155300603,0.01785742371646706,3.8271052153202483
scene0691_00,557,236,3,150,250,13,0.6836132379713544,0.021433949700250265,3.8100119773860466
scene0691_00,559,237,3,150,250,12,0.6800888565074805,0.016174883195131558,3.8897138571702725
scene0691_00,561,238,3,150,250,11,0.6840694862011006,0.02359338773760212,3.560817745061103
scene0691_00,564,239,3,150,250,10,0.6840112489299723,0.005965164689771384,3.7345464298021778
scene0691_00,566,240,3,150,250,9,0.6820777890389123,0.007498074224965933,3.376950237162272
scene0691_00,568,241,3,150,250,8,0.6782969340293044,0.017851360620139877,3.3012194188978037
scene0691_00,571,242,3,150,250,7,0.6814853118219467,0.01734999477758078,3.2742872938453282
scene0691_00,573,243,3,150,250,6,0.6768605348029655,0.01934458945341889,3.211447626019061
scene0691_00,576,244,3,150,250,5,0.6776030774988515,0.01885165284755211,3.173289067600616
scene0691_00,578,245,3,150,250,4,0.6775863808481227,0.01759598050684826,3.653785696849057
scene0691_00,580,246,3,150,250,3,0.6786818440251385,0.021054992793236343,3.167672595038411
scene0691_00,583,247,3,150,250,2,0.6820773094175301,0.03187105537134256,3.9442798262114134
scene0691_00,585,248,3,150,250,1,0.6808855942591194,0.031611913060202,3.8517270665243295
scene0691_00,587,249,3,150,250,0,0.6731054641741003,0.02347259756876986,3.8051030592127963
scene0691_00,472,200,4,200,300,0,0.5329356981006046,0.01889079139549354,7.402707633406827
scene0691_00,474,201,4,200,300,1,0.5273580625555256,0.027981883282193646,7.141938030353211
scene0691_00,476,202,4,200,300,2,0.5277653133835449,0.03882927902315853,7.925437121468508
scene0691_00,479,203,4,200,300,3,0.5255247898728677,0.026703198300744364,7.410455887392639
scene0691_00,481,204,4,200,300,4,0.5269244139878737,0.01580740863144114,7.322428347444019
scene0691_00,483,205,4,200,300,5,0.5345481257685311,0.004558207917280281,7.097270184548009
scene0691_00,486,206,4,200,300,6,0.5342920789166468,0.015262511824325918,7.405943261687106
scene0691_00,488,207,4,200,300,7,0.5333164741917348,0.0062130959075678005,7.384868476279118
scene0691_00,491,208,4,200,300,8,0.5406430902409763,0.008537480179046781,7.7003277503107475
scene0691_00,493,209,4,200,300,9,0.5309363645532212,0.023186382403442552,8.168115757524307
scene0691_00,495,210,4,200,300,10,0.538448414723305,0.009745018319312668,7.973440400361507
scene0691_00,498,211,4,200,300,11,0.5356491785256552,0.009524650703108544,7.622589044602525
scene0691_00,500,212,4,200,300,12,0.5382156507157032,0.01333156580268928,7.88448657914115
scene0691_00,502,213,4,200,300,13,0.5334893561882872,0.016829719432306413,7.6011706418682135
scene0691_00,505,214,4,200,300,14,0.5414181797442308,0.015289317201010138,7.505056134386509
scene0691_00,507,215,4,200,300,15,0.5432364818022478,0.01096605198702679,7.581262083329775
scene0691_00,509,216,4,200,300,16,0.5401359155305305,0.010363371939237446,7.494481803562718
scene0691_00,512,217,4,200,300,17,0.5469615868466657,0.023154442602960405,8.022357386594841
scene0691_00,514,218,4,200,300,18,0.546954183391855,0.018293147601977845,7.8598599778900535
scene0691_00,516,219,4,200,300,19,0.5395909258683913,0.017332324035107646,7.3807831853065995
scene0691_00,519,220,4,200,300,20,0.5412835774149849,0.01240406382918187,7.269681239582608
scene0691_00,521,221,4,200,300,21,0.5409972530597177,0.009517852084420854,7.492851441548875
scene0691_00,524,222,4,200,300,22,0.5381627037921815,0.007015680180596554,7.302278569946041
scene0691_00,526,223,4,200,300,23,0.5365244035771957,0.00662255133775417,7.317311586516903
scene0691_00,528,224,4,200,300,24,0.5409341671164352,0.014892205469650557,7.291942381679215
scene0691_00,531,225,4,200,300,25,0.5330680854753682,0.013084662154548923,7.3226436791847895
scene0691_00,533,226,4,200,300,26,0.5437534032736143,0.0067156969746453325,7.1154106491488935
scene0691_00,535,227,4,200,300,27,0.5389565323330311,0.007528480108884463,7.301204033196971
scene0691_00,538,228,4,200,300,28,0.5365063261538154,0.012268590603081468,7.204365584239005
scene0691_00,540,229,4,200,300,29,0.5296787399288814,0.02457773167814881,6.962503689658078
scene0691_00,542,230,4,200,300,30,0.5385984478692334,0.006516892389405944,7.559519482470545
scene0691_00,545,231,4,200,300,31,0.5463735473186521,0.02121370724541372,7.046508155948214
scene0691_00,547,232,4,200,300,32,0.546565279498034,0.01966421401606078,6.916018609317002
scene0691_00,550,233,4,200,300,33,0.5404088355382849,0.015871320876305155,7.188748004860275
scene0691_00,552,234,4,200,300,34,0.5357083515172665,0.01289560423357638,7.115744129564366
scene0691_00,554,235,4,200,300,35,0.5414109134039368,0.009275303136646018,7.4180262305707485
scene0691_00,557,236,4,200,300,36,0.5416341333738857,0.005565223162493989,7.421775659098197
scene0691_00,559,237,4,200,300,37,0.5402261463820655,0.00444339677234944,7.539665964491628
scene0691_00,561,238,4,200,300,38,0.5408198702481342,0.006968198783891022,7.256021742880637
scene0691_00,564,239,4,200,300,39,0.5388152699972195,0.013688498144570668,7.436329475385908
scene0691_00,566,240,4,200,300,40,0.534524644575912,0.015083136695058662,7.100154052395936
scene0691_00,568,241,4,200,300,41,0.530430246543735,0.0163813882622914,7.039502585092142
scene0691_00,571,242,4,200,300,42,0.5325185613598366,0.01996222742176836,6.902140582072667
scene0691_00,573,243,4,200,300,43,0.5316463288810397,0.012732710420159539,6.726315309911934
scene0691_00,576,244,4,200,300,44,0.5310332227919838,0.0139613630932144,6.629827303219404
scene0691_00,578,245,4,200,300,45,0.5324420092712828,0.0075757129776313215,7.055263985282434
scene0691_00,580,246,4,200,300,46,0.5310702582233368,0.01167815322494421,6.684875747234468
scene0691_00,583,247,4,200,300,47,0.5373426396828183,0.013841888007226728,7.065374421995478
scene0691_00,585,248,4,200,300,48,0.5337065192737003,0.013960800330965412,7.210132694875501
scene0691_00,587,249,4,200,300,49,0.527695882453557,0.01777119805422576,7.307384756334968
scene0691_00,590,250,4,200,300,49,0.5332207999957687,0.015168049363820808,7.264977619445909
scene0691_00,592,251,4,200,300,48,0.5339115095301488,0.007982920276011645,6.868326681212036
scene0691_00,594,252,4,200,300,47,0.5338496601866319,0.010893692762660126,6.905613208771065
scene0691_00,597,253,4,200,300,46,0.5335927967568926,0.01362892505220202,6.94119850002875
scene0691_00,599,254,4,200,300,45,0.5354076038674668,0.009269749359406665,7.02178967961761
scene0691_00,601,255,4,200,300,44,0.5352027658783125,0.016391139133927386,6.954588642996799
scene0691_00,604,256,4,200,300,43,0.5392112082370336,0.02369249260080407,6.982518704754571
scene0691_00,606,257,4,200,300,42,0.5357984796767138,0.019701039167036007,7.076706825811888
scene0691_00,609,258,4,200,300,41,0.5370058645557754,0.019653908242545096,6.9521117991606225
scene0691_00,611,259,4,200,300,40,0.5331359741186129,0.014451788467292052,7.034396386911229
scene0691_00,613,260,4,200,300,39,0.5362143487795896,0.016339439487640557,7.2521586551164905
scene0691_00,616,261,4,200,300,38,0.5347090534598833,0.014721115573926092,7.22712593381118
scene0691_00,618,262,4,200,300,37,0.5398087271883667,0.018421933473495838,7.189072667365427
scene0691_00,620,263,4,200,300,36,0.5396330380761535,0.024366688989275756,7.209196722189801
scene0691_00,623,264,4,200,300,35,0.5337406314783057,0.01316854463879085,6.98399707102318
scene0691_00,625,265,4,200,300,34,0.5331541097874704,0.014375367359943122,7.573558284400048
scene0691_00,627,266,4,200,300,33,0.5421945703453673,0.021652894612635462,7.4107487210839995
scene0691_00,630,267,4,200,300,32,0.5435637325198062,0.01491594910433532,7.23542277383012
scene0691_00,632,268,4,200,300,31,0.5411271670273177,0.015947386727908363,7.284646149479354
scene0691_00,635,269,4,200,300,30,0.5462759208450477,0.031069572563661236,7.1253738208532305
scene0691_00,637,270,4,200,300,29,0.5429104314578588,0.019958358537488823,6.900544017519186
scene0691_00,639,271,4,200,300,28,0.5275558632998668,0.012645186973823842,7.056579310060342
scene0691_00,642,272,4,200,300,27,0.5285700394334839,0.014026004184472479,6.890734172125732
scene0691_00,644,273,4,200,300,26,0.5296178341402297,0.019112096598764408,6.972695845806104
scene0691_00,646,274,4,200,300,25,0.5293057547055422,0.0148156018636798,6.949139517223006
scene0691_00,649,275,4,200,300,24,0.5260916787672723,0.012341071523790739,6.830125646000636
scene0691_00,651,276,4,200,300,23,0.528745364784577,0.018249137298779333,6.621498806635496
scene0691_00,653,277,4,200,300,22,0.5264909767679882,0.006585171116693066,6.48158195256523
scene0691_00,656,278,4,200,300,21,0.5247382942013368,0.006245973247153248,6.564233972792862
scene0691_00,658,279,4,200,300,20,0.5187152347203162,0.005666181063689549,6.384467743327026
scene0691_00,661,280,4,200,300,19,0.5157076579377495,0.007271938938672144,6.227207887589594
scene0691_00,663,281,4,200,300,18,0.5134864667571694,0.01859790311366786,6.303087959971978
scene0691_00,665,282,4,200,300,17,0.5128903407317977,0.011617816973244571,5.874357351210683
scene0691_00,668,283,4,200,300,16,0.5185815650033103,0.005861966771494245,6.140501720820369
scene0691_00,670,284,4,200,300,15,0.514927011050182,0.0055188050834840225,6.244262527164473
scene0691_00,672,285,4,200,300,14,0.5164808308008468,0.010167147821315562,6.107038950427226
scene0691_00,675,286,4,200,300,13,0.5065812209196466,0.016850247748016006,6.235390524612897
scene0691_00,677,287,4,200,300,12,0.5108008419498611,0.015822437448523165,6.304776600222864
scene0691_00,679,288,4,200,300,11,0.510723650516233,0.017082876995688445,6.431611670433826
scene0691_00,682,289,4,200,300,10,0.5135787910071535,0.013974531728026453,6.6138407474251935
scene0691_00,684,290,4,200,300,9,0.5113014099758364,0.02372479895478312,6.468367267441145
scene0691_00,686,291,4,200,300,8,0.50839329578315,0.02435124397403717,6.32764998860526
scene0691_00,689,292,4,200,300,7,0.5071623970559715,0.016843130858277648,6.106822143239031
scene0691_00,691,293,4,200,300,6,0.5035710193540474,0.021541749523093096,6.384313936818526
scene0691_00,694,294,4,200,300,5,0.5080783934885675,0.012647487048601073,6.283330378337991
scene0691_00,696,295,4,200,300,4,0.5070283328630346,0.011301048771449164,6.228330351563384
scene0691_00,698,296,4,200,300,3,0.5051464445241727,0.02064578960446921,6.097901231751777
scene0691_00,701,297,4,200,300,2,0.5133979764377494,0.014544873847828996,6.448662098612383
scene0691_00,703,298,4,200,300,1,0.5121609839573213,0.01953957160362075,6.078370914926183
scene0691_00,705,299,4,200,300,0,0.5096226992863383,0.01958940659473414,6.043243759794291
scene0691_00,590,250,5,250,350,0,0.37503680228088065,0.014931612393022178,7.038308556580015
scene0691_00,592,251,5,250,350,1,0.3763216557099305,0.01826122326830044,6.514920881665944
scene0691_00,594,252,5,250,350,2,0.3765035714680325,0.012410799586805776,6.935835511895802
scene0691_00,597,253,5,250,350,3,0.37451540204517464,0.006586659518882656,6.615940851585514
scene0691_00,599,254,5,250,350,4,0.37849962757456024,0.005851797951239306,6.824708962199002
scene0691_00,601,255,5,250,350,5,0.38085706753944315,0.012405156223790742,7.0282062548835285
scene0691_00,604,256,5,250,350,6,0.37610628070569063,0.01341784453829463,6.1135014728183075
scene0691_00,606,257,5,250,350,7,0.37483530827122435,0.012908716794814687,6.468936058822916
scene0691_00,609,258,5,250,350,8,0.3706611701334501,0.013210591685653597,6.140278906882004
scene0691_00,611,259,5,250,350,9,0.36633448218450493,0.00806205334073816,6.243690552762227
scene0691_00,613,260,5,250,350,10,0.3671309861524862,0.007732277025379975,6.095963905326124
scene0691_00,616,261,5,250,350,11,0.3646790812638121,0.011371990958307737,6.160290431449372
scene0691_00,618,262,5,250,350,12,0.36386788876687337,0.01393278542933327,6.232246636353254
scene0691_00,620,263,5,250,350,13,0.36421510019846703,0.023725307293790653,5.981068658673822
scene0691_00,623,264,5,250,350,14,0.35715324122106684,0.01668499599557168,5.5597911904125255
scene0691_00,625,265,5,250,350,15,0.3524992246989185,0.013832824153286346,5.1989529289050855
scene0691_00,627,266,5,250,350,16,0.3623213663245699,0.02018137735630778,5.532727362719315
scene0691_00,630,267,5,250,350,17,0.3573978102264367,0.01881425257899324,5.395193004221038
scene0691_00,632,268,5,250,350,18,0.35451333888022396,0.01619523282487423,5.96468423962356
scene0691_00,635,269,5,250,350,19,0.36371396613576445,0.037130309168142264,5.8820710215497165
scene0691_00,637,270,5,250,350,20,0.35781354006560506,0.027051518318731677,5.737619184928694
scene0691_00,639,271,5,250,350,21,0.34365483968268506,0.01450351508304672,5.739955361337504
scene0691_00,642,272,5,250,350,22,0.34665114940402164,0.015526244549102355,6.150363437008505
scene0691_00,644,273,5,250,350,23,0.3486994798497356,0.021226980007165892,6.479099753847991
scene0691_00,646,274,5,250,350,24,0.3487692881831117,0.017551218192989926,6.212836923688711
scene0691_00,649,275,5,250,350,25,0.346129834951606,0.016194772027795224,6.2851038863867865
scene0691_00,651,276,5,250,350,26,0.35032089508082087,0.016153676604326234,5.762394264275753
scene0691_00,653,277,5,250,350,27,0.349175749725958,0.010472744677578175,6.260850413609359
scene0691_00,656,278,5,250,350,28,0.3488287316429197,0.010307339694774993,5.862926948559427
scene0691_00,658,279,5,250,350,29,0.34597885094731984,0.009419907110370414,5.988394971346653
scene0691_00,661,280,5,250,350,30,0.34599394841313647,0.008594517265842136,5.6190438838876995
scene0691_00,663,281,5,250,350,31,0.3427812427348681,0.006040705356154435,5.213696675362924
scene0691_00,665,282,5,250,350,32,0.3426168760144428,0.01112740384811166,5.450648179811349
scene0691_00,668,283,5,250,350,33,0.3490155920576291,0.020944172965517,5.615091220773448
scene0691_00,670,284,5,250,350,34,0.3454860415867139,0.017939343246291296,5.654195241465261
scene0691_00,672,285,5,250,350,35,0.3481008170517239,0.014161833748065539,5.243767282665966
scene0691_00,675,286,5,250,350,36,0.34546865348774936,0.016527381389230093,5.032441865255911
scene0691_00,677,287,5,250,350,37,0.34533297456684864,0.021667665023705547,5.254997557406692
scene0691_00,679,288,5,250,350,38,0.3469423416027472,0.02009122826107294,5.234593353818178
scene0691_00,682,289,5,250,350,39,0.3522768387352928,0.03266946478990193,6.203057146464472
scene0691_00,684,290,5,250,350,40,0.3452568405037869,0.02439580199465846,6.065734245357014
scene0691_00,686,291,5,250,350,41,0.34128099421504265,0.017300408504732422,5.022404603028914
scene0691_00,689,292,5,250,350,42,0.3425436139289463,0.01961430554121853,5.505715097663344
scene0691_00,691,293,5,250,350,43,0.33834819667092286,0.011728782815659818,5.125493786913301
scene0691_00,694,294,5,250,350,44,0.3417770666374975,0.01914029309690371,5.471820960998855
scene0691_00,696,295,5,250,350,45,0.339845843197913,0.01655849354368604,5.284014553346992
scene0691_00,698,296,5,250,350,46,0.33925458288852584,0.018642669257969872,5.466025098217283
scene0691_00,701,297,5,250,350,47,0.34360143457361125,0.010344488738809384,5.409319645699642
scene0691_00,703,298,5,250,350,48,0.3411900907948193,0.011880310987265691,5.296356923874521
scene0691_00,705,299,5,250,350,49,0.34024742509410855,0.004919381057413501,5.532638590909733
scene0691_00,708,300,5,250,350,49,0.3412499650730707,0.01482758011117733,5.848266450144717
scene0691_00,710,301,5,250,350,48,0.3424358111596131,0.01490068506491826,6.267727037025306
scene0691_00,712,302,5,250,350,47,0.3437181604334558,0.01383931065839269,5.666460963104401
scene0691_00,715,303,5,250,350,46,0.34396915595365396,0.01578325897244845,5.678785469186194
scene0691_00,717,304,5,250,350,45,0.33453508541103394,0.005326654548332657,5.190133562969601
scene0691_00,720,305,5,250,350,44,0.3371363486765946,0.010044708098857083,5.513927229845878
scene0691_00,722,306,5,250,350,43,0.34002884714431625,0.010490307658864365,5.446867042073566
scene0691_00,724,307,5,250,350,42,0.33633226229007684,0.004937994011639385,5.100416217695186
scene0691_00,727,308,5,250,350,41,0.33631495582550275,0.011027528479454513,4.728767935034248
scene0691_00,729,309,5,250,350,40,0.33473849782569787,0.006885714978385629,4.967377838036514
scene0691_00,731,310,5,250,350,39,0.33357771763430333,0.005471589187156871,4.9801377210064635
scene0691_00,734,311,5,250,350,38,0.32601532472527306,0.045111832019536634,5.034645239283466
scene0691_00,736,312,5,250,350,37,0.32261812142475155,0.04229293102262998,4.832544041129527
scene0691_00,738,313,5,250,350,36,0.3252703259576464,0.029906698665006726,4.9407488271461935
scene0691_00,741,314,5,250,350,35,0.32829322938028915,0.02553115055788065,4.993204034110957
scene0691_00,743,315,5,250,350,34,0.3288905426014195,0.015676845327487192,4.692523741191856
scene0691_00,745,316,5,250,350,33,0.3305108589936203,0.01857377325390826,4.927207629952471
scene0691_00,748,317,5,250,350,32,0.3310684995499682,0.017660774829181478,4.7844790469610174
scene0691_00,750,318,5,250,350,31,0.32787218015945807,0.01706284509072021,4.880733525986475
scene0691_00,753,319,5,250,350,30,0.3328939130030726,0.014708089496436597,4.610247724466873
scene0691_00,755,320,5,250,350,29,0.33633549201636737,0.012106620829824423,4.975758934003636
scene0691_00,757,321,5,250,350,28,0.33547311926451906,0.026959621192939227,5.435855589864681
scene0691_00,760,322,5,250,350,27,0.3338311969737322,0.015182131090969676,4.904322792243393
scene0691_00,762,323,5,250,350,26,0.33605545112891244,0.011033299572009997,4.8782838987513815
scene0691_00,764,324,5,250,350,25,0.33513076003054665,0.006061093718734048,4.8898550461869075
scene0691_00,767,325,5,250,350,24,0.33650321582407283,0.01300755953672773,4.83083622644216
scene0691_00,769,326,5,250,350,23,0.33587959745353446,0.008181867841005299,4.98711531677584
scene0691_00,771,327,5,250,350,22,0.3377231185477967,0.012892088053821658,5.102533286442749
scene0691_00,774,328,5,250,350,21,0.33576382664145143,0.008767877709412073,5.181395759505408
scene0691_00,776,329,5,250,350,20,0.3370030310768306,0.007472666985228197,4.777431819608054
scene0691_00,779,330,5,250,350,19,0.3300737095620203,0.01794155952230294,4.827686392925309
scene0691_00,781,331,5,250,350,18,0.33792007733670504,0.016241073452049167,4.91293948641143
scene0691_00,783,332,5,250,350,17,0.33251942481838137,0.008521280873022946,5.056893420941038
scene0691_00,786,333,5,250,350,16,0.3338134940295441,0.018669499597031316,5.389448284738742
scene0691_00,788,334,5,250,350,15,0.3361477682754972,0.017437950009915083,5.599559954752548
scene0691_00,790,335,5,250,350,14,0.3317646676348519,0.005612843457012827,4.845190513965929
scene0691_00,793,336,5,250,350,13,0.33155676987203997,0.0077083014468028455,5.621898753272046
scene0691_00,795,337,5,250,350,12,0.3294689234834536,0.0040422876223861134,5.355167342700689
scene0691_00,797,338,5,250,350,11,0.32467611237976224,0.02776027782640468,5.654114762013671
scene0691_00,800,339,5,250,350,10,0.32683154263740066,0.00501041460598388,4.643688955401745
scene0691_00,802,340,5,250,350,9,0.3205320125641702,0.026303570128837495,5.342530019363164
scene0691_00,805,341,5,250,350,8,0.3253725793959934,0.016173127664320403,6.366580042355682
scene0691_00,807,342,5,250,350,7,0.323215574907493,0.026663478195056278,6.255506593892265
scene0691_00,809,343,5,250,350,6,0.325605309149122,0.0220545225021418,6.211524774514221
scene0691_00,812,344,5,250,350,5,0.3252214202769792,0.032658781864792416,5.98287774659621
scene0691_00,814,345,5,250,350,4,0.3220762728880826,0.0271258490794615,5.861206423372323
scene0691_00,816,346,5,250,350,3,0.32033110359170114,0.02991592065808397,5.852276878175831
scene0691_00,819,347,5,250,350,2,0.32098446657965374,0.021649630586264967,6.147855700095149
scene0691_00,821,348,5,250,350,1,0.31912241384446294,0.020742979031158744,5.097394642208137
scene0691_00,823,349,5,250,350,0,0.31629263949456343,0.031316160711802314,5.126880044195022
scene0691_00,708,300,6,300,400,0,0.23750894056792182,0.009585262914375016,1.9700978091755643
scene0691_00,710,301,6,300,400,1,0.24074667881266976,0.018771242191916573,2.2348364712827253
scene0691_00,712,302,6,300,400,2,0.2395153012226624,0.014618454159124791,2.1471185428985264
scene0691_00,715,303,6,300,400,3,0.23921299833778287,0.015581989879099048,2.3140154186232245
scene0691_00,717,304,6,300,400,4,0.23204098529747008,0.010667863756217151,2.190602997515446
scene0691_00,720,305,6,300,400,5,0.23095123064066647,0.01346203041540079,2.110939494393438
scene0691_00,722,306,6,300,400,6,0.2357967010243105,0.015481504370189378,2.094880461330477
scene0691_00,724,307,6,300,400,7,0.23228064147312244,0.011172388070117325,2.25513819460539
scene0691_00,727,308,6,300,400,8,0.23345928695839602,0.016311134188707933,2.5468407575411094
scene0691_00,729,309,6,300,400,9,0.23301422895765422,0.010304828052906253,2.2626492218020386
scene0691_00,731,310,6,300,400,10,0.2305295821749298,0.007481990949250938,2.3325986230241464
scene0691_00,734,311,6,300,400,11,0.21846569897984014,0.02850751384302327,2.1870092876326765
scene0691_00,736,312,6,300,400,12,0.217273992356959,0.0290334701861125,2.5033423999032283
scene0691_00,738,313,6,300,400,13,0.21777502904370938,0.01973840085061622,2.1942615420419114
scene0691_00,741,314,6,300,400,14,0.22015912743833377,0.01235556433087998,2.2240068535263404
scene0691_00,743,315,6,300,400,15,0.21874769659544735,0.004267250566504404,2.6033974684471914
scene0691_00,745,316,6,300,400,16,0.22142136072060936,0.008455705080099211,2.339238516140543
scene0691_00,748,317,6,300,400,17,0.21902476683902172,0.009590239652127316,2.4596182101232795
scene0691_00,750,318,6,300,400,18,0.21783545090873657,0.00862959725399496,2.3733945117349724
scene0691_00,753,319,6,300,400,19,0.22299960640763816,0.0073476947354969594,2.7939968420404933
scene0691_00,755,320,6,300,400,20,0.22338044543781654,0.0059342194745514,2.4711516251608625
scene0691_00,757,321,6,300,400,21,0.22212432613922628,0.010411876436663175,2.3208857396009477
scene0691_00,760,322,6,300,400,22,0.22174044731551912,0.006488706293364241,2.5639304511989107
scene0691_00,762,323,6,300,400,23,0.2250895832267451,0.006102573797796117,2.5682139823169883
scene0691_00,764,324,6,300,400,24,0.22299873448454743,0.006520001902481999,2.642767603938617
scene0691_00,767,325,6,300,400,25,0.22356567906479508,0.002212733790112034,2.5228848465690317
scene0691_00,769,326,6,300,400,26,0.22601827210223668,0.00956622270527878,2.471210726985621
scene0691_00,771,327,6,300,400,27,0.22885958115162908,0.016069372080348254,2.465893590187457
scene0691_00,774,328,6,300,400,28,0.22851098506687095,0.012522012257019925,2.8913064520917926
scene0691_00,776,329,6,300,400,29,0.22951341695171057,0.013847715000042556,2.7757233281313516
scene0691_00,779,330,6,300,400,30,0.22588155321210923,0.008076060949246018,2.7415947406637953
scene0691_00,781,331,6,300,400,31,0.23184910548378235,0.014661383190736068,2.8835481337032616
scene0691_00,783,332,6,300,400,32,0.22669534142706327,0.009257261970051717,2.3413910625719745
scene0691_00,786,333,6,300,400,33,0.22960489699247466,0.01042182989575416,2.7196791644316223
scene0691_00,788,334,6,300,400,34,0.2312228262752355,0.012080569401522199,2.807484607294005
scene0691_00,790,335,6,300,400,35,0.22081330736260474,0.012079959161436601,2.717185327497865
scene0691_00,793,336,6,300,400,36,0.22098086682802554,0.004133402440635474,2.5402207434468194
scene0691_00,795,337,6,300,400,37,0.22311857389713907,0.008036397877675943,2.705404213751486
scene0691_00,797,338,6,300,400,38,0.21806537205576704,0.009605674305434625,1.7754097038804948
scene0691_00,800,339,6,300,400,39,0.21814516478457913,0.014688371239648636,2.9700976901938967
scene0691_00,802,340,6,300,400,40,0.21081903393768708,0.012073761436243467,2.2574612048713174
scene0691_00,805,341,6,300,400,41,0.21536975671261194,0.007164910499222878,2.0370041551194222
scene0691_00,807,342,6,300,400,42,0.21666179835967747,0.011392636887522022,2.111199555045282
scene0691_00,809,343,6,300,400,43,0.21358363732812014,0.004833941602076469,2.121548131760737
scene0691_00,812,344,6,300,400,44,0.21160364327349201,0.012390203590849453,2.385848444379834
scene0691_00,814,345,6,300,400,45,0.2089567808493833,0.010189378953778458,2.1441429614356475
scene0691_00,816,346,6,300,400,46,0.20695147528253754,0.005846772221172495,2.2557677439689314
scene0691_00,819,347,6,300,400,47,0.20708461927757282,0.012358538534975948,2.4057298556632642
scene0691_00,821,348,6,300,400,48,0.20594154870912806,0.005332603185927496,2.769178557376676
scene0691_00,823,349,6,300,400,49,0.19985247877506018,0.010413821283912626,2.60831119790113
scene0691_00,826,350,6,300,400,49,0.2011682291320861,0.0015516123434437899,2.68846420798519
scene0691_00,828,351,6,300,400,48,0.19897637662404533,0.009838762415233019,2.5367344413008825
scene0691_00,830,352,6,300,400,47,0.1965010900249864,0.008237858585564552,2.854095897639931
scene0691_00,833,353,6,300,400,46,0.19338198040023924,0.01582857166155049,2.992337649590245
scene0691_00,835,354,6,300,400,45,0.18985234701403986,0.020900399716353588,2.345640979388973
scene0691_00,838,355,6,300,400,44,0.18582424280726262,0.01765879297408263,2.285307193221875
scene0691_00,840,356,6,300,400,43,0.18691295336108893,0.014126980483320685,2.679511252440384
scene0691_00,842,357,6,300,400,42,0.18079174416656407,0.014407275222349886,2.8913912893276184
scene0691_00,845,358,6,300,400,41,0.17526276904818228,0.01553171954127532,2.9659325622218833
scene0691_00,847,359,6,300,400,40,0.1744642912891602,0.014530536871464073,2.787631842219669
scene0691_00,849,360,6,300,400,39,0.1736243862115715,0.003105393042415163,3.037083120031013
scene0691_00,852,361,6,300,400,38,0.1657281149758103,0.0008025932888317694,3.3974288495068645
scene0691_00,854,362,6,300,400,37,0.16255521455881505,0.001915583925354108,3.382882072257809
scene0691_00,856,363,6,300,400,36,0.16071929104129068,0.006351730515676004,3.6115420905989404
scene0691_00,859,364,6,300,400,35,0.15552662613997026,0.015388872578001915,3.555443687751896
scene0691_00,861,365,6,300,400,34,0.152080286860923,0.015557972674128765,3.789068274485567
scene0691_00,864,366,6,300,400,33,0.15724337996373172,0.009574063018697612,3.569972279317658
scene0691_00,866,367,6,300,400,32,0.1515049948300391,0.014017548699147142,3.808226090763114
scene0691_00,868,368,6,300,400,31,0.1522177011386563,0.010692062600638678,3.0591538889950436
scene0691_00,871,369,6,300,400,30,0.15105555883935573,0.02461708263152317,3.158712471551013
scene0691_00,873,370,6,300,400,29,0.15152155173529724,0.021158245905024825,3.0636651619407718
scene0691_00,875,371,6,300,400,28,0.1589414234174985,0.00579049794081283,3.202224397745744
scene0691_00,878,372,6,300,400,27,0.1523618287284808,0.012324746876513231,3.4483340933731474
scene0691_00,880,373,6,300,400,26,0.1517608718443051,0.01712684239454691,4.016366631953235
scene0691_00,882,374,6,300,400,25,0.1543164924233027,0.011779645507598259,3.7524497566148356
scene0691_00,885,375,6,300,400,24,0.15446614701877592,0.006677438404741184,4.055961550074052
scene0691_00,887,376,6,300,400,23,0.15711265971406485,0.010847875308711842,4.4711070331362395
scene0691_00,889,377,6,300,400,22,0.15778776909201286,0.007978350421163844,3.9354974910249734
scene0691_00,892,378,6,300,400,21,0.15889378576081303,0.014992927676151204,4.89788639039952
scene0691_00,894,379,6,300,400,20,0.1568602130109812,0.012428251014705757,5.228610966685844
scene0691_00,897,380,6,300,400,19,0.15957698820286859,0.010502596413453923,5.116228086649507
scene0691_00,899,381,6,300,400,18,0.16049224978159116,0.017000760221701074,5.4081743139336265
scene0691_00,901,382,6,300,400,17,0.16573752291027943,0.02503291106932652,4.8281596372407565
scene0691_00,904,383,6,300,400,16,0.16582902460556603,0.031231199734593772,4.253008884757982
scene0691_00,906,384,6,300,400,15,0.17079315155113495,0.028089146109373738,3.482206803482101
scene0691_00,908,385,6,300,400,14,0.175871596527441,0.024335055035564393,4.992962569838498
scene0691_00,911,386,6,300,400,13,0.1710329942423765,0.0251015395376828,5.726472914366487
scene0691_00,913,387,6,300,400,12,0.1694598783490877,0.022177139465980936,5.798620582900873
scene0691_00,915,388,6,300,400,11,0.1759003872907957,0.011432516220915501,4.317596200750848
scene0691_00,918,389,6,300,400,10,0.17195266248061714,0.03252162461135547,4.932890117589821
scene0691_00,920,390,6,300,400,9,0.17496542938980508,0.051137247138371006,6.248777941578819
scene0691_00,923,391,6,300,400,8,0.1816902121267958,0.03808640711568724,4.125849764984035
scene0691_00,925,392,6,300,400,7,0.17910619227528635,0.025468735342807802,5.1477447281778685
scene0691_00,927,393,6,300,400,6,0.1818081434114751,0.024744638491976233,4.6339436134155205
scene0691_00,930,394,6,300,400,5,0.19283814635923535,0.009687876924556242,3.716085102821435
scene0691_00,932,395,6,300,400,4,0.19257654232276178,0.01566354358751342,4.782466292385231
scene0691_00,934,396,6,300,400,3,0.20310544329360758,0.01857344431273641,4.601596137720693
scene0691_00,937,397,6,300,400,2,0.2037490714503435,0.04757622937696306,3.099593322524063
scene0691_00,939,398,6,300,400,1,0.22145152329635542,0.01567074825875847,3.619480816251699
scene0691_00,941,399,6,300,400,0,0.22809433289131287,0.016546766319112453,4.499507818094993
scene0691_00,826,350,7,350,450,0,0.2353187834496051,0.017094076299367298,4.3026743952909685
scene0691_00,828,351,7,350,450,1,0.23243978633808138,0.021693888242842952,4.348489124002716
scene0691_00,830,352,7,350,450,2,0.23054389860090985,0.020479294176231372,4.743071865286998
scene0691_00,833,353,7,350,450,3,0.2229877727799484,0.02754199104264557,5.108639873892879
scene0691_00,835,354,7,350,450,4,0.2203175940687746,0.03372417076703134,4.58501550317387
scene0691_00,838,355,7,350,450,5,0.22106094660383535,0.034187565246780224,4.337248625376826
scene0691_00,840,356,7,350,450,6,0.21968732337763486,0.028355235244294574,5.081444268491691
scene0691_00,842,357,7,350,450,7,0.2162745062943513,0.03050645647654197,5.132163953349519
scene0691_00,845,358,7,350,450,8,0.216220584155968,0.03326662168702758,4.984183519697739
scene0691_00,847,359,7,350,450,9,0.21392393221022798,0.03205592619536506,4.95243272079164
scene0691_00,849,360,7,350,450,10,0.21607453469333715,0.020702631736467955,5.323104833879672
scene0691_00,852,361,7,350,450,11,0.21484935755693502,0.019413821067347396,5.372609799651414
scene0691_00,854,362,7,350,450,12,0.21503835474242416,0.019139365433278474,5.361239591527394
scene0691_00,856,363,7,350,450,13,0.21157428149078306,0.02499676489352465,5.605976969956839
scene0691_00,859,364,7,350,450,14,0.20701913803543692,0.03277835430064766,5.382184626297639
scene0691_00,861,365,7,350,450,15,0.2071975013718781,0.03260866406629746,5.263363441199336
scene0691_00,864,366,7,350,450,16,0.208964159169021,0.027006046515910077,5.369333117609152
scene0691_00,866,367,7,350,450,17,0.20678659415680123,0.03208583101859479,5.383148120133665
scene0691_00,868,368,7,350,450,18,0.2062727547421792,0.029330466384705097,4.698679945984576
scene0691_00,871,369,7,350,450,19,0.20518181779951283,0.04220520374154285,4.374404384070592
scene0691_00,873,370,7,350,450,20,0.20507066085515813,0.037578189045509726,4.592845607266797
scene0691_00,875,371,7,350,450,21,0.2148217707362865,0.02233786435003409,4.776820014450373
scene0691_00,878,372,7,350,450,22,0.20949891647604624,0.030653787814645988,4.760139002828789
scene0691_00,880,373,7,350,450,23,0.20903499547226123,0.034156738106756256,5.238467673316225
scene0691_00,882,374,7,350,450,24,0.2109498620381136,0.025846062526024047,5.273253527861269
scene0691_00,885,375,7,350,450,25,0.21423300470198947,0.020846575107076267,5.539214890775255
scene0691_00,887,376,7,350,450,26,0.21806878519492745,0.005570182416678067,5.80004287785383
scene0691_00,889,377,7,350,450,27,0.21274568397357718,0.013984166249315637,5.614767562558652
scene0691_00,892,378,7,350,450,28,0.2189307207044563,0.0070214620682000324,6.161064262549061
scene0691_00,894,379,7,350,450,29,0.2164287674882477,0.004433844081094533,6.671904702689543
scene0691_00,897,380,7,350,450,30,0.21727097934794082,0.007932111908061514,6.490920411656296
scene0691_00,899,381,7,350,450,31,0.2204357091709681,0.004964982530747506,6.840494650608218
scene0691_00,901,382,7,350,450,32,0.22038477911213972,0.009644406524641632,6.570736200716297
scene0691_00,904,383,7,350,450,33,0.20763791786659713,0.016048270650055912,6.141779289826202
scene0691_00,906,384,7,350,450,34,0.20641168460805182,0.016081530721687946,5.5801691565303
scene0691_00,908,385,7,350,450,35,0.2156512023650775,0.013028450133619484,6.647986100408215
scene0691_00,911,386,7,350,450,36,0.21210257410701616,0.024985408776304587,7.239159586986399
scene0691_00,913,387,7,350,450,37,0.2073254669737975,0.027056350345952142,7.117768441592416
scene0691_00,915,388,7,350,450,38,0.20243252446033944,0.01147018382087114,6.086188293820721
scene0691_00,918,389,7,350,450,39,0.19881857236901956,0.039319180139882504,6.456738003079978
scene0691_00,920,390,7,350,450,40,0.20409469605086372,0.055958341311509945,7.538857358444934
scene0691_00,923,391,7,350,450,41,0.1924748075430751,0.0403823166572375,5.772672994837186
scene0691_00,925,392,7,350,450,42,0.19203864664267534,0.033764220687151514,6.4617210275132955
scene0691_00,927,393,7,350,450,43,0.18813511900553337,0.03238960747636511,6.099284854775094
scene0691_00,930,394,7,350,450,44,0.19108049543816652,0.02003022867574566,5.765935155581865
scene0691_00,932,395,7,350,450,45,0.19578274888196223,0.030090419528696795,6.615403528719018
scene0691_00,934,396,7,350,450,46,0.20179501656009435,0.031194130078312135,6.532857024601838
scene0691_00,937,397,7,350,450,47,0.1867331885226451,0.06376535912529817,5.738507055873237
scene0691_00,939,398,7,350,450,48,0.19575999057469096,0.018873415459272756,5.961946905108358
scene0691_00,941,399,7,350,450,49,0.20621718364521446,0.034268540482958305,6.501680837857593
scene0691_00,944,400,7,350,450,49,0.22095773387622952,0.029322429297479614,7.27094741726111
scene0691_00,946,401,7,350,450,48,0.227535623405132,0.04109613833499018,7.67704938713025
scene0691_00,949,402,7,350,450,47,0.21834947960185613,0.02695315867506284,6.499812537909309
scene0691_00,951,403,7,350,450,46,0.2207777899751837,0.02553383920188432,6.498632521902001
scene0691_00,953,404,7,350,450,45,0.22751332789800816,0.023999503437291493,4.715807548987203
scene0691_00,956,405,7,350,450,44,0.22279813082857058,0.03292031035748159,5.876025432106272
scene0691_00,958,406,7,350,450,43,0.233341240342406,0.04331304394218937,6.78482229300507
scene0691_00,960,407,7,350,450,42,0.23320792022546422,0.045242342836036224,7.851717569019224
scene0691_00,963,408,7,350,450,41,0.21916004202746842,0.007775104614509226,4.950382245241526
scene0691_00,965,409,7,350,450,40,0.21811901138156142,0.008531251897634633,4.765908750983146
scene0691_00,967,410,7,350,450,39,0.235602066760789,0.03486742443877564,5.654541302312202
scene0691_00,970,411,7,350,450,38,0.2300609726063929,0.022607320659392076,4.713591253852177
scene0691_00,972,412,7,350,450,37,0.2199749519117582,0.009623559401637229,3.94584702141034
scene0691_00,974,413,7,350,450,36,0.21126782597401927,0.01809197632412069,3.853425919276043
scene0691_00,977,414,7,350,450,35,0.21324447101120736,0.011808801605468414,4.032114802949875
scene0691_00,979,415,7,350,450,34,0.2364697709648318,0.02301852650918935,5.331819590791634
scene0691_00,982,416,7,350,450,33,0.23467527324370552,0.014776613299854162,6.745552087467153
scene0691_00,984,417,7,350,450,32,0.2383937862793667,0.004159690855025312,6.523762251052257
scene0691_00,986,418,7,350,450,31,0.24712530288576706,0.02468553744240043,7.656425489487437
scene0691_00,989,419,7,350,450,30,0.27304453941190787,0.03371767607904907,7.730856766558549
scene0691_00,991,420,7,350,450,29,0.2533351399727969,0.04138823543508437,6.09860684513354
scene0691_00,993,421,7,350,450,28,0.4696321118851766,0.08709376534600481,8.804055758227864
scene0691_00,996,422,7,350,450,27,0.48236343270357285,0.0899360255361725,9.782420727424082
scene0691_00,998,423,7,350,450,26,0.42183373649538236,0.06463086970805333,8.90056053515921
scene0691_00,1000,424,7,350,450,25,0.2606286456570316,0.04615031008643977,8.413610403624192
scene0691_00,1003,425,7,350,450,24,0.2448502690389298,0.04939022603315126,8.052058419222348
scene0691_00,1005,426,7,350,450,23,0.25351929643980387,0.03771056964310585,7.398440954008271
scene0691_00,1008,427,7,350,450,22,0.24281778641383345,0.029792527329803063,5.954849154062502
scene0691_00,1010,428,7,350,450,21,0.24308283622911397,0.017246188553076833,4.774966343154348
scene0691_00,1012,429,7,350,450,20,0.23639853534686384,0.020299618108028113,4.400864798995116
scene0691_00,1015,430,7,350,450,19,0.23862684390584787,0.05432547491294919,6.080732241725719
scene0691_00,1017,431,7,350,450,18,0.23461302810759121,0.025976696790168518,5.47039695020325
scene0691_00,1019,432,7,350,450,17,0.24962740584685406,0.02060108732872034,4.929755258484492
scene0691_00,1022,433,7,350,450,16,0.23751537879716456,0.0157283512506913,5.056320244559502
scene0691_00,1024,434,7,350,450,15,0.22794692818737494,0.00412386705325012,4.7926547721077375
scene0691_00,1026,435,7,350,450,14,0.23640488696441975,0.021505313066412853,5.606832786069884
scene0691_00,1029,436,7,350,450,13,0.23554614784271322,0.03232468518112902,5.915822017362491
scene0691_00,1031,437,7,350,450,12,0.2339162802524759,0.03413205260360155,5.925541495006433
scene0691_00,1033,438,7,350,450,11,0.23503793641466386,0.030002575119764164,5.4640531109728805
scene0691_00,1036,439,7,350,450,10,0.2357110338545847,0.03922146092651027,5.659119519061101
scene0691_00,1038,440,7,350,450,9,0.22292791888293928,0.030613069840671445,5.401841953027924
scene0691_00,1041,441,7,350,450,8,0.2359609049900817,0.030251795972285046,6.065110680221035
scene0691_00,1043,442,7,350,450,7,0.2351166683208712,0.03770739058021494,5.61935957776385
scene0691_00,1045,443,7,350,450,6,0.24614256905483,0.032782711479348935,6.455459868847719
scene0691_00,1048,444,7,350,450,5,0.24656006579501444,0.036415825032310195,5.827355550832254
scene0691_00,1050,445,7,350,450,4,0.24158345423974803,0.02923460708209207,5.634536335767366
scene0691_00,1052,446,7,350,450,3,0.23732199809796195,0.0247529970964658,5.782457440615306
scene0691_00,1055,447,7,350,450,2,0.23661974459634916,0.029133338124670893,6.086245300126972
scene0691_00,1057,448,7,350,450,1,0.248782039756836,0.031511233062600674,5.995831844177058
scene0691_00,1059,449,7,350,450,0,0.2405506720459153,0.021246129630457418,5.7384331945905345
scene0691_00,944,400,8,400,500,0,0.5267351370273055,0.02593527665657458,4.970495692643311
scene0691_00,946,401,8,400,500,1,0.5215922112386705,0.03425895532387737,5.050258013662053
scene0691_00,949,402,8,400,500,2,0.5129372856579311,0.026888463273082346,4.116102169364568
scene0691_00,951,403,8,400,500,3,0.5132832887841522,0.023348415164718615,4.31906469582337
scene0691_00,953,404,8,400,500,4,0.4968603159493018,0.023239511169725318,3.370234145448864
scene0691_00,956,405,8,400,500,5,0.5064787241185089,0.032881843856517656,3.3342790409253884
scene0691_00,958,406,8,400,500,6,0.5111319362095406,0.04486929739412961,4.422044064596482
scene0691_00,960,407,8,400,500,7,0.5182822170215151,0.04060522630055778,4.9141515323278915
scene0691_00,963,408,8,400,500,8,0.489936928722045,0.015720673848736235,3.734203597076362
scene0691_00,965,409,8,400,500,9,0.4882710298567565,0.01573752687053272,4.048576089429215
scene0691_00,967,410,8,400,500,10,0.5029144214905619,0.03759797068115794,3.6608085538360746
scene0691_00,970,411,8,400,500,11,0.4968641435455228,0.026415523153363218,3.558183946756998
scene0691_00,972,412,8,400,500,12,0.49629758558483317,0.020666049102026882,2.9550374780683537
scene0691_00,974,413,8,400,500,13,0.508829497421178,0.017304628049638886,2.8783614340306625
scene0691_00,977,414,8,400,500,14,0.5092798534767663,0.017249347429775522,2.805112862632953
scene0691_00,979,415,8,400,500,15,0.5315104170301134,0.0181961061299499,3.4008776562251635
scene0691_00,982,416,8,400,500,16,0.5358115609250913,0.0298328691786435,4.557453546217308
scene0691_00,984,417,8,400,500,17,0.5486374666006532,0.020886628926487766,4.269259674430118
scene0691_00,986,418,8,400,500,18,0.5686807324946415,0.037735803222836733,5.423829583250267
scene0691_00,989,419,8,400,500,19,0.5943074046466409,0.041467343825135936,5.167318556939752
scene0691_00,991,420,8,400,500,20,0.5687214237937389,0.05622581576105349,3.8624538892485236
scene0691_00,993,421,8,400,500,21,0.6917162193196517,0.09979320835798307,6.474404820701924
scene0691_00,996,422,8,400,500,22,0.7103196625008246,0.10437569600612304,6.988187048235918
scene0691_00,998,423,8,400,500,23,0.6997037542380642,0.07021453505698069,5.115115978034261
scene0691_00,1000,424,8,400,500,24,0.6975075103708721,0.05370487296515383,4.003786360283778
scene0691_00,1003,425,8,400,500,25,0.6803085776216382,0.04750320503934144,2.755749156861411
scene0691_00,1005,426,8,400,500,26,0.6700230296168315,0.0250479311235431,2.073016615866832
scene0691_00,1008,427,8,400,500,27,0.6640937026000803,0.010974134623707813,3.2935411634270766
scene0691_00,1010,428,8,400,500,28,0.6674056363387455,0.008640347036059167,3.4904699900484206
scene0691_00,1012,429,8,400,500,29,0.6729869206570933,0.005812241331999235,4.141406373965141
scene0691_00,1015,430,8,400,500,30,0.6630205625904284,0.014501869406043321,6.02317598578682
scene0691_00,1017,431,8,400,500,31,0.6618917750327323,0.010956031855921658,5.700124104653539
scene0691_00,1019,432,8,400,500,32,0.6695786651523838,0.02964818151593986,3.880604152365136
scene0691_00,1022,433,8,400,500,33,0.6700326818561796,0.02271403534806774,6.422739720548517
scene0691_00,1024,434,8,400,500,34,0.674596074667924,0.017438216839267676,5.91501528351417
scene0691_00,1026,435,8,400,500,35,0.676126085505836,0.021880675144497135,5.2646641805967045
scene0691_00,1029,436,8,400,500,36,0.6803078670499589,0.01592084801738469,6.048514306241202
scene0691_00,1031,437,8,400,500,37,0.6852827751250887,0.022783551548001626,5.016409036354739
scene0691_00,1033,438,8,400,500,38,0.6790947845978564,0.01734634821749708,5.545955528810589
scene0691_00,1036,439,8,400,500,39,0.6846929293989668,0.01483129541337065,5.814164628269411
scene0691_00,1038,440,8,400,500,40,0.6872797837785936,0.01445483668364899,6.010845374491639
scene0691_00,1041,441,8,400,500,41,0.6826492706012379,0.021848935989171737,4.939456541571016
scene0691_00,1043,442,8,400,500,42,0.6887183251478275,0.010983421751678152,5.756795032368137
scene0691_00,1045,443,8,400,500,43,0.6813446382585386,0.02750721877229626,4.814169542083881
scene0691_00,1048,444,8,400,500,44,0.684382376135671,0.02146192159231907,5.503731568077045
scene0691_00,1050,445,8,400,500,45,0.6940322858095815,0.01569483564105361,5.870257052968756
scene0691_00,1052,446,8,400,500,46,0.6893142682630665,0.017124737156038145,5.99021694989002
scene0691_00,1055,447,8,400,500,47,0.6820829436524225,0.014685050340566221,6.574973042725645
scene0691_00,1057,448,8,400,500,48,0.6816074774616114,0.018084393979140547,6.168494217827284
scene0691_00,1059,449,8,400,500,49,0.6750313119735997,0.020659748896784316,6.178218485005416
scene0691_00,1062,450,8,400,500,49,0.6670996762222069,0.022088750140607384,7.10960538613466
scene0691_00,1064,451,8,400,500,48,0.6662749355635261,0.026981208403299227,6.020490425898281
scene0691_00,1067,452,8,400,500,47,0.6614062135775349,0.018939369785676913,7.219404903860871
scene0691_00,1069,453,8,400,500,46,0.658255092395789,0.025580862403093357,6.230343928124381
scene0691_00,1071,454,8,400,500,45,0.6544213581428014,0.021752672106048813,7.078465769489175
scene0691_00,1074,455,8,400,500,44,0.6454306798147589,0.022758050166468587,8.387464858440598
scene0691_00,1076,456,8,400,500,43,0.6404486381343957,0.01878690170926919,8.82572734885489
scene0691_00,1078,457,8,400,500,42,0.6475819490501828,0.020223174343187007,8.414281651501907
scene0691_00,1081,458,8,400,500,41,0.6518778669558294,0.021014978307669352,8.554604033915329
scene0691_00,1083,459,8,400,500,40,0.6529818189913317,0.01849617573988348,7.696207484793279
scene0691_00,1085,460,8,400,500,39,0.651591731223814,0.03298958389642353,8.575088629195372
scene0691_00,1088,461,8,400,500,38,0.6633602725699377,0.017063510287742414,8.344881635278485
scene0691_00,1090,462,8,400,500,37,0.6741950041328515,0.022795413901763963,8.30643964374109
scene0691_00,1093,463,8,400,500,36,0.6725542373303866,0.021139534850487637,9.43033288919441
scene0691_00,1095,464,8,400,500,35,0.6713532961873807,0.022833996623017327,10.322240189481407
scene0691_00,1097,465,8,400,500,34,0.6813774862083225,0.02015564259679838,10.470078370925036
scene0691_00,1100,466,8,400,500,33,0.6783459315196824,0.0247955780240701,9.73272258848529
scene0691_00,1102,467,8,400,500,32,0.6808140813749888,0.01775934391010436,9.763994832181416
scene0691_00,1104,468,8,400,500,31,0.6872305156891136,0.02018891137181172,9.626691409301154
scene0691_00,1107,469,8,400,500,30,0.6866212099322332,0.00887198623490788,10.236271849472047
scene0691_00,1109,470,8,400,500,29,0.6858174488971305,0.00556256357384185,9.626246796688394
scene0691_00,1111,471,8,400,500,28,0.6822106360724935,0.008146642890744219,9.966060664255094
scene0691_00,1114,472,8,400,500,27,0.678977901241157,0.004032000439512495,9.824542830757254
scene0691_00,1116,473,8,400,500,26,0.6856391380373599,0.015112107690919514,8.432826365061414
scene0691_00,1118,474,8,400,500,25,0.6814676785495342,0.005459404446870261,9.187112618680562
scene0691_00,1121,475,8,400,500,24,0.6792711573406383,0.015783936590212034,9.61347555453342
scene0691_00,1123,476,8,400,500,23,0.6843116177681997,0.007833954646198604,9.173451992562027
scene0691_00,1126,477,8,400,500,22,0.6900290456982457,0.014887884922385936,10.082689533467411
scene0691_00,1128,478,8,400,500,21,0.6857919281545399,0.026798573004480894,10.879697335352452
scene0691_00,1130,479,8,400,500,20,0.6940039064388743,0.019427370069752804,9.440586096325413
scene0691_00,1133,480,8,400,500,19,0.6936072241944631,0.04043216823806734,11.102391316929939
scene0691_00,1135,481,8,400,500,18,0.6831739188405909,0.05357576910052802,10.688454030102479
scene0691_00,1137,482,8,400,500,17,0.6839540764267764,0.05336163209783827,11.098914685771163
scene0691_00,1140,483,8,400,500,16,0.6896862612562147,0.05740445044199992,9.974605274583029
scene0691_00,1142,484,8,400,500,15,0.6873216691748678,0.04483747073153259,9.884488370121034
scene0691_00,1144,485,8,400,500,14,0.6964946593649405,0.038967366736640766,7.348524809795039
scene0691_00,1147,486,8,400,500,13,0.6965485337923162,0.018149876116602355,7.3699467981824425
scene0691_00,1149,487,8,400,500,12,0.6928829163870555,0.025546392526872425,6.084920691926913
scene0691_00,1152,488,8,400,500,11,0.6888863681919222,0.011573520895826979,6.211759448845634
scene0691_00,1154,489,8,400,500,10,0.6871160755224438,0.02235638922520415,7.291102173627906
scene0691_00,1156,490,8,400,500,9,0.6904500882568745,0.01627242544818946,5.780515280230443
scene0691_00,1159,491,8,400,500,8,0.693558164873343,0.017565962379924197,6.123982725271369
scene0691_00,1161,492,8,400,500,7,0.6856709605677804,0.015810800021071977,6.346127996074483
scene0691_00,1163,493,8,400,500,6,0.6828660960795054,0.007042000017829338,5.946039154559097
scene0691_00,1166,494,8,400,500,5,0.6847432983221706,0.016523689152383187,6.11335315988816
scene0691_00,1168,495,8,400,500,4,0.6885378762205017,0.01356645093588039,5.447613575823777
scene0691_00,1170,496,8,400,500,3,0.6847960730252133,0.015738564198273044,5.661631469533476
scene0691_00,1173,497,8,400,500,2,0.6882102305055889,0.020813817338078553,5.881832854779039
scene0691_00,1175,498,8,400,500,1,0.6859586209742399,0.028676942780472586,5.754634486273091
scene0691_00,1178,499,8,400,500,0,0.6801978395178278,0.023300263565064344,6.486980679928133
scene0013_02,0,0,0,0,100,0,0.007122845300277181,0.0014783343090063283,1.9210831664819235
scene0013_02,2,1,0,0,100,1,0.007007189193812158,0.0017504349697025573,1.7657478360391943
scene0013_02,4,2,0,0,100,2,0.006925418347259571,0.001547559385510194,1.7959877926063395
scene0013_02,6,3,0,0,100,3,0.006607310246083298,0.0017421394791908228,1.7767502256836651
scene0013_02,8,4,0,0,100,4,0.0064243845803103605,0.0017152547042426339,1.7653335401776507
scene0013_02,11,5,0,0,100,5,0.0064208214386692886,0.0023578625856669256,1.8224585283469426
scene0013_02,13,6,0,0,100,6,0.006297301774623509,0.0031455833185383185,1.7792347509651318
scene0013_02,15,7,0,0,100,7,0.006459054272324072,0.0016456062385894997,1.8230678619607958
scene0013_02,17,8,0,0,100,8,0.0066221832058879215,0.002071661830778247,1.751426661726853
scene0013_02,19,9,0,0,100,9,0.0067370030249368495,0.0007524642524736135,1.7962065782955363
scene0013_02,22,10,0,0,100,10,0.00650656968883967,0.0008803770299025053,1.7755475001191783
scene0013_02,24,11,0,0,100,11,0.00644435405208621,0.0011210075095843975,1.7481710976033127
scene0013_02,26,12,0,0,100,12,0.006520879660522727,0.0012881935157983183,1.7115242455930388
scene0013_02,28,13,0,0,100,13,0.006416239911908983,0.0018508708137508283,1.7115967889789725
scene0013_02,31,14,0,0,100,14,0.006295482619234738,0.0016503499861846378,1.6864717723998435
scene0013_02,33,15,0,0,100,15,0.006049831238280845,0.002115841275779073,1.7086200398859783
scene0013_02,35,16,0,0,100,16,0.006097059258505122,0.0016444756848403698,1.6942210435839604
scene0013_02,37,17,0,0,100,17,0.006050897564736424,0.0020945343752963677,1.653422579663014
scene0013_02,39,18,0,0,100,18,0.006013568008734094,0.001902840733048102,1.72633773998167
scene0013_02,42,19,0,0,100,19,0.006169305453748164,0.0017030917800640163,1.747787067180977
scene0013_02,44,20,0,0,100,20,0.006261135561344111,0.0019397353098923467,1.771216353886518
scene0013_02,46,21,0,0,100,21,0.006224643743757086,0.0025205155600707694,1.7131628587175192
scene0013_02,48,22,0,0,100,22,0.0062324384873347904,0.0019437281177909127,1.7559715260952997
scene0013_02,50,23,0,0,100,23,0.006229982735870165,0.0015169200710495893,1.7475219822779138
scene0013_02,53,24,0,0,100,24,0.006160144245491717,0.0012045035118222493,1.73611256252256
scene0013_02,55,25,0,0,100,25,0.006510597298769127,0.0013087430521392892,1.760487441897634
scene0013_02,57,26,0,0,100,26,0.006299452669054739,0.00179033282426492,1.6917596847219922
scene0013_02,59,27,0,0,100,27,0.00606486128900563,0.0011575903082505989,1.7536056968065934
scene0013_02,62,28,0,0,100,28,0.006083175307263544,0.0030117394908133976,1.791506636183532
scene0013_02,64,29,0,0,100,29,0.005940476641944636,0.0031257354425967662,1.773544344525775
scene0013_02,66,30,0,0,100,30,0.005884254297784386,0.004492210464640753,1.782189359407693
scene0013_02,68,31,0,0,100,31,0.006697748684153071,0.003764721595579964,1.7757830008161235
scene0013_02,70,32,0,0,100,32,0.0060856844805111665,0.0017966636665138762,1.691715775053645
scene0013_02,73,33,0,0,100,33,0.005821899008277565,0.0025009660408553402,1.6640267092533332
scene0013_02,75,34,0,0,100,34,0.005985176843301687,0.005449266164269454,1.772574163212038
scene0013_02,77,35,0,0,100,35,0.00582516302050784,0.0016306906220023769,1.620529262856976
scene0013_02,79,36,0,0,100,36,0.00600366965934318,0.0032449858453285616,1.685717484757382
scene0013_02,81,37,0,0,100,37,0.005889468621438465,0.0014993303536962358,1.6559650354278246
scene0013_02,84,38,0,0,100,38,0.005870588134219479,0.001205831045319394,1.6583853442887373
scene0013_02,86,39,0,0,100,39,0.005772786778245109,0.0018346842887775896,1.6528736641802537
scene0013_02,88,40,0,0,100,40,0.005806427879704645,0.0020315311399803685,1.686843865709279
scene0013_02,90,41,0,0,100,41,0.006018725637295441,0.002757327226294326,1.6272988250524578
scene0013_02,93,42,0,0,100,42,0.006007942966574031,0.002546863441376204,1.6413323413762475
scene0013_02,95,43,0,0,100,43,0.005993450010537971,0.001994980302307782,1.5994972956905973
scene0013_02,97,44,0,0,100,44,0.006330885153211896,0.002173579511860334,1.5525968630012388
scene0013_02,99,45,0,0,100,45,0.0063267991609670116,0.0036451185472840346,1.5461460626198544
scene0013_02,101,46,0,0,100,46,0.0063251141835245495,0.0038833960558272676,1.5057791924381165
scene0013_02,104,47,0,0,100,47,0.006080714297620471,0.003568912796777391,1.4837087886327813
scene0013_02,106,48,0,0,100,48,0.0060173851407675505,0.004011159190458259,1.4685233828216597
scene0013_02,108,49,0,0,100,49,0.006129452816012848,0.003642838006850502,1.5386744367382583
scene0013_02,110,50,0,0,100,49,0.006136336533537734,0.006073006134731763,1.5650256052217255
scene0013_02,112,51,0,0,100,48,0.006313637382870052,0.004025380894408424,1.505753338909379
scene0013_02,115,52,0,0,100,47,0.006380265684120645,0.0010744773182708345,1.472145945115217
scene0013_02,117,53,0,0,100,46,0.00634851391923863,0.002474252578766165,1.496026458222093
scene0013_02,119,54,0,0,100,45,0.006208202581908129,0.002770196992928592,1.5303399894868481
scene0013_02,121,55,0,0,100,44,0.006351335647913459,0.003150713877571327,1.499261212031416
scene0013_02,124,56,0,0,100,43,0.006065053613377502,0.0021962643142055447,1.472651744300521
scene0013_02,126,57,0,0,100,42,0.006224070911536428,0.0015376699093115917,1.4923313282586947
scene0013_02,128,58,0,0,100,41,0.0060397225237205365,0.0021881631915410624,1.4933530839102125
scene0013_02,130,59,0,0,100,40,0.005974081951872767,0.004083651819392411,1.5666730191627853
scene0013_02,132,60,0,0,100,39,0.005914171874812357,0.004356140869624104,1.5637547452214544
scene0013_02,135,61,0,0,100,38,0.005948805063358931,0.0016658049574801513,1.519922603130519
scene0013_02,137,62,0,0,100,37,0.00595839277280974,0.001706600507687144,1.5355394434755545
scene0013_02,139,63,0,0,100,36,0.0060988176679037664,0.0018150594561831845,1.550084113541234
scene0013_02,141,64,0,0,100,35,0.006060409046012349,0.00198507853478544,1.5472369102124122
scene0013_02,143,65,0,0,100,34,0.00596370473051322,0.0012952006717302541,1.5491042246903015
scene0013_02,146,66,0,0,100,33,0.005979314854672402,0.002447500053476683,1.4968302970716996
scene0013_02,148,67,0,0,100,32,0.00615832707966435,0.0028125850102406562,1.5575281437189643
scene0013_02,150,68,0,0,100,31,0.006082899146347298,0.002505962579974138,1.5470051958541786
scene0013_02,152,69,0,0,100,30,0.005916577311388949,0.0017421331207935079,1.5145332597870564
scene0013_02,155,70,0,0,100,29,0.006062997612212517,0.0021676795791063285,1.5106737211872496
scene0013_02,157,71,0,0,100,28,0.006136519038968058,0.0011098402794539207,1.5399983159345385
scene0013_02,159,72,0,0,100,27,0.0062071849665581436,0.004757281430412845,1.5593300865690956
scene0013_02,161,73,0,0,100,26,0.006143952047354628,0.00513153349172729,1.551035365559721
scene0013_02,163,74,0,0,100,25,0.0060347820528948715,0.004009614740998041,1.5183622364322793
scene0013_02,166,75,0,0,100,24,0.0060252564526079855,0.006357015741416582,1.5072417683141393
scene0013_02,168,76,0,0,100,23,0.0060503073912954175,0.005962524513803943,1.5458304208032954
scene0013_02,170,77,0,0,100,22,0.006118240654980345,0.003454185726353469,1.5723110085269896
scene0013_02,172,78,0,0,100,21,0.005955515352202623,0.002033943451236939,1.5764075651059597
scene0013_02,174,79,0,0,100,20,0.005903682277229927,0.003687965594246651,1.5797403412375899
scene0013_02,177,80,0,0,100,19,0.006294440930251222,0.006285650414421291,1.541275159999236
scene0013_02,179,81,0,0,100,18,0.0064131223568113516,0.0043311258291464936,1.4824059026011225
scene0013_02,181,82,0,0,100,17,0.00630027464770766,0.0018878449669098294,1.5006396130307724
scene0013_02,183,83,0,0,100,16,0.006424373443104425,0.00504534684184676,1.4926857126698951
scene0013_02,186,84,0,0,100,15,0.0060971019355575695,0.0024543856556118824,1.4780254586646806
scene0013_02,188,85,0,0,100,14,0.006518681423026695,0.002430164125350271,1.481955806125911
scene0013_02,190,86,0,0,100,13,0.006039840969073729,0.0022872686895460534,1.488594590213001
scene0013_02,192,87,0,0,100,12,0.006012467684862854,0.0014226205355568544,1.4723085456243392
scene0013_02,194,88,0,0,100,11,0.006039698566531859,0.002724853837626357,1.4095752792528307
scene0013_02,197,89,0,0,100,10,0.005907634567133391,0.0014027917217879708,1.4374310751901467
scene0013_02,199,90,0,0,100,9,0.005849176914088039,0.0014363164799975278,1.414116308464868
scene0013_02,201,91,0,0,100,8,0.006193780417155348,0.0013656057087013847,1.402053461789813
scene0013_02,203,92,0,0,100,7,0.005953384759960212,0.0028536910904752456,1.5361109477341173
scene0013_02,205,93,0,0,100,6,0.006014622748591769,0.0023131415580895966,1.403200800698303
scene0013_02,208,94,0,0,100,5,0.006087321241371124,0.0010378613269927705,1.480407471306259
scene0013_02,210,95,0,0,100,4,0.006166625632087586,0.00211308121757021,1.4690660617435154
scene0013_02,212,96,0,0,100,3,0.005952253801523311,0.002391139860255601,1.4706402637222913
scene0013_02,214,97,0,0,100,2,0.005922205078458864,0.003968446902392904,1.5142471892267284
scene0013_02,217,98,0,0,100,1,0.00619067841728449,0.001579589984550714,1.3346110111630474
scene0013_02,219,99,0,0,100,0,0.0063872243003288975,0.00090991492701076,1.312433799396621
scene0013_02,110,50,1,50,150,0,0.052889338775908845,0.0018580890092943776,1.4131289254790353
scene0013_02,112,51,1,50,150,1,0.050629516434132715,0.001995133530360124,1.364418376180941
scene0013_02,115,52,1,50,150,2,0.04575534127629932,0.001081644545699753,1.3246808108085373
scene0013_02,117,53,1,50,150,3,0.045172974384894315,0.0013083954275869866,1.3623308110854264
scene0013_02,119,54,1,50,150,4,0.04512355131506285,0.0008844989319399096,1.4134405538286814
scene0013_02,121,55,1,50,150,5,0.0450153838088837,0.001278135193357084,1.4441753932410837
scene0013_02,124,56,1,50,150,6,0.045093530421544514,0.0015530971633617616,1.4252045956810488
scene0013_02,126,57,1,50,150,7,0.04430513936300606,0.0012899117517613352,1.4237121890160165
scene0013_02,128,58,1,50,150,8,0.04392975501012342,0.0017212293591314478,1.501434888005655
scene0013_02,130,59,1,50,150,9,0.0431314360680185,0.004255941139403991,1.5211967800879134
scene0013_02,132,60,1,50,150,10,0.04302704539026303,0.005031977147055171,1.546070107374587
scene0013_02,135,61,1,50,150,11,0.04259171141421192,0.0009997282944408834,1.5101720324591006
scene0013_02,137,62,1,50,150,12,0.042464261387892166,0.0010572750607918198,1.516184667026173
scene0013_02,139,63,1,50,150,13,0.04207423502073204,0.0018011453498493735,1.5563153292482945
scene0013_02,141,64,1,50,150,14,0.04211423661299585,0.001332326517169118,1.5589631267296906
scene0013_02,143,65,1,50,150,15,0.04172254591093705,0.0020317009156351306,1.578073276375127
scene0013_02,146,66,1,50,150,16,0.04181652717057016,0.0019717353427301325,1.5533483603785156
scene0013_02,148,67,1,50,150,17,0.04146951356450834,0.0013413847094137599,1.6586807626293882
scene0013_02,150,68,1,50,150,18,0.04186974026666834,0.0008193986875572308,1.6422502517167397
scene0013_02,152,69,1,50,150,19,0.041442051389100065,0.0014160853927314943,1.5910520403008264
scene0013_02,155,70,1,50,150,20,0.040609697480915696,0.0014206611595798276,1.6961687649424122
scene0013_02,157,71,1,50,150,21,0.040543974782933145,0.0035211234134028577,1.6289438754070507
scene0013_02,159,72,1,50,150,22,0.04021383082594121,0.0031184559683052186,1.7503270972525782
scene0013_02,161,73,1,50,150,23,0.04016731648767091,0.0022421853438892004,1.743316383645967
scene0013_02,163,74,1,50,150,24,0.03997609268627089,0.002375464188803091,1.7419963315638995
scene0013_02,166,75,1,50,150,25,0.039912350101457106,0.00391390631558342,1.6834775081801132
scene0013_02,168,76,1,50,150,26,0.04005226301998743,0.0011320530834018796,1.763516043748961
scene0013_02,170,77,1,50,150,27,0.03978173195470225,0.002123931240759749,1.752570109256188
scene0013_02,172,78,1,50,150,28,0.0397047401277395,0.003856852532357208,1.6995728548555875
scene0013_02,174,79,1,50,150,29,0.039786570402308596,0.0035308915592882086,1.7406316762613763
scene0013_02,177,80,1,50,150,30,0.04005956477381367,0.004040123924539654,1.7133576269793018
scene0013_02,179,81,1,50,150,31,0.03943425669493983,0.0042782686569703176,1.6945106638141665
scene0013_02,181,82,1,50,150,32,0.03956350641344686,0.00393494034647612,1.6923541409438325
scene0013_02,183,83,1,50,150,33,0.03996488931108155,0.004363485966253462,1.6640283805418643
scene0013_02,186,84,1,50,150,34,0.03948659315371694,0.0037074359307720487,1.6490166069434586
scene0013_02,188,85,1,50,150,35,0.039841026275979186,0.00459376750837936,1.6123957806500326
scene0013_02,190,86,1,50,150,36,0.03919349156382479,0.004738915080249285,1.6150067517912063
scene0013_02,192,87,1,50,150,37,0.03913879605892512,0.004424607424566527,1.5830244965214204
scene0013_02,194,88,1,50,150,38,0.03916574148640217,0.00437097817650267,1.5405041726597157
scene0013_02,197,89,1,50,150,39,0.038695196616032934,0.003696107310666538,1.5950629444825186
scene0013_02,199,90,1,50,150,40,0.038368490171499126,0.0028970170481916325,1.5519045516567211
scene0013_02,201,91,1,50,150,41,0.037926728132428145,0.004294840877138554,1.4645504939772458
scene0013_02,203,92,1,50,150,42,0.03803545553606236,0.004798004862419779,1.6426276359649878
scene0013_02,205,93,1,50,150,43,0.03739282144151568,0.005087474998777993,1.4496150633277618
scene0013_02,208,94,1,50,150,44,0.037276446080169556,0.005805011764016889,1.5100092703479702
scene0013_02,210,95,1,50,150,45,0.03844049249010162,0.0036743969686693803,1.4414903889850477
scene0013_02,212,96,1,50,150,46,0.03868664834142288,0.003462679233283813,1.4401582729750464
scene0013_02,214,97,1,50,150,47,0.038757904001972765,0.005789964002326508,1.5240446608510974
scene0013_02,217,98,1,50,150,48,0.038218663927721774,0.003993343699137768,1.338542098279587
scene0013_02,219,99,1,50,150,49,0.037513032696690596,0.0032685050468983135,1.356656053578558
scene0013_02,221,100,1,50,150,49,0.03759242604717272,0.002205541923644218,1.358450668386165
scene0013_02,223,101,1,50,150,48,0.03730219394573031,0.002091077577361014,1.3800588638710893
scene0013_02,225,102,1,50,150,47,0.03752712774671885,0.006079291129409932,1.249607692394823
scene0013_02,228,103,1,50,150,46,0.037128458893293304,0.0028376303353385033,1.2850992812051318
scene0013_02,230,104,1,50,150,45,0.03654845741385748,0.003297876777190235,1.2510350325368398
scene0013_02,232,105,1,50,150,44,0.03722803867832436,0.0036609048817109672,1.2336857155335648
scene0013_02,234,106,1,50,150,43,0.03789005850315663,0.0032579166298437588,1.2118679745835426
scene0013_02,236,107,1,50,150,42,0.03801271194521649,0.0025351551364029166,1.1698259927664578
scene0013_02,239,108,1,50,150,41,0.03740698839469736,0.0032868890731623684,1.1822782141627604
scene0013_02,241,109,1,50,150,40,0.036725101099670976,0.004857005768523847,1.193211421418522
scene0013_02,243,110,1,50,150,39,0.03713867014668215,0.0014028854585857835,1.279845410170624
scene0013_02,245,111,1,50,150,38,0.03746979777945347,0.0025822550163319647,1.2562951334647436
scene0013_02,248,112,1,50,150,37,0.03699545713096386,0.001784022901161746,1.2148650255770916
scene0013_02,250,113,1,50,150,36,0.036905209113762494,0.001349195784596331,1.2680616391733661
scene0013_02,252,114,1,50,150,35,0.03685099556170879,0.0032285162350528724,1.190769140341857
scene0013_02,254,115,1,50,150,34,0.03708729670380628,0.002078878416361036,1.1596603988622636
scene0013_02,256,116,1,50,150,33,0.03717519643969336,0.004956542197549178,1.1558344818398223
scene0013_02,259,117,1,50,150,32,0.03680010899049713,0.0016251162442458896,1.2090277663838211
scene0013_02,261,118,1,50,150,31,0.03688928324519081,0.005916319726735494,1.1938155233528491
scene0013_02,263,119,1,50,150,30,0.03523153992822303,0.002533797370715344,1.2954260494917147
scene0013_02,265,120,1,50,150,29,0.03526397896892375,0.0031861534164903905,1.2616530859915793
scene0013_02,267,121,1,50,150,28,0.0352479848114462,0.004663417992458354,1.2882818139565773
scene0013_02,270,122,1,50,150,27,0.03529371670283199,0.004904011264159323,1.2223483750045276
scene0013_02,272,123,1,50,150,26,0.03504435343341428,0.004543224406131042,1.1279272582394178
scene0013_02,274,124,1,50,150,25,0.03537272341731845,0.005549336271630665,1.0537567271501456
scene0013_02,276,125,1,50,150,24,0.03502643342833034,0.004119724175601696,1.078802828909423
scene0013_02,279,126,1,50,150,23,0.03509385675808985,0.0034988208706775905,1.109604321731514
scene0013_02,281,127,1,50,150,22,0.03520096509397841,0.00604248223089169,1.0586500450205925
scene0013_02,283,128,1,50,150,21,0.03546556073208906,0.008448124391021704,1.0401117595585099
scene0013_02,285,129,1,50,150,20,0.034969653117856714,0.006900244255634319,1.1141166709409014
scene0013_02,287,130,1,50,150,19,0.03490735172969406,0.007459185877350447,1.2110619966655494
scene0013_02,290,131,1,50,150,18,0.0347098924237107,0.00604747138067203,1.2065341182788032
scene0013_02,292,132,1,50,150,17,0.0342099251818373,0.004565170238965915,1.1441432803186748
scene0013_02,294,133,1,50,150,16,0.03330189040059606,0.0029987496341293217,1.2399106228446224
scene0013_02,296,134,1,50,150,15,0.03306552130761786,0.0048395043607228246,1.223522101849185
scene0013_02,298,135,1,50,150,14,0.03308195268061109,0.008215850221825352,1.285488122260966
scene0013_02,301,136,1,50,150,13,0.03302966896083093,0.0065126986385883375,1.3208739077921652
scene0013_02,303,137,1,50,150,12,0.03309062243382621,0.002704177607023697,1.303009310236282
scene0013_02,305,138,1,50,150,11,0.03335751386741692,0.005396864504484767,1.4887528619436203
scene0013_02,307,139,1,50,150,10,0.03335858510806111,0.003808521141465501,1.4127942481237337
scene0013_02,310,140,1,50,150,9,0.03350099690772246,0.002571662572247173,1.3453328916353837
scene0013_02,312,141,1,50,150,8,0.034078566744807914,0.003768871549295121,1.4032764419647854
scene0013_02,314,142,1,50,150,7,0.03413499206438231,0.002723027372621851,1.398095057182923
scene0013_02,316,143,1,50,150,6,0.03471975542673056,0.0025703820012899573,1.3725530225763118
scene0013_02,318,144,1,50,150,5,0.03455636044803145,0.004569728186903332,1.4176137688589718
scene0013_02,321,145,1,50,150,4,0.03487470143202143,0.003976376091328002,1.40407245736632
scene0013_02,323,146,1,50,150,3,0.03520694928889012,0.004301335807175911,1.392516407451447
scene0013_02,325,147,1,50,150,2,0.03532871836201923,0.0036592669213500392,1.4002878624844157
scene0013_02,327,148,1,50,150,1,0.03597079221840449,0.006521338029665477,1.4481977201541774
scene0013_02,329,149,1,50,150,0,0.035750942346697956,0.00706599672003282,1.5159457759725172
scene0013_02,221,100,2,100,200,0,0.14965624482214124,0.004015590131085834,1.1005177433993112
scene0013_02,223,101,2,100,200,1,0.14819080408620255,0.006019099253099783,1.1206066378445134
scene0013_02,225,102,2,100,200,2,0.1429293326894795,0.004749320418987378,0.9095645403117355
scene0013_02,228,103,2,100,200,3,0.1415180545815522,0.007254169534915105,1.142157594936364
scene0013_02,230,104,2,100,200,4,0.148552069863636,0.00605802743096232,1.1316685130674613
scene0013_02,232,105,2,100,200,5,0.14219192224247845,0.006580404621617332,1.1289410740641093
scene0013_02,234,106,2,100,200,6,0.14190155579383767,0.008098959402666283,1.1317179245910896
scene0013_02,236,107,2,100,200,7,0.14364098129385194,0.006731234838424358,1.0711639493658158
scene0013_02,239,108,2,100,200,8,0.14344405637544266,0.006946372114548991,1.016987538840787
scene0013_02,241,109,2,100,200,9,0.1417689913556648,0.00582867305841508,0.9770246492765124
scene0013_02,243,110,2,100,200,10,0.14301255130457724,0.0049177454296371196,1.1619609240943285
scene0013_02,245,111,2,100,200,11,0.14205467091595902,0.005673360615288131,1.1874368191515376
scene0013_02,248,112,2,100,200,12,0.14224470235218745,0.005622337936066457,1.1548157701855368
scene0013_02,250,113,2,100,200,13,0.14267067139144274,0.005416336871475404,1.1490633239904922
scene0013_02,252,114,2,100,200,14,0.14131973694067268,0.004186497007105259,1.0896432614670144
scene0013_02,254,115,2,100,200,15,0.1418839357286542,0.003949554997329726,1.0726134616123546
scene0013_02,256,116,2,100,200,16,0.14237055067013182,0.005715040336923488,0.9194462730227377
scene0013_02,259,117,2,100,200,17,0.1384656155414431,0.0029778404305916893,1.0351981548323386
scene0013_02,261,118,2,100,200,18,0.1375643189682576,0.0034213218544547203,0.90951092985075
scene0013_02,263,119,2,100,200,19,0.1336148722526983,0.0016961245448366576,1.009912114985454
scene0013_02,265,120,2,100,200,20,0.13256655923617833,0.0010956872329628685,0.9449835452086901
scene0013_02,267,121,2,100,200,21,0.13208263735241543,0.004229726014894792,0.9744431705896015
scene0013_02,270,122,2,100,200,22,0.1310423770662632,0.005864962585626813,0.9465686411970756
scene0013_02,272,123,2,100,200,23,0.12932443190698661,0.009560159641910367,0.8674576962096399
scene0013_02,274,124,2,100,200,24,0.12887611142511735,0.004269632508534742,0.7745278465198115
scene0013_02,276,125,2,100,200,25,0.1283262015923936,0.0034023963392654046,0.82507171681209
scene0013_02,279,126,2,100,200,26,0.12755187537354207,0.003580790895828574,0.8340549764251564
scene0013_02,281,127,2,100,200,27,0.12727554871867852,0.0030183774867787298,0.7885060720968292
scene0013_02,283,128,2,100,200,28,0.12631828938366563,0.004460441130959257,0.6829414041876344
scene0013_02,285,129,2,100,200,29,0.1254599986832018,0.005507139755659031,0.7064257352301242
scene0013_02,287,130,2,100,200,30,0.12378115848608995,0.004269007850791387,0.7173336292172995
scene0013_02,290,131,2,100,200,31,0.12156582566266205,0.0039906345339803875,0.744216953599773
scene0013_02,292,132,2,100,200,32,0.12086983808547436,0.003746637650139442,0.6884273107463635
scene0013_02,294,133,2,100,200,33,0.11917418993092654,0.005052882008659441,0.7511208445040553
scene0013_02,296,134,2,100,200,34,0.1185966485287131,0.0063206605648596535,0.7185542672735815
scene0013_02,298,135,2,100,200,35,0.11799294255729365,0.01015680763085969,0.751850665189244
scene0013_02,301,136,2,100,200,36,0.11618486721897359,0.007201512026659063,0.791871426107622
scene0013_02,303,137,2,100,200,37,0.11495220628322877,0.0034798362075835437,0.8262312705058369
scene0013_02,305,138,2,100,200,38,0.11347919027806275,0.005485132708375335,0.8951748879440793
scene0013_02,307,139,2,100,200,39,0.11217380519173281,0.006244026815403812,0.8304742670043141
scene0013_02,310,140,2,100,200,40,0.1111326863593124,0.0028973658601834807,0.8524326420022816
scene0013_02,312,141,2,100,200,41,0.11103583184746879,0.002381606064784975,0.9240142153241014
scene0013_02,314,142,2,100,200,42,0.11122820787052656,0.002304578089301308,0.9571103890973607
scene0013_02,316,143,2,100,200,43,0.11124307016199386,0.002825807492592008,0.9338547627113002
scene0013_02,318,144,2,100,200,44,0.11208298860138488,0.005043385105003386,0.9033397069378776
scene0013_02,321,145,2,100,200,45,0.11201303924334638,0.004905247460006387,0.9255164758361034
scene0013_02,323,146,2,100,200,46,0.11187409503840473,0.003497484306693411,0.9584302980019098
scene0013_02,325,147,2,100,200,47,0.11178597889600594,0.0037662561710371917,0.9461724495265963
scene0013_02,327,148,2,100,200,48,0.11207618741980052,0.0036792034700378587,1.0090634422935005
scene0013_02,329,149,2,100,200,49,0.11132644578692696,0.004440177584601546,1.05289342961133
scene0013_02,332,150,2,100,200,49,0.11121684945472787,0.0055965797776455885,1.0350830562169329
scene0013_02,334,151,2,100,200,48,0.11059612930452167,0.005894125629944875,1.0321685031854864
scene0013_02,336,152,2,100,200,47,0.10997698086616836,0.0071608956909805154,1.0032025320123628
scene0013_02,338,153,2,100,200,46,0.10986796577095581,0.007236773030568235,1.006508152153003
scene0013_02,341,154,2,100,200,45,0.11059656998413092,0.005278937553890721,1.0479253686789316
scene0013_02,343,155,2,100,200,44,0.11065515300576456,0.006289484331808566,1.0424472904731483
scene0013_02,345,156,2,100,200,43,0.11012488666185638,0.0074526252072955775,1.0975709548376007
scene0013_02,347,157,2,100,200,42,0.110045776438775,0.007119668867669302,1.0788008965443467
scene0013_02,349,158,2,100,200,41,0.10931142291608142,0.0062973309299692234,1.1215742311010004
scene0013_02,352,159,2,100,200,40,0.1086580745249981,0.0048619722893000926,1.1091015961172126
scene0013_02,354,160,2,100,200,39,0.1081476759786183,0.004261606868035017,1.1845674177482117
scene0013_02,356,161,2,100,200,38,0.10743935434408591,0.0028252237244300875,1.1145865445697947
scene0013_02,358,162,2,100,200,37,0.10671553679825652,0.005129573725864856,1.103790561346964
scene0013_02,360,163,2,100,200,36,0.10725083906417032,0.002280998325595482,1.1658510828203403
scene0013_02,363,164,2,100,200,35,0.10759326767510402,0.0019688031714960807,1.1779442722146147
scene0013_02,365,165,2,100,200,34,0.10655217698741515,0.0012043893866766618,1.1775763399388672
scene0013_02,367,166,2,100,200,33,0.10700862130862832,0.0008638876726389936,1.1358735671575584
scene0013_02,369,167,2,100,200,32,0.10587295247743378,0.0022457804194471664,1.2195027554004678
scene0013_02,372,168,2,100,200,31,0.10362873758721469,0.001385282214438715,1.1489820223004539
scene0013_02,374,169,2,100,200,30,0.10179102478982582,0.004353471299841377,1.0949073410571535
scene0013_02,376,170,2,100,200,29,0.10123372477638193,0.002246864040209319,1.1663800140768825
scene0013_02,378,171,2,100,200,28,0.10131187566037303,0.0026591778536550646,1.2172505854030653
scene0013_02,380,172,2,100,200,27,0.10099898995116396,0.0016366110007164595,1.191237454279091
scene0013_02,383,173,2,100,200,26,0.09949556109399271,0.0031274485187343165,1.1818182048249555
scene0013_02,385,174,2,100,200,25,0.0994133208304212,0.0022535280562742278,1.196313273515275
scene0013_02,387,175,2,100,200,24,0.0989114094666661,0.002649368062039638,1.150158519755772
scene0013_02,389,176,2,100,200,23,0.09773750930305614,0.0019795372330644982,1.2064479133749568
scene0013_02,391,177,2,100,200,22,0.09770416309446239,0.0006059509647733346,1.1847345058050047
scene0013_02,394,178,2,100,200,21,0.09768249312322586,0.004016744005428156,1.255401017119791
scene0013_02,396,179,2,100,200,20,0.09736046484387706,0.004511916087847425,1.247693701273011
scene0013_02,398,180,2,100,200,19,0.0975896781176836,0.0046926542131346975,1.2324777455968765
scene0013_02,400,181,2,100,200,18,0.09802390258117044,0.003866297015120782,1.2119903498776925
scene0013_02,403,182,2,100,200,17,0.0966013462902231,0.003217915170592811,1.2947508311953309
scene0013_02,405,183,2,100,200,16,0.0967323716572921,0.005026639062080131,1.2865126266660387
scene0013_02,407,184,2,100,200,15,0.09711192007347336,0.0027186625170254304,1.30966637012959
scene0013_02,409,185,2,100,200,14,0.09624911569468919,0.0035667427416395257,1.303838571182319
scene0013_02,411,186,2,100,200,13,0.09607036656655898,0.005169616468043656,1.3061017602073133
scene0013_02,414,187,2,100,200,12,0.09537870988177455,0.0030911726979914265,1.3337752146245594
scene0013_02,416,188,2,100,200,11,0.09491493693209563,0.004650189155206016,1.330502416262102
scene0013_02,418,189,2,100,200,10,0.09466369150334641,0.004904315667982321,1.337452521825805
scene0013_02,420,190,2,100,200,9,0.09448411622462749,0.0007045540118218366,1.3231966866168756
scene0013_02,422,191,2,100,200,8,0.09362903148665358,0.0019520957472178504,1.339710023143902
scene0013_02,425,192,2,100,200,7,0.0921891943256502,0.0034164529921080033,1.404412655504924
scene0013_02,427,193,2,100,200,6,0.09271212455342193,0.0036125974357147156,1.4249026398076319
scene0013_02,429,194,2,100,200,5,0.09235116325163195,0.0019298312061068405,1.436387501614485
scene0013_02,431,195,2,100,200,4,0.09302147133091543,0.0019222327818864998,1.4408532288581275
scene0013_02,434,196,2,100,200,3,0.09185026169689137,0.002734787430607353,1.4387756943403522
scene0013_02,436,197,2,100,200,2,0.09220873414259168,0.0011646685626844912,1.4034023064099972
scene0013_02,438,198,2,100,200,1,0.09202360123079267,0.0025668444577729623,1.4373459994267115
scene0013_02,440,199,2,100,200,0,0.09131181857382131,0.00296975136444848,1.4062108158448856
scene0013_02,332,150,3,150,250,0,0.06719316413918475,0.008384224910192672,0.3640340740078318
scene0013_02,334,151,3,150,250,1,0.06038482432405601,0.005104516004768971,0.43257205595104137
scene0013_02,336,152,3,150,250,2,0.05999888984272306,0.005189889198977577,0.39169452160019214
scene0013_02,338,153,3,150,250,3,0.05993422841124385,0.006937537159448519,0.3530838559904259
scene0013_02,341,154,3,150,250,4,0.06028806683550281,0.005748655718963272,0.47467163524072126
scene0013_02,343,155,3,150,250,5,0.060588358473930626,0.004274614645475885,0.4324121224414092
scene0013_02,345,156,3,150,250,6,0.06037872865743088,0.004163357960226897,0.42396095356982033
scene0013_02,347,157,3,150,250,7,0.06083499373150403,0.004057461847367298,0.5143067385058128
scene0013_02,349,158,3,150,250,8,0.06021165019098218,0.0034084776772328696,0.4986020121535041
scene0013_02,352,159,3,150,250,9,0.05947870261551591,0.00597744876056233,0.521933163797582
scene0013_02,354,160,3,150,250,10,0.05969212635695342,0.002092569544751924,0.4993136877241236
scene0013_02,356,161,3,150,250,11,0.058995220176789376,0.0030256064391563525,0.5161885973654601
scene0013_02,358,162,3,150,250,12,0.058151886260345176,0.0019091695211175732,0.5357709503043934
scene0013_02,360,163,3,150,250,13,0.05840888571962477,0.003933624556011115,0.5013993189130491
scene0013_02,363,164,3,150,250,14,0.05919500322732141,0.0016299065983592321,0.5071169896303304
scene0013_02,365,165,3,150,250,15,0.05875248223070839,0.0010814693123862536,0.5168727895519889
scene0013_02,367,166,3,150,250,16,0.05965824897237648,0.0016047640572798463,0.5166616283654245
scene0013_02,369,167,3,150,250,17,0.05943021828768458,0.0017929292749561585,0.4911762097640619
scene0013_02,372,168,3,150,250,18,0.057685506569979506,0.0027653310171146346,0.48079795300690686
scene0013_02,374,169,3,150,250,19,0.057737471618028335,0.005032728948366774,0.4679262856467294
scene0013_02,376,170,3,150,250,20,0.05779874745809366,0.003451906130501391,0.5402569191890406
scene0013_02,378,171,3,150,250,21,0.058404925936793584,0.0031920877426827093,0.43146339026985303
scene0013_02,380,172,3,150,250,22,0.058220307122443415,0.0016193239969530021,0.44617823807368434
scene0013_02,383,173,3,150,250,23,0.05640475090947017,0.002406354238479101,0.3296841223020501
scene0013_02,385,174,3,150,250,24,0.056676097804799985,0.002907538372816099,0.322708147187683
scene0013_02,387,175,3,150,250,25,0.05574606767766044,0.0035974945012158775,0.3689361068462114
scene0013_02,389,176,3,150,250,26,0.05476310382769878,0.0035852319280182303,0.3512301986565003
scene0013_02,391,177,3,150,250,27,0.05440611787748162,0.004373143207138509,0.4370981125911235
scene0013_02,394,178,3,150,250,28,0.05453340349944158,0.002867012103756708,0.33537625775826346
scene0013_02,396,179,3,150,250,29,0.055126179203000336,0.004113391621602963,0.3358637063192094
scene0013_02,398,180,3,150,250,30,0.05597529656167721,0.0042586474238585584,0.3776638624034754
scene0013_02,400,181,3,150,250,31,0.05614236088816571,0.0025617947227473455,0.3790469471668132
scene0013_02,403,182,3,150,250,32,0.05409493639746432,0.003373577675852181,0.3192182103280534
scene0013_02,405,183,3,150,250,33,0.05418476831418828,0.002256224542267871,0.3083913880039998
scene0013_02,407,184,3,150,250,34,0.054023258165063925,0.0033856182953564263,0.3070434352931355
scene0013_02,409,185,3,150,250,35,0.05368743281129962,0.0017013796028068173,0.2760814645388841
scene0013_02,411,186,3,150,250,36,0.05573761606527672,0.003554672291214009,0.29402011110087467
scene0013_02,414,187,3,150,250,37,0.054020628796982884,0.0030131967751362452,0.2661781042609208
scene0013_02,416,188,3,150,250,38,0.054162307522474196,0.0018833536103147514,0.2764619613675652
scene0013_02,418,189,3,150,250,39,0.05387362477650093,0.0022451162033800182,0.21455375672235644
scene0013_02,420,190,3,150,250,40,0.05382302491734592,0.004280219465104734,0.3521164540894119
scene0013_02,422,191,3,150,250,41,0.05326918536679093,0.0048751794145958875,0.23114211865363746
scene0013_02,425,192,3,150,250,42,0.05277097936840636,0.004217677815483124,0.2035294104379266
scene0013_02,427,193,3,150,250,43,0.053048755544123916,0.0032924275473780367,0.1864508660430723
scene0013_02,429,194,3,150,250,44,0.05260527212865562,0.001424720972288281,0.15195391523493193
scene0013_02,431,195,3,150,250,45,0.053434425422479115,0.0027585531769262974,0.24930494607362205
scene0013_02,434,196,3,150,250,46,0.05336985159118557,0.004102447499488847,0.23930529617347457
scene0013_02,436,197,3,150,250,47,0.05368098475997429,0.0019245014243393246,0.2224121096091064
scene0013_02,438,198,3,150,250,48,0.053105046011966306,0.0010379321498802474,0.24492031898440283
scene0013_02,440,199,3,150,250,49,0.052313041927591564,0.0009777272134403135,0.2740360757020102
scene0013_02,442,200,3,150,250,49,0.050817442981420546,0.0010042772398860416,0.19721633921314752
scene0013_02,445,201,3,150,250,48,0.05201251600576018,0.0025806610606184466,0.27862990270786486
scene0013_02,447,202,3,150,250,47,0.05181717019224674,0.004204332201380906,0.22536767711219163
scene0013_02,449,203,3,150,250,46,0.04990769515080529,0.0013177782771116408,0.18821949062535245
scene0013_02,451,204,3,150,250,45,0.049796197384943786,0.0025903951846550366,0.1275735894072553
scene0013_02,453,205,3,150,250,44,0.050293479741731595,0.00289764976051981,0.18406930109216002
scene0013_02,456,206,3,150,250,43,0.0507347486804236,0.0023027749344655,0.14133842800526242
scene0013_02,458,207,3,150,250,42,0.05001719414457617,0.0028673878969784823,0.19278826292932283
scene0013_02,460,208,3,150,250,41,0.050410219600777406,0.004995887137378207,0.19689732706161722
scene0013_02,462,209,3,150,250,40,0.051200054769456105,0.0026638360844293734,0.1764543865653691
scene0013_02,465,210,3,150,250,39,0.051165869172554834,0.003313406557478093,0.20960010457409636
scene0013_02,467,211,3,150,250,38,0.05177677464482133,0.00433734170600417,0.2589565562094376
scene0013_02,469,212,3,150,250,37,0.051494067268692656,0.0028779655143059356,0.2033291815338031
scene0013_02,471,213,3,150,250,36,0.05114291680256444,0.0028716486091120604,0.22675410992764355
scene0013_02,473,214,3,150,250,35,0.0504240872433076,0.001184026018389537,0.20542513359217987
scene0013_02,476,215,3,150,250,34,0.050850431732322954,0.0015057464746663146,0.23157642249528726
scene0013_02,478,216,3,150,250,33,0.04955267307691669,0.0046993487088838794,0.26664653706814384
scene0013_02,480,217,3,150,250,32,0.04929096060120064,0.0025548989406231747,0.27275025637447464
scene0013_02,482,218,3,150,250,31,0.049472753128987135,0.002422762740666162,0.24311581739650015
scene0013_02,484,219,3,150,250,30,0.049316401420117284,0.0031213885203274813,0.3558668203018831
scene0013_02,487,220,3,150,250,29,0.04844641175734821,0.0017478436766792443,0.26021543934206565
scene0013_02,489,221,3,150,250,28,0.048053689835539926,0.0027672382313902286,0.31383044078361355
scene0013_02,491,222,3,150,250,27,0.047061968631285866,0.0032631477490908303,0.34562100361923626
scene0013_02,493,223,3,150,250,26,0.047861997934513845,0.0020222784989388713,0.38253033985130575
scene0013_02,496,224,3,150,250,25,0.047499168352476584,0.0023768902292544986,0.26761301821239936
scene0013_02,498,225,3,150,250,24,0.047815268179667636,0.002425335411328566,0.23680696172633547
scene0013_02,500,226,3,150,250,23,0.04772297907026557,0.001694155072347208,0.25105505299554004
scene0013_02,502,227,3,150,250,22,0.048009101850491676,0.0016947780163634773,0.22980420142950156
scene0013_02,504,228,3,150,250,21,0.04818430502159665,0.001320299988395007,0.2226724524057705
scene0013_02,507,229,3,150,250,20,0.04821655796107538,0.0006115667723099449,0.24504857356286103
scene0013_02,509,230,3,150,250,19,0.04765554552423823,0.0032037088196744134,0.29540325194183964
scene0013_02,511,231,3,150,250,18,0.04799163213007618,0.0031305523538734644,0.18333808407032312
scene0013_02,513,232,3,150,250,17,0.049211756265061135,0.002234096197206969,0.32943062004263884
scene0013_02,515,233,3,150,250,16,0.04834725378586846,0.0028370233641790902,0.22589520238482047
scene0013_02,518,234,3,150,250,15,0.047812397484912506,0.003141429344346888,0.24395562396538534
scene0013_02,520,235,3,150,250,14,0.04694862289196711,0.0036166077106628784,0.2904501958514515
scene0013_02,522,236,3,150,250,13,0.045960496415541896,0.0038824798411909362,0.22967261892214397
scene0013_02,524,237,3,150,250,12,0.04597852418077286,0.0023605996467497554,0.24997787221862366
scene0013_02,527,238,3,150,250,11,0.045087499841196754,0.002989087301337715,0.2840214919566864
scene0013_02,529,239,3,150,250,10,0.0442928312277342,0.005480609052494216,0.3734035341824532
scene0013_02,531,240,3,150,250,9,0.04398468587215465,0.004078708487336688,0.3933108694635254
scene0013_02,533,241,3,150,250,8,0.043040654493801345,0.005177631943840381,0.335651020687395
scene0013_02,535,242,3,150,250,7,0.04304165670917359,0.0019798736016130277,0.2558762178081427
scene0013_02,538,243,3,150,250,6,0.04402825961169787,0.002517791421854792,0.16977938189807038
scene0013_02,540,244,3,150,250,5,0.0441136574712615,0.0030980163796169545,0.15238069313731192
scene0013_02,542,245,3,150,250,4,0.044069106409743486,0.0037103559627718703,0.1857084925654129
scene0013_02,544,246,3,150,250,3,0.0450172475678875,0.0033471291536937725,0.11739761986737868
scene0013_02,546,247,3,150,250,2,0.046601446631461596,0.0027864496375843797,0.19127565246311012
scene0013_02,549,248,3,150,250,1,0.048116353125407074,0.0032282840297702766,0.19391250088779938
scene0013_02,551,249,3,150,250,0,0.050259282093122026,0.003496415237404836,0.17373363274607911
scene0013_02,442,200,4,200,300,0,0.12224038865366538,0.008412045824197176,0.247416189391156
scene0013_02,445,201,4,200,300,1,0.11704882516225024,0.004748300815191313,0.2952717311454583
scene0013_02,447,202,4,200,300,2,0.1163690098314979,0.004297928523555516,0.21153374700777602
scene0013_02,449,203,4,200,300,3,0.11587433284884852,0.007234696765352425,0.28513012852919156
scene0013_02,451,204,4,200,300,4,0.11615401080257193,0.007140864089546225,0.3888227397355352
scene0013_02,453,205,4,200,300,5,0.1161741960244368,0.006444924373085322,0.32507758168036166
scene0013_02,456,206,4,200,300,6,0.11593484087794881,0.0037594442883034833,0.28372562032172277
scene0013_02,458,207,4,200,300,7,0.11520394354390995,0.004997279484943458,0.25872132030264977
scene0013_02,460,208,4,200,300,8,0.1152661684889753,0.005090389175956008,0.24982019656917895
scene0013_02,462,209,4,200,300,9,0.11506342573721451,0.003052092959520521,0.23883582917467494
scene0013_02,465,210,4,200,300,10,0.11545501551385495,0.004141663426751385,0.26597121004164703
scene0013_02,467,211,4,200,300,11,0.1142864821029681,0.0024871117736565804,0.21559232308551812
scene0013_02,469,212,4,200,300,12,0.11304671107977105,0.0020367042993368577,0.2547815639153931
scene0013_02,471,213,4,200,300,13,0.11283640239710291,0.0016299143099514997,0.1991306368648165
scene0013_02,473,214,4,200,300,14,0.11398743738089623,0.0041073954884598435,0.32007391225663834
scene0013_02,476,215,4,200,300,15,0.1123410395044776,0.0019247112867522079,0.2331870091192379
scene0013_02,478,216,4,200,300,16,0.11228094684832401,0.004746222358757607,0.28632312180120056
scene0013_02,480,217,4,200,300,17,0.11183766154047925,0.0018941461983693628,0.19334883277656237
scene0013_02,482,218,4,200,300,18,0.11130210884105007,0.002348402375129477,0.22177532648807183
scene0013_02,484,219,4,200,300,19,0.11144998490515745,0.002069162197520183,0.18965079203786947
scene0013_02,487,220,4,200,300,20,0.110910614268807,0.0012456971614859414,0.24249396955231572
scene0013_02,489,221,4,200,300,21,0.1103772131646128,0.0015088669556618118,0.2080432579699141
scene0013_02,491,222,4,200,300,22,0.11127537660989706,0.003900669328397557,0.3011423910270036
scene0013_02,493,223,4,200,300,23,0.11028473726393517,0.0018913552308343312,0.33229073522439284
scene0013_02,496,224,4,200,300,24,0.10732117170784328,0.0020392363350531773,0.2840831184857842
scene0013_02,498,225,4,200,300,25,0.10724803827666496,0.0022002502399984017,0.34682191944595553
scene0013_02,500,226,4,200,300,26,0.10671796685210266,0.0019520867961655135,0.3078231047539624
scene0013_02,502,227,4,200,300,27,0.1067225868000733,0.0015595834623371788,0.34301942814880576
scene0013_02,504,228,4,200,300,28,0.10687659022340057,0.0009039585391052785,0.3183711634078085
scene0013_02,507,229,4,200,300,29,0.10699768138686871,0.002726035672907819,0.35620880871304156
scene0013_02,509,230,4,200,300,30,0.10641407574334405,0.0006318890601151165,0.3740035764450862
scene0013_02,511,231,4,200,300,31,0.10586912130290504,0.00453321136074946,0.3578178547522592
scene0013_02,513,232,4,200,300,32,0.10572060288957519,0.006446160230371179,0.3548026359813719
scene0013_02,515,233,4,200,300,33,0.10560786139766276,0.005335792653752904,0.3695198346850575
scene0013_02,518,234,4,200,300,34,0.10499792149092746,0.0038650790114074527,0.402860696145153
scene0013_02,520,235,4,200,300,35,0.10443909381029426,0.004720206284198196,0.38769035674294605
scene0013_02,522,236,4,200,300,36,0.10473140198159814,0.002290696061125041,0.42369641087031307
scene0013_02,524,237,4,200,300,37,0.10431186805623316,0.003582716672938431,0.41912251223348485
scene0013_02,527,238,4,200,300,38,0.10488020043652324,0.005558943295134964,0.3796288901483708
scene0013_02,529,239,4,200,300,39,0.10449544757866291,0.0038148867575062712,0.4881572284472501
scene0013_02,531,240,4,200,300,40,0.10464125889546216,0.006980240841893693,0.41805210643075646
scene0013_02,533,241,4,200,300,41,0.10341381996076882,0.003133892471737122,0.526783934961675
scene0013_02,535,242,4,200,300,42,0.10451161896551076,0.004066961269900812,0.5608537849734632
scene0013_02,538,243,4,200,300,43,0.10368605062489411,0.0015069403156370992,0.601608582479658
scene0013_02,540,244,4,200,300,44,0.10366096500598321,0.004276891921010326,0.5217087784679845
scene0013_02,542,245,4,200,300,45,0.10302597694772653,0.003726259415111135,0.5590878148119302
scene0013_02,544,246,4,200,300,46,0.10344656387848117,0.0012475031603744985,0.5669510508426822
scene0013_02,546,247,4,200,300,47,0.10374778195464451,0.005453666951411993,0.4252818943335793
scene0013_02,549,248,4,200,300,48,0.10538845735172653,0.008617348103446625,0.4190890095128972
scene0013_02,551,249,4,200,300,49,0.1051375545954637,0.01047025978302619,0.3846114798743089
scene0013_02,553,250,4,200,300,49,0.10382669048756732,0.006971674023364204,0.4242201623146134
scene0013_02,555,251,4,200,300,48,0.10310349474996994,0.006979781164739584,0.5474772738231548
scene0013_02,558,252,4,200,300,47,0.10290124297846381,0.00467110633706193,0.5360244171302035
scene0013_02,560,253,4,200,300,46,0.1013036922673769,0.00912564305675443,0.6464580651416078
scene0013_02,562,254,4,200,300,45,0.10232192148627517,0.006966396421949138,0.6348930519457834
scene0013_02,564,255,4,200,300,44,0.10346227612405667,0.004479474250684137,0.4968349203632888
scene0013_02,566,256,4,200,300,43,0.10281876697109837,0.0054186611110101516,0.5798026202319609
scene0013_02,569,257,4,200,300,42,0.10327056782315991,0.004361424656409631,0.5503560725387833
scene0013_02,571,258,4,200,300,41,0.10293632337458747,0.004508582729564495,0.5849390351100663
scene0013_02,573,259,4,200,300,40,0.10314358621117437,0.006079196665739175,0.5320156395790488
scene0013_02,575,260,4,200,300,39,0.10277568841306817,0.005087818700670017,0.5068939037227573
scene0013_02,577,261,4,200,300,38,0.10347066704593233,0.0017012868595888085,0.45853312273440194
scene0013_02,580,262,4,200,300,37,0.10271906388236418,0.0037246465855802326,0.49817132177783136
scene0013_02,582,263,4,200,300,36,0.10313967269854663,0.0016775905285875976,0.5127094310780295
scene0013_02,584,264,4,200,300,35,0.10195649856080435,0.002911381952698355,0.5724984473880355
scene0013_02,586,265,4,200,300,34,0.10160602999823987,0.002588921142264283,0.46666656409192586
scene0013_02,589,266,4,200,300,33,0.10227624050445927,0.0021667752006871576,0.4147913156137181
scene0013_02,591,267,4,200,300,32,0.10357231634419639,0.007472297027963116,0.42234276429244166
scene0013_02,593,268,4,200,300,31,0.10265182213156032,0.004132493952614121,0.4640529131636218
scene0013_02,595,269,4,200,300,30,0.10288651664377235,0.0029277072050386366,0.5335402913307131
scene0013_02,597,270,4,200,300,29,0.10333653447986668,0.005336649274103916,0.47514106872083534
scene0013_02,600,271,4,200,300,28,0.10333957081749712,0.006614538378715697,0.409824432479402
scene0013_02,602,272,4,200,300,27,0.10204246790448279,0.0018557910679965037,0.46592349393977206
scene0013_02,604,273,4,200,300,26,0.10208527141771762,0.006444488265895134,0.4985567931194172
scene0013_02,606,274,4,200,300,25,0.10264473873267121,0.009459188815679162,0.5711487982403005
scene0013_02,608,275,4,200,300,24,0.10262913215937808,0.014229059830450594,0.8121044926606831
scene0013_02,611,276,4,200,300,23,0.10268569453373244,0.004484908598955906,0.6752197691714552
scene0013_02,613,277,4,200,300,22,0.10292575648249136,0.0029822172301081453,0.7359067384401268
scene0013_02,615,278,4,200,300,21,0.10300275460574904,0.005860837052602617,0.708316553512511
scene0013_02,617,279,4,200,300,20,0.10208188658709993,0.004526113761560185,0.6281697973222897
scene0013_02,620,280,4,200,300,19,0.10111399895467987,0.004667366953376172,0.5970362647681132
scene0013_02,622,281,4,200,300,18,0.1008613717489606,0.0067017413816097505,0.5582402760285807
scene0013_02,624,282,4,200,300,17,0.10018924136747054,0.003742544657993397,0.6246715747433367
scene0013_02,626,283,4,200,300,16,0.10081727286125752,0.0059656903451517605,0.4974991490553445
scene0013_02,628,284,4,200,300,15,0.10179595011961762,0.0046057876433417905,0.42369044159461283
scene0013_02,631,285,4,200,300,14,0.100124404262806,0.002877689847434125,0.5840945475030747
scene0013_02,633,286,4,200,300,13,0.10119372430946127,0.00393455886115539,0.6165632793907806
scene0013_02,635,287,4,200,300,12,0.10198939493148318,0.0029965845523705144,0.6551358920081481
scene0013_02,637,288,4,200,300,11,0.10044833915464146,0.003038422394041911,0.5240977388083843
scene0013_02,639,289,4,200,300,10,0.10011494178047076,0.0032473906179005694,0.6142878654894551
scene0013_02,642,290,4,200,300,9,0.10115054861727213,0.004156751972652001,0.655565014394549
scene0013_02,644,291,4,200,300,8,0.10020263275504171,0.0027586686994923353,0.6994289252227969
scene0013_02,646,292,4,200,300,7,0.10024777081511527,0.0049279523464225315,0.7091138676158085
scene0013_02,648,293,4,200,300,6,0.10053628344260246,0.011122977046452596,0.8706350654405012
scene0013_02,651,294,4,200,300,5,0.1004526495674456,0.00736899887764977,0.8987793249809944
scene0013_02,653,295,4,200,300,4,0.0999903923149178,0.004067525387518804,0.7923738496940795
scene0013_02,655,296,4,200,300,3,0.10024455063198179,0.006923716608170796,0.786806656941172
scene0013_02,657,297,4,200,300,2,0.09827063685543702,0.006756833475216415,0.6924457232932876
scene0013_02,659,298,4,200,300,1,0.09887245094146246,0.0070478867588033,0.635388714834167
scene0013_02,662,299,4,200,300,0,0.09765046862699589,0.00976916082806973,0.869199865848318
scene0013_02,553,250,5,250,350,0,0.3940858446684403,0.0037779984853378236,0.6603955441076345
scene0013_02,555,251,5,250,350,1,0.3905406673165466,0.0009317110139385674,0.5883475646687278
scene0013_02,558,252,5,250,350,2,0.3874125338215222,0.0030251948869178986,0.6166311498707632
scene0013_02,560,253,5,250,350,3,0.38586973944890735,0.005970630075761309,0.5413285970586466
scene0013_02,562,254,5,250,350,4,0.38568487960655384,0.003847797861440917,0.5354246239385672
scene0013_02,564,255,5,250,350,5,0.3866882172803954,0.00030396753476134066,0.5869924143319991
scene0013_02,566,256,5,250,350,6,0.3864664050142007,0.0037597114817509844,0.5817373524140467
scene0013_02,569,257,5,250,350,7,0.3860545675159176,0.0023783261463747206,0.4761314646346776
scene0013_02,571,258,5,250,350,8,0.38513760517800555,0.0024170155295276424,0.5583375464718534
scene0013_02,573,259,5,250,350,9,0.38439252259137424,0.003907886791087929,0.5181453897630125
scene0013_02,575,260,5,250,350,10,0.3846470471929184,0.002805606952975952,0.5575533295488956
scene0013_02,577,261,5,250,350,11,0.3851769792206611,0.0013597224238474654,0.6209697275527639
scene0013_02,580,262,5,250,350,12,0.38526276844843155,0.0010482100084639708,0.6817479393376101
scene0013_02,582,263,5,250,350,13,0.3838843999269128,0.003044319424359101,0.7469578646624183
scene0013_02,584,264,5,250,350,14,0.3835647705560423,0.0034644722668143975,0.650783985454397
scene0013_02,586,265,5,250,350,15,0.3827230471463693,0.0022151942640891513,0.6642817444049264
scene0013_02,589,266,5,250,350,16,0.38308537844958623,0.0029407207963970685,0.7549500653364697
scene0013_02,591,267,5,250,350,17,0.38251248793288006,0.006829943721093329,0.5883032522478608
scene0013_02,593,268,5,250,350,18,0.3805794888890177,0.002755977631002416,0.6901630757733476
scene0013_02,595,269,5,250,350,19,0.3786630179094085,0.002250294797315087,0.7075700031600456
scene0013_02,597,270,5,250,350,20,0.3778263573023699,0.004233149432326856,0.735825785813349
scene0013_02,600,271,5,250,350,21,0.3760193687822805,0.0058393633343657185,0.7618515941719284
scene0013_02,602,272,5,250,350,22,0.3759781257271628,0.005033908239170373,0.8430654535801068
scene0013_02,604,273,5,250,350,23,0.3738194469952443,0.005798081093544455,0.8574594046533809
scene0013_02,606,274,5,250,350,24,0.37189493307381694,0.010080003859930407,0.972880286256428
scene0013_02,608,275,5,250,350,25,0.3707916402463195,0.014560542754549599,1.0280450955380849
scene0013_02,611,276,5,250,350,26,0.3673165731736445,0.005630986553194695,0.9037539301115638
scene0013_02,613,277,5,250,350,27,0.3680986710723386,0.002902541592844976,0.6311698558744042
scene0013_02,615,278,5,250,350,28,0.36539055329908865,0.008139954985145503,0.7191226330058933
scene0013_02,617,279,5,250,350,29,0.36568752253074344,0.008391010503158498,0.6194158973098391
scene0013_02,620,280,5,250,350,30,0.3636750005405217,0.004545499321943704,0.8268320479966307
scene0013_02,622,281,5,250,350,31,0.3614657867196298,0.004209716897755192,0.8432465876472113
scene0013_02,624,282,5,250,350,32,0.35959219671751863,0.0011121397894070918,0.7609496283557933
scene0013_02,626,283,5,250,350,33,0.36053357249689244,0.0009509223095591658,0.8369490581212876
scene0013_02,628,284,5,250,350,34,0.35936971147974583,0.0013432423307012582,0.8255022256558234
scene0013_02,631,285,5,250,350,35,0.3548444660331944,0.0017104344541362055,0.8802910554784275
scene0013_02,633,286,5,250,350,36,0.35485578111315697,0.0026777063300405784,0.8409149379527231
scene0013_02,635,287,5,250,350,37,0.35363627882007176,0.005373706280786952,0.7128341623194476
scene0013_02,637,288,5,250,350,38,0.3497201225542199,0.002939782016030406,0.768415079704966
scene0013_02,639,289,5,250,350,39,0.34700778891187345,0.004038301406730313,0.7755311554905021
scene0013_02,642,290,5,250,350,40,0.34674482883767066,0.0008309982716342754,0.8264386152680463
scene0013_02,644,291,5,250,350,41,0.34537852913387734,0.00332910640233982,0.8875107878339705
scene0013_02,646,292,5,250,350,42,0.3454419389370442,0.0023186737308239723,0.8234678929229512
scene0013_02,648,293,5,250,350,43,0.3461669354545561,0.007723156568125682,0.9523865348225415
scene0013_02,651,294,5,250,350,44,0.3449882284091166,0.009856447934705288,1.045262196585514
scene0013_02,653,295,5,250,350,45,0.34280678017385324,0.005278335893206514,0.8053639041037854
scene0013_02,655,296,5,250,350,46,0.34230013407357107,0.0025273386654887883,0.9986629718869406
scene0013_02,657,297,5,250,350,47,0.3406056056154213,0.003375073338168995,0.8801914527004254
scene0013_02,659,298,5,250,350,48,0.3398757579642341,0.003233171770787528,0.938247133347091
scene0013_02,662,299,5,250,350,49,0.3360846485998181,0.0031999934374164476,1.0548284718915841
scene0013_02,664,300,5,250,350,49,0.33385350255074764,0.004219633699821633,0.7940684462091944
scene0013_02,666,301,5,250,350,48,0.3339374588416347,0.007600151283320595,0.9704838785638906
scene0013_02,668,302,5,250,350,47,0.33255371470021367,0.010584471158666597,1.071344139123118
scene0013_02,670,303,5,250,350,46,0.3307570738798624,0.010578271995478537,0.989944458690908
scene0013_02,673,304,5,250,350,45,0.3311041784981239,0.013029228678207626,1.0198528228165964
scene0013_02,675,305,5,250,350,44,0.3282648246952564,0.008781920419563896,0.8515585161950039
scene0013_02,677,306,5,250,350,43,0.32696190822381777,0.007833782434545236,0.9524353700340369
scene0013_02,679,307,5,250,350,42,0.32600974074792877,0.009090032464477357,0.748319495316424
scene0013_02,682,308,5,250,350,41,0.3239968939833623,0.008176053555776778,0.7778504096553234
scene0013_02,684,309,5,250,350,40,0.32349493023575215,0.005967804714301052,0.814433846060774
scene0013_02,686,310,5,250,350,39,0.3212658172287137,0.009955135613677108,0.8201930214449817
scene0013_02,688,311,5,250,350,38,0.3237656730348346,0.008088958060591603,0.9362909738658608
scene0013_02,690,312,5,250,350,37,0.32352331064210693,0.005370202687332544,0.9895714003676106
scene0013_02,693,313,5,250,350,36,0.32156857334623723,0.0066877315054871276,1.0142735589331664
scene0013_02,695,314,5,250,350,35,0.3200847892583357,0.004631165047494331,0.9385620456468587
scene0013_02,697,315,5,250,350,34,0.31869685238214784,0.005987483971123727,1.0486462808675143
scene0013_02,699,316,5,250,350,33,0.31651544151672883,0.007498208170975562,0.7579697029693567
scene0013_02,701,317,5,250,350,32,0.31668019439116935,0.010624140308498502,1.0023240199155494
scene0013_02,704,318,5,250,350,31,0.31257134984616675,0.006234190924678178,0.8131371038874341
scene0013_02,706,319,5,250,350,30,0.3115918464792986,0.004272083032748426,0.8910502132575345
scene0013_02,708,320,5,250,350,29,0.3104337489068163,0.009657846015319766,0.692238186310858
scene0013_02,710,321,5,250,350,28,0.31127308353785466,0.005732113142802038,0.8487023930585387
scene0013_02,713,322,5,250,350,27,0.30886709436554827,0.004649297995211489,0.9107233657710473
scene0013_02,715,323,5,250,350,26,0.3092034411500436,0.0040352282043012834,0.9112163246596998
scene0013_02,717,324,5,250,350,25,0.3096342045774345,0.005272478292646283,1.05220475758539
scene0013_02,719,325,5,250,350,24,0.3075494309830853,0.005829393524096728,1.0856658651251352
scene0013_02,721,326,5,250,350,23,0.30617114459759887,0.007387670147834132,0.9753630966974273
scene0013_02,724,327,5,250,350,22,0.30647545444927116,0.011964862879442931,1.042602579020664
scene0013_02,726,328,5,250,350,21,0.30677391925118525,0.011518182190903043,1.0476630034396435
scene0013_02,728,329,5,250,350,20,0.30507179415258423,0.009080648265999117,1.0231426016234713
scene0013_02,730,330,5,250,350,19,0.30510597585475585,0.004952486899276584,1.334005986621264
scene0013_02,732,331,5,250,350,18,0.3053579691009928,0.004487156025505169,1.1388284583598924
scene0013_02,735,332,5,250,350,17,0.3056189209561959,0.008303783607821833,1.2351970265870573
scene0013_02,737,333,5,250,350,16,0.30372091676839386,0.00735635433681769,1.04389236819554
scene0013_02,739,334,5,250,350,15,0.30385227528221836,0.004174055979409399,1.0243456616686395
scene0013_02,741,335,5,250,350,14,0.30303119211844787,0.005271032722591354,1.1726951737811977
scene0013_02,744,336,5,250,350,13,0.3034785965597222,0.007839616498315051,1.5454319738916371
scene0013_02,746,337,5,250,350,12,0.3024075900113994,0.0029338603985180514,1.067886490264283
scene0013_02,748,338,5,250,350,11,0.30331778903200046,0.00465470412061497,1.323442276255019
scene0013_02,750,339,5,250,350,10,0.3036082802075345,0.007592998820886863,1.2852628321754151
scene0013_02,752,340,5,250,350,9,0.304933145885378,0.009035533486022648,1.267810822140407
scene0013_02,755,341,5,250,350,8,0.3037300546527828,0.0033727631058533577,1.3153776866887248
scene0013_02,757,342,5,250,350,7,0.3047114017298187,0.004892114512872849,1.5174364176625796
scene0013_02,759,343,5,250,350,6,0.3050725955157554,0.00340876561217404,1.4432880316604675
scene0013_02,761,344,5,250,350,5,0.3046945325085926,0.005118345748401782,1.418101972485771
scene0013_02,763,345,5,250,350,4,0.3060482955627196,0.006790022422077233,1.1833134155274445
scene0013_02,766,346,5,250,350,3,0.30857433222291986,0.002401813930953911,1.2289853853324608
scene0013_02,768,347,5,250,350,2,0.3101536592748726,0.004787811026392585,1.3439072214675278
scene0013_02,770,348,5,250,350,1,0.31238858362377053,0.005461193640199988,1.6233372556025718
scene0013_02,772,349,5,250,350,0,0.3145231084484229,0.007214526892133217,1.4035066745494753
scene0013_02,664,300,6,300,400,0,0.678596089697267,0.000832695577665054,0.8769892235220345
scene0013_02,666,301,6,300,400,1,0.6771792681076417,0.006177648414207172,0.9490396166838866
scene0013_02,668,302,6,300,400,2,0.67608696575408,0.008404365414740335,0.9608284448013363
scene0013_02,670,303,6,300,400,3,0.6738604352852876,0.008059871703794528,1.0362709458983892
scene0013_02,673,304,6,300,400,4,0.6727406876080563,0.011682539872913565,0.836327971625098
scene0013_02,675,305,6,300,400,5,0.6722855065611173,0.007792535758773897,1.0211024709928511
scene0013_02,677,306,6,300,400,6,0.670469069785743,0.008294168790052764,1.0413507256261418
scene0013_02,679,307,6,300,400,7,0.6673796572897466,0.008015729059384136,1.0298671117271359
scene0013_02,682,308,6,300,400,8,0.6637148605593719,0.0073680230218899105,1.0554653918268335
scene0013_02,684,309,6,300,400,9,0.6616439117967908,0.0063875113570911485,1.1927999748930893
scene0013_02,686,310,6,300,400,10,0.6579711818229781,0.006941753566195631,1.1299916395267402
scene0013_02,688,311,6,300,400,11,0.6585964441598959,0.003734936011690277,0.826760252458816
scene0013_02,690,312,6,300,400,12,0.6587124449467872,0.003314941773031915,0.7220572485207074
scene0013_02,693,313,6,300,400,13,0.656939897020261,0.007946118574262294,1.0277116203093517
scene0013_02,695,314,6,300,400,14,0.655758419229222,0.0018894187696828432,0.8603891830819768
scene0013_02,697,315,6,300,400,15,0.655036922145215,0.004602954997676016,1.0900927172191384
scene0013_02,699,316,6,300,400,16,0.653749020785622,0.007496561744663752,1.2428708899417975
scene0013_02,701,317,6,300,400,17,0.6546209681344753,0.008353692619495642,1.1893302395019554
scene0013_02,704,318,6,300,400,18,0.652549195677087,0.005825945510407665,0.9947715395460373
scene0013_02,706,319,6,300,400,19,0.6502971166339303,0.004528303740225322,1.0963003606338355
scene0013_02,708,320,6,300,400,20,0.649636684034289,0.007245586091452027,1.0369718165228308
scene0013_02,710,321,6,300,400,21,0.6533270122984115,0.006688414582236884,0.8721774106739135
scene0013_02,713,322,6,300,400,22,0.6516090734997819,0.007741778899087613,0.9137750163720828
scene0013_02,715,323,6,300,400,23,0.651668171492694,0.006604522198002655,0.8266672534973547
scene0013_02,717,324,6,300,400,24,0.6526742057469417,0.00796918408494622,0.8666084600685499
scene0013_02,719,325,6,300,400,25,0.6506284895397983,0.008794731641804792,0.776267267153968
scene0013_02,721,326,6,300,400,26,0.648377002345524,0.010741506202582084,0.893426786780671
scene0013_02,724,327,6,300,400,27,0.6491475137271489,0.012827577940321536,0.7483739825666991
scene0013_02,726,328,6,300,400,28,0.6491608657090435,0.014493488718801406,0.6722753983114601
scene0013_02,728,329,6,300,400,29,0.6472738473603413,0.014180327276733552,0.8113207574557568
scene0013_02,730,330,6,300,400,30,0.6465218687851808,0.010534174676609737,1.0119594272640628
scene0013_02,732,331,6,300,400,31,0.6440278184190087,0.009111888016223625,0.9094229453148123
scene0013_02,735,332,6,300,400,32,0.6417332370036751,0.008607458963486301,1.1127739268820553
scene0013_02,737,333,6,300,400,33,0.6398876011276154,0.008768744241946076,0.9497859812324767
scene0013_02,739,334,6,300,400,34,0.6394643152611725,0.006868672686745165,1.0157399624524464
scene0013_02,741,335,6,300,400,35,0.6374610003521655,0.006124402191579382,1.1394119048369453
scene0013_02,744,336,6,300,400,36,0.6342026562578711,0.0056411083002550705,1.3584999554500834
scene0013_02,746,337,6,300,400,37,0.6314118061830353,0.005900791782639474,1.1042691606907133
scene0013_02,748,338,6,300,400,38,0.6318777617292992,0.004202896080646255,1.0374383422873181
scene0013_02,750,339,6,300,400,39,0.6310995432003388,0.008849319017611709,0.858613204321469
scene0013_02,752,340,6,300,400,40,0.6303951686962039,0.007887302578506093,1.009385762422173
scene0013_02,755,341,6,300,400,41,0.6283302699546136,0.004288938834859408,1.1686812725620164
scene0013_02,757,342,6,300,400,42,0.6270168350967489,0.0031871992348447855,1.2798143922184895
scene0013_02,759,343,6,300,400,43,0.62553152422553,0.0030045275033777903,1.2721490140100729
scene0013_02,761,344,6,300,400,44,0.6238019451106505,0.0037729641888538485,1.2231493041285197
scene0013_02,763,345,6,300,400,45,0.6237067119155348,0.004991274706912611,1.1683265760952501
scene0013_02,766,346,6,300,400,46,0.622386547985599,0.0032691159755162545,1.252910640342124
scene0013_02,768,347,6,300,400,47,0.6222835177483921,0.00510300047286966,1.2874532054498586
scene0013_02,770,348,6,300,400,48,0.6191911409336368,0.004712961253062706,1.5188302400317197
scene0013_02,772,349,6,300,400,49,0.620898235901924,0.006127828750702913,1.4186686831684845
scene0013_02,775,350,6,300,400,49,0.6230715032130416,0.003918505505009814,1.289917657059216
scene0013_02,777,351,6,300,400,48,0.6220318224093785,0.002307247463932244,1.361989622054992
scene0013_02,779,352,6,300,400,47,0.6206729598359187,0.006019650403994722,1.2570151336653772
scene0013_02,781,353,6,300,400,46,0.6182218964896455,0.0028273167722959944,1.2133056144418695
scene0013_02,783,354,6,300,400,45,0.618758593085362,0.0020671770070623285,1.154122019544644
scene0013_02,786,355,6,300,400,44,0.6158639500694847,0.007728012811241126,1.365100680509281
scene0013_02,788,356,6,300,400,43,0.6145055242826902,0.0035382204006404374,1.1627896596598737
scene0013_02,790,357,6,300,400,42,0.6137301388720943,0.0023123521421034815,1.1187601996936158
scene0013_02,792,358,6,300,400,41,0.6132477750644307,0.005287011322840054,1.011851276206505
scene0013_02,794,359,6,300,400,40,0.6109572263497978,0.004059075910062407,1.0539998107288944
scene0013_02,797,360,6,300,400,39,0.6144172678591227,0.009733583859933576,0.7627599380116493
scene0013_02,799,361,6,300,400,38,0.6146812814141861,0.013018439633180218,0.8984284077847594
scene0013_02,801,362,6,300,400,37,0.6128853244443442,0.0067499572668239605,1.0600258029403098
scene0013_02,803,363,6,300,400,36,0.6106266942076548,0.004547453769307769,1.2789852339476084
scene0013_02,806,364,6,300,400,35,0.6083164931922379,0.0056266804855897344,1.5491913636132513
scene0013_02,808,365,6,300,400,34,0.6088740071607345,0.007175596966754846,1.5966654322584384
scene0013_02,810,366,6,300,400,33,0.6049495971424472,0.013589695560042107,1.9756065526592261
scene0013_02,812,367,6,300,400,32,0.6050127445568212,0.013314401890837078,1.9803931283027123
scene0013_02,814,368,6,300,400,31,0.6017100536630074,0.019248714008862963,2.170616394731961
scene0013_02,817,369,6,300,400,30,0.6028664121251546,0.008220673907150988,1.4173925949236987
scene0013_02,819,370,6,300,400,29,0.6062916437524152,0.007786304526516862,1.158183770465472
scene0013_02,821,371,6,300,400,28,0.6055489002366031,0.008978613917255844,1.261856214680469
scene0013_02,823,372,6,300,400,27,0.6044085054744517,0.009119908744163619,1.655501762737335
scene0013_02,825,373,6,300,400,26,0.602086398661466,0.014618996496063217,1.8010756774794903
scene0013_02,828,374,6,300,400,25,0.603288083217702,0.019793229961549273,2.3279189004156158
scene0013_02,830,375,6,300,400,24,0.6069320976251704,0.008392087477345184,1.491030549809392
scene0013_02,832,376,6,300,400,23,0.6085249322447414,0.005740531456591107,1.6230430342955746
scene0013_02,834,377,6,300,400,22,0.6135926634552272,0.00990562426588484,2.0719220212118166
scene0013_02,837,378,6,300,400,21,0.6136421733244471,0.011442735553973554,1.826384908111416
scene0013_02,839,379,6,300,400,20,0.6138259236640551,0.008119238770964024,1.510446219859974
scene0013_02,841,380,6,300,400,19,0.617466451777144,0.006169887610007889,1.2821602768058757
scene0013_02,843,381,6,300,400,18,0.6201756782704959,0.01331570471639306,2.151159457137524
scene0013_02,845,382,6,300,400,17,0.6266551109071525,0.024341973996300545,2.5358267829850902
scene0013_02,848,383,6,300,400,16,0.6326104427717909,0.011211299984696955,1.9398613351649905
scene0013_02,850,384,6,300,400,15,0.6332647759875538,0.008971225456367823,1.417634256356312
scene0013_02,852,385,6,300,400,14,0.6395388748212761,0.008024480764568926,1.4508162538347495
scene0013_02,854,386,6,300,400,13,0.6375192493376854,0.01256763571263669,1.2475927050306286
scene0013_02,856,387,6,300,400,12,0.637714367025261,0.0050712329230730565,0.9379566031148687
scene0013_02,859,388,6,300,400,11,0.6369816850476469,0.0017138146317073769,1.4980176251499961
scene0013_02,861,389,6,300,400,10,0.6338345201255342,0.005626149386036685,1.685362317985014
scene0013_02,863,390,6,300,400,9,0.6295830994478147,0.00568999823616524,1.5610851612871528
scene0013_02,865,391,6,300,400,8,0.623234339643269,0.0058013857468278375,0.994203095931019
scene0013_02,868,392,6,300,400,7,0.6264757759058992,0.00663046023637354,1.1974247861679284
scene0013_02,870,393,6,300,400,6,0.6264433421421517,0.011203676984751193,1.2480685299533156
scene0013_02,872,394,6,300,400,5,0.62722428082419,0.010334584810738024,1.0456962518588147
scene0013_02,874,395,6,300,400,4,0.6258695839193792,0.012417119564421973,0.6809752959693233
scene0013_02,876,396,6,300,400,3,0.6211113497201968,0.016065735969555097,0.651105116740048
scene0013_02,879,397,6,300,400,2,0.6280133735887564,0.016443133224372034,0.8629189852510822
scene0013_02,881,398,6,300,400,1,0.6301044265937221,0.015094123242917791,1.0694958349377495
scene0013_02,883,399,6,300,400,0,0.6252994605647321,0.011360967393518726,0.8914121963527423
scene0013_02,775,350,7,350,450,0,0.8232932726409972,0.00678207726859652,1.9143898347331176
scene0013_02,777,351,7,350,450,1,0.8220083855046709,0.005799225953996387,1.8188238114369735
scene0013_02,779,352,7,350,450,2,0.8202646178957905,0.008945579089666204,1.8653992419456993
scene0013_02,781,353,7,350,450,3,0.8158461395220953,0.006355806977908594,1.83281958801087
scene0013_02,783,354,7,350,450,4,0.8163869267701913,0.0038072491350819994,1.7777024397453205
scene0013_02,786,355,7,350,450,5,0.815293697764776,0.011835184262427387,1.80104576103032
scene0013_02,788,356,7,350,450,6,0.8167544625058685,0.007312801441514972,1.8772839240401575
scene0013_02,790,357,7,350,450,7,0.8171315698851743,0.009462875743712563,1.76208735437028
scene0013_02,792,358,7,350,450,8,0.818656199653667,0.003714966750023439,1.8438058206488206
scene0013_02,794,359,7,350,450,9,0.817641173052285,0.006933316431913969,1.925332489245524
scene0013_02,797,360,7,350,450,10,0.8220110847373402,0.004393868889159192,2.250887919506428
scene0013_02,799,361,7,350,450,11,0.8221765260322447,0.007746611712432357,2.1101249603605883
scene0013_02,801,362,7,350,450,12,0.8166685035428634,0.0036968054955563512,1.9147887037915234
scene0013_02,803,363,7,350,450,13,0.81260934903739,0.004977671907468653,2.019346283959495
scene0013_02,806,364,7,350,450,14,0.8129395795493476,0.007402426742984411,1.7434921258699123
scene0013_02,808,365,7,350,450,15,0.8125150211537956,0.006926864453354048,1.8997933016263886
scene0013_02,810,366,7,350,450,16,0.80908893083983,0.014252054408668493,1.8472200198314197
scene0013_02,812,367,7,350,450,17,0.8112798485333013,0.015149931452695314,2.013093719680959
scene0013_02,814,368,7,350,450,18,0.8087906899363891,0.019501228114080133,1.8706333569238305
scene0013_02,817,369,7,350,450,19,0.815119565784429,0.0068130137886966945,1.9239508323351047
scene0013_02,819,370,7,350,450,20,0.8218153034511859,0.00678895100666653,1.979430842956034
scene0013_02,821,371,7,350,450,21,0.8219131215408703,0.010656424509114982,1.9616604519368797
scene0013_02,823,372,7,350,450,22,0.8187036563253498,0.009718372475225393,1.8438579903495835
scene0013_02,825,373,7,350,450,23,0.8142176328268419,0.01123876281339208,1.6948391640008913
scene0013_02,828,374,7,350,450,24,0.8155510587433621,0.01781147335874891,1.8384277018842359
scene0013_02,830,375,7,350,450,25,0.8240233921933309,0.006502280908294563,2.1158061053437986
scene0013_02,832,376,7,350,450,26,0.8262718934200454,0.0018956972855759884,2.374720514708979
scene0013_02,834,377,7,350,450,27,0.8313009984327182,0.005887902159655415,2.199704732800182
scene0013_02,837,378,7,350,450,28,0.830085923240708,0.007232830051443565,2.037511967873977
scene0013_02,839,379,7,350,450,29,0.8317195715099538,0.008484695022592552,2.0988526855475316
scene0013_02,841,380,7,350,450,30,0.8373305922109097,0.00564181433268276,1.94649262170742
scene0013_02,843,381,7,350,450,31,0.836851148477179,0.008857616068046444,1.8929669464985894
scene0013_02,845,382,7,350,450,32,0.8436809807311192,0.01732695590791736,2.0636780096188643
scene0013_02,848,383,7,350,450,33,0.8550368440691271,0.009479902542080936,1.9506913706120317
scene0013_02,850,384,7,350,450,34,0.8572106426603459,0.009207698148055964,1.7570622009873527
scene0013_02,852,385,7,350,450,35,0.8624647804378733,0.006028182245664141,1.6427452280095025
scene0013_02,854,386,7,350,450,36,0.8606796479325793,0.011521112764570827,1.4265372537377536
scene0013_02,856,387,7,350,450,37,0.8648929942552491,0.005354377983926802,1.6161939529034604
scene0013_02,859,388,7,350,450,38,0.8638478335405543,0.0031596528743521135,1.2882748895858995
scene0013_02,861,389,7,350,450,39,0.8630132155331774,0.005504901930127008,0.9166281905503548
scene0013_02,863,390,7,350,450,40,0.8616844355083332,0.005393057433198422,1.0545560383482417
scene0013_02,865,391,7,350,450,41,0.856403655482959,0.005043892206748649,1.6633578965821791
scene0013_02,868,392,7,350,450,42,0.8595202185146895,0.0016490675368543133,1.145392514375747
scene0013_02,870,393,7,350,450,43,0.8583543441002474,0.0074257326258355336,1.3940112603272432
scene0013_02,872,394,7,350,450,44,0.8577855970554056,0.005519037126948729,1.6011290255428978
scene0013_02,874,395,7,350,450,45,0.859175432267266,0.00967138403722331,1.8925564615788337
scene0013_02,876,396,7,350,450,46,0.8514322292153371,0.012544570336835094,2.0239910389025724
scene0013_02,879,397,7,350,450,47,0.8562331200455994,0.012838733298996778,1.8151153927323949
scene0013_02,881,398,7,350,450,48,0.8578084414460123,0.012102548899552784,1.9199500469176496
scene0013_02,883,399,7,350,450,49,0.8548290881543974,0.007809379039431008,1.7678919346411563
scene0013_02,885,400,7,350,450,49,0.8486869259240902,0.010760138516914233,1.7204192584542326
scene0013_02,887,401,7,350,450,48,0.845617792340173,0.008140479188145946,1.4967102938850518
scene0013_02,890,402,7,350,450,47,0.8472403977474352,0.005821486100746871,1.4484618916128744
scene0013_02,892,403,7,350,450,46,0.8494591149754732,0.00857706164961146,1.8557383062419444
scene0013_02,894,404,7,350,450,45,0.8449242219621393,0.005383581155035654,1.442050765567695
scene0013_02,896,405,7,350,450,44,0.8321992471526092,0.005880710356764123,1.6752226665789363
scene0013_02,899,406,7,350,450,43,0.8326772981317025,0.01186328523035858,1.7975059728495286
scene0013_02,901,407,7,350,450,42,0.8204848364428651,0.006373008863504456,1.5454988938922711
scene0013_02,903,408,7,350,450,41,0.8196738650997191,0.002950417808948847,1.4586124026268272
scene0013_02,905,409,7,350,450,40,0.8156433549384661,0.0049695482344562555,1.7111732410115674
scene0013_02,907,410,7,350,450,39,0.814012841186793,0.007069571727537574,1.755897418699474
scene0013_02,910,411,7,350,450,38,0.8085227341834228,0.0068424099284797035,1.6621080307284442
scene0013_02,912,412,7,350,450,37,0.8077323446243863,0.006379479490067956,1.7285205335298874
scene0013_02,914,413,7,350,450,36,0.804379731404391,0.010760095274495422,1.745518633936679
scene0013_02,916,414,7,350,450,35,0.8046262399282607,0.005214246542596203,1.9958791154086013
scene0013_02,918,415,7,350,450,34,0.8032934335309532,0.005868168964956156,1.9991261753004257
scene0013_02,921,416,7,350,450,33,0.809145714742576,0.006559586312325418,1.8375946396515044
scene0013_02,923,417,7,350,450,32,0.8073849100298413,0.0028336450283864187,1.7563212945661124
scene0013_02,925,418,7,350,450,31,0.8056076742680363,0.0023122523965741076,1.6098084765348588
scene0013_02,927,419,7,350,450,30,0.8109225331584129,0.008503632775858928,1.8359435320877688
scene0013_02,930,420,7,350,450,29,0.8086058582352387,0.002781898288361867,1.6519184318426903
scene0013_02,932,421,7,350,450,28,0.8102377899333851,0.011084508301929934,1.9322473057287926
scene0013_02,934,422,7,350,450,27,0.8066113364680125,0.07099169703452164,1.9099324681744887
scene0013_02,936,423,7,350,450,26,0.8163192900904432,0.009895173047142148,2.2835409766090575
scene0013_02,938,424,7,350,450,25,0.8141935627843878,0.0067620832933112775,2.315020522092631
scene0013_02,941,425,7,350,450,24,0.8091773845631337,0.009030698313898083,2.292279328298761
scene0013_02,943,426,7,350,450,23,0.8117272029444225,0.007991834618314599,2.6173950988319903
scene0013_02,945,427,7,350,450,22,0.8091253152481349,0.006595156746046532,2.5932428671533287
scene0013_02,947,428,7,350,450,21,0.8063587230971353,0.008527351363480143,2.547306641069311
scene0013_02,949,429,7,350,450,20,0.8101719260404611,0.009549059842284432,2.667155249313228
scene0013_02,952,430,7,350,450,19,0.8219985505642999,0.007392143616643157,2.7374061593972865
scene0013_02,954,431,7,350,450,18,0.8214499531862176,0.009015293398658523,2.7758614331577496
scene0013_02,956,432,7,350,450,17,0.8215069675431013,0.008521715898771433,2.9602951196556035
scene0013_02,958,433,7,350,450,16,0.8234593233540417,0.0038041887112458253,2.8964394192476997
scene0013_02,961,434,7,350,450,15,0.8160655564707464,0.00792489432800285,2.7195719255745763
scene0013_02,963,435,7,350,450,14,0.8149983352778551,0.004993417893902143,2.668868212892398
scene0013_02,965,436,7,350,450,13,0.8200975546443608,0.007998383184650158,2.877424446143857
scene0013_02,967,437,7,350,450,12,0.8188071565234458,0.006083867990659143,2.8151310062757715
scene0013_02,969,438,7,350,450,11,0.8203236131958354,0.004074063056875913,3.0942186521725605
scene0013_02,972,439,7,350,450,10,0.8162898505116076,0.009283173994133682,3.287601256863648
scene0013_02,974,440,7,350,450,9,0.8131220205166907,0.007775978298523868,2.7939007484331704
scene0013_02,976,441,7,350,450,8,0.8192324107871356,0.002813131994559119,2.5738530788080958
scene0013_02,978,442,7,350,450,7,0.8213868519853451,0.009632908572618601,2.533584343880082
scene0013_02,980,443,7,350,450,6,0.8290470459712034,0.010503767726904567,2.71490537959814
scene0013_02,983,444,7,350,450,5,0.8360056130334533,0.01446766115642095,2.9484974275991527
scene0013_02,985,445,7,350,450,4,0.8341796272131375,0.016920031548188136,2.77516543458499
scene0013_02,987,446,7,350,450,3,0.833750549351512,0.018633771141361468,3.0022176693027136
scene0013_02,989,447,7,350,450,2,0.8347110007392944,0.016845503980127022,2.867672139464563
scene0013_02,992,448,7,350,450,1,0.8310306811799522,0.026021554006139334,2.7590896681263564
scene0013_02,994,449,7,350,450,0,0.8334224290205705,0.029608091600914217,2.4231504138207383
scene0013_02,885,400,8,400,500,0,0.7936796983382388,0.02890744408028849,1.9634805855630937
scene0013_02,887,401,8,400,500,1,0.7901145644558929,0.022863323050920828,1.9907760371169203
scene0013_02,890,402,8,400,500,2,0.7932130944729272,0.023008842396499047,2.1243821429279732
scene0013_02,892,403,8,400,500,3,0.7947548611491291,0.02057331246128482,1.8727395267390556
scene0013_02,894,404,8,400,500,4,0.7915172128480404,0.02270573320949365,2.4198786236074517
scene0013_02,896,405,8,400,500,5,0.780532679074226,0.0220872219573764,2.0651272883459098
scene0013_02,899,406,8,400,500,6,0.7838074755888051,0.02234360514688894,2.2858388439649935
scene0013_02,901,407,8,400,500,7,0.7741775821618483,0.01835049656571152,1.9676047813484312
scene0013_02,903,408,8,400,500,8,0.7749785909710882,0.01933677637609015,2.3323887068025053
scene0013_02,905,409,8,400,500,9,0.7729991898034823,0.016583156458231375,2.1714516412137495
scene0013_02,907,410,8,400,500,10,0.7739450719111848,0.01642335799269365,1.9944029846108609
scene0013_02,910,411,8,400,500,11,0.7725108412997685,0.016650947080735435,2.2376984377512024
scene0013_02,912,412,8,400,500,12,0.7736762433469702,0.017310364980457585,2.252500949858138
scene0013_02,914,413,8,400,500,13,0.7708942141941042,0.018095604067072134,2.1476701581970428
scene0013_02,916,414,8,400,500,14,0.7721870367132695,0.012588354668392317,1.8804968580937478
scene0013_02,918,415,8,400,500,15,0.7731663316525191,0.013903835991581707,2.1706060239533094
scene0013_02,921,416,8,400,500,16,0.7768338219678879,0.010574283479548346,1.802207356768241
scene0013_02,923,417,8,400,500,17,0.7762700819914878,0.012392493420839718,1.9879167904622126
scene0013_02,925,418,8,400,500,18,0.775238018338718,0.010788195790575156,2.225818982490369
scene0013_02,927,419,8,400,500,19,0.7820566759610068,0.011124185655608035,1.8922913740174814
scene0013_02,930,420,8,400,500,20,0.7794672392580246,0.008885923357706639,2.3481920464949413
scene0013_02,932,421,8,400,500,21,0.7837987344085788,0.014821201039636304,1.958342406124551
scene0013_02,934,422,8,400,500,22,0.7889163855620882,0.0747065799161913,2.975351468892429
scene0013_02,936,423,8,400,500,23,0.805036465244833,0.008640917460787325,1.7925502886064546
scene0013_02,938,424,8,400,500,24,0.8052930496445381,0.0035416502238386637,1.9712695699394644
scene0013_02,941,425,8,400,500,25,0.7991807745756192,0.005548298496912536,1.8274329758434276
scene0013_02,943,426,8,400,500,26,0.8018901935351146,0.005575755529376413,1.8198440505936029
scene0013_02,945,427,8,400,500,27,0.7987870275397573,0.006438707513380476,1.8797039357329106
scene0013_02,947,428,8,400,500,28,0.7965983618559624,0.006753975028810779,1.825405940613113
scene0013_02,949,429,8,400,500,29,0.799710147873025,0.009471552144466199,1.8703978572179412
scene0013_02,952,430,8,400,500,30,0.8106457345609623,0.009955848096547162,1.8877851712415972
scene0013_02,954,431,8,400,500,31,0.8093817837888735,0.014451301828192039,1.4624192137616585
scene0013_02,956,432,8,400,500,32,0.8100328872007769,0.013091737744722689,1.7497853846314504
scene0013_02,958,433,8,400,500,33,0.8108046617541248,0.010163820966702765,1.7519787128998598
scene0013_02,961,434,8,400,500,34,0.804151706155878,0.01122365397574432,1.9841648931989306
scene0013_02,963,435,8,400,500,35,0.8023119394428232,0.009266549089284176,2.0751266349752604
scene0013_02,965,436,8,400,500,36,0.8061891449236129,0.012240647508014133,1.8519005174102365
scene0013_02,967,437,8,400,500,37,0.8039286799612078,0.012007886232869767,1.9084062530228383
scene0013_02,969,438,8,400,500,38,0.803416390891415,0.01161772939710491,1.892776393520646
scene0013_02,972,439,8,400,500,39,0.7992709288324349,0.011138018710683633,2.4317625167544628
scene0013_02,974,440,8,400,500,40,0.7957992270211685,0.006356017385858055,2.2726229654729964
scene0013_02,976,441,8,400,500,41,0.8039051255658503,0.010853044542317048,2.0925523532316226
scene0013_02,978,442,8,400,500,42,0.8051021713973847,0.004889022578701893,2.2525186165844557
scene0013_02,980,443,8,400,500,43,0.8118763041263863,0.005678425460267685,2.083334167035783
scene0013_02,983,444,8,400,500,44,0.8179271930843681,0.007358193313722883,2.07784628489918
scene0013_02,985,445,8,400,500,45,0.8131777616162935,0.00924630968381703,2.026398934056882
scene0013_02,987,446,8,400,500,46,0.8128124993832838,0.008224498271806838,2.1837618245546575
scene0013_02,989,447,8,400,500,47,0.8122964796650411,0.006467639767578567,2.215032542970892
scene0013_02,992,448,8,400,500,48,0.8045684672675185,0.01132574551066111,2.044322152534015
scene0013_02,994,449,8,400,500,49,0.8067277249933626,0.010498087146341725,2.4909001265409936
scene0013_02,996,450,8,400,500,49,0.8104369424983955,0.013385220744907618,2.0037705499670837
scene0013_02,998,451,8,400,500,48,0.8125153862418509,0.016255282689953823,2.052329649355688
scene0013_02,1050,452,8,400,500,47,0.8874519834879734,0.05020353804534409,3.258802118740279
scene0013_02,1053,453,8,400,500,46,0.8859651456797729,0.05408047671545873,2.997595562291545
scene0013_02,1055,454,8,400,500,45,0.8901447686373107,0.04363237651832231,3.100047119010654
scene0013_02,1057,455,8,400,500,44,0.8874796551514459,0.034719676328542066,2.4278201838413294
scene0013_02,1059,456,8,400,500,43,0.8904170914290517,0.029107401141937186,2.8998594165004343
scene0013_02,1061,457,8,400,500,42,0.8945641349115289,0.028688528420890605,2.6982115891210623
scene0013_02,1064,458,8,400,500,41,0.8964875366992754,0.02039929845575991,2.9004615086539514
scene0013_02,1066,459,8,400,500,40,0.8977555941603843,0.024172308859518304,2.722452977838884
scene0013_02,1068,460,8,400,500,39,0.8994443407766569,0.014688898015206309,2.510254106823071
scene0013_02,1070,461,8,400,500,38,0.8958092657558391,0.009411517301064437,2.1933674333657014
scene0013_02,1073,462,8,400,500,37,0.8946279997082214,0.004925246349872173,1.9697392207019477
scene0013_02,1075,463,8,400,500,36,0.9032150701140115,0.008939090437061965,2.579855202867693
scene0013_02,1077,464,8,400,500,35,0.900200299652816,0.0025573214623351073,2.4325671789980685
scene0013_02,1079,465,8,400,500,34,0.9046733908407252,0.008299642525706905,2.115415506295182
scene0013_02,1081,466,8,400,500,33,0.9116174361333229,0.008983099225893932,2.434766765034221
scene0013_02,1084,467,8,400,500,32,0.9141920793758204,0.006693340625455699,2.2263330497392446
scene0013_02,1086,468,8,400,500,31,0.9157355287056966,0.011363505151377871,2.307967983926289
scene0013_02,1088,469,8,400,500,30,0.9192847669821589,0.01645836760789508,2.5982457868903563
scene0013_02,1090,470,8,400,500,29,0.9142584194746931,0.012646345561958611,2.544522686845782
scene0013_02,1092,471,8,400,500,28,0.9101626204093411,0.014492595457258478,2.3146222423227965
scene0013_02,1095,472,8,400,500,27,0.9210195623080948,0.004290335187847924,2.2563746228523502
scene0013_02,1097,473,8,400,500,26,0.9246458775171966,0.00874694190965733,2.509045787046437
scene0013_02,1099,474,8,400,500,25,0.9256832202899546,0.00812170120336745,2.7760902703786865
scene0013_02,1101,475,8,400,500,24,0.9239799025399404,0.009328058599749951,2.7035828026734525
scene0013_02,1104,476,8,400,500,23,0.9238029712033323,0.013819729672579063,3.045096345559589
scene0013_02,1106,477,8,400,500,22,0.9252485650623004,0.014078514688482233,2.4114903616933034
scene0013_02,1108,478,8,400,500,21,0.9249000244636992,0.015507369218659483,2.647627075544303
scene0013_02,1110,479,8,400,500,20,0.9227723254283144,0.013923297178187242,2.6568735944025943
scene0013_02,1112,480,8,400,500,19,0.9157923951258902,0.021186164209372367,2.84407749637267
scene0013_02,1115,481,8,400,500,18,0.9077886403849466,0.019356827178541983,2.8252682401097
scene0013_02,1117,482,8,400,500,17,0.9059867564806723,0.015678304288332893,2.8954345561876536
scene0013_02,1119,483,8,400,500,16,0.9053599849074042,0.014538688046654707,2.918684344844805
scene0013_02,1121,484,8,400,500,15,0.8892721578619441,0.013275299795265795,2.761678243869794
scene0013_02,1123,485,8,400,500,14,0.8345897387557204,0.008938693490928077,1.5724620844436659
scene0013_02,1126,486,8,400,500,13,0.8112403307311192,0.007285007105592116,2.094018109776716
scene0013_02,1128,487,8,400,500,12,0.8115360618461707,0.012845066158158315,2.4753647103699703
scene0013_02,1130,488,8,400,500,11,0.8057165639144925,0.016577947620638352,2.36054038040864
scene0013_02,1132,489,8,400,500,10,0.8083365518428056,0.02153682879625063,2.631716607170369
scene0013_02,1135,490,8,400,500,9,0.8078501943047736,0.01925505457820605,2.5860364831403864
scene0013_02,1137,491,8,400,500,8,0.8037231929406841,0.0257582104747563,2.567471528507673
scene0013_02,1139,492,8,400,500,7,0.8017340458674813,0.023186944040461493,2.5976996332043747
scene0013_02,1141,493,8,400,500,6,0.7940166208105959,0.022869469993200917,2.415832451106183
scene0013_02,1143,494,8,400,500,5,0.7849478814958059,0.01860352930455668,2.073895413832152
scene0013_02,1146,495,8,400,500,4,0.7810146705072263,0.017348299935660234,2.1229520312976606
scene0013_02,1148,496,8,400,500,3,0.7779737472542305,0.0161939530258619,2.400475488536237
scene0013_02,1150,497,8,400,500,2,0.7698810147041241,0.017298484769899244,2.238320233059211
scene0013_02,1152,498,8,400,500,1,0.7681996882629283,0.015045881057407468,2.195951008955525
scene0013_02,1155,499,8,400,500,0,0.7586415579616945,0.00820726050789041,2.2543129377579034
scene0029_01,0,0,0,0,100,0,0.02097441528499855,0.009450335877257049,4.4759758427364575
scene0029_01,4,1,0,0,100,1,0.023046793185236836,0.008104284219072935,4.511624403662672
scene0029_01,8,2,0,0,100,2,0.022656091195687678,0.006848210569774328,4.437335982583353
scene0029_01,13,3,0,0,100,3,0.02040436691495673,0.005043096904945209,4.438486641265232
scene0029_01,17,4,0,0,100,4,0.030852679802594096,0.009676076876781462,4.261135725834211
scene0029_01,22,5,0,0,100,5,0.021198556160375914,0.006427485205422567,4.410825437178512
scene0029_01,26,6,0,0,100,6,0.019912755357130774,0.010618498854550929,4.40075430728469
scene0029_01,31,7,0,0,100,7,0.020239385832584222,0.01012948308595773,4.464354505452206
scene0029_01,35,8,0,0,100,8,0.020273073517600215,0.00992149673110797,4.339500969278979
scene0029_01,39,9,0,0,100,9,0.019529305273965347,0.012686667331367345,4.3985324185946375
scene0029_01,44,10,0,0,100,10,0.020168373235945447,0.011860500502168216,4.279947339125078
scene0029_01,48,11,0,0,100,11,0.020716766617594473,0.010685481002291507,4.313333020382063
scene0029_01,53,12,0,0,100,12,0.020811033084029207,0.010610706702749483,4.404703657900353
scene0029_01,57,13,0,0,100,13,0.02031458496812799,0.012633700612981752,4.416082869466085
scene0029_01,62,14,0,0,100,14,0.019995437541936,0.012629308299511366,4.398618453758814
scene0029_01,66,15,0,0,100,15,0.02025150057621572,0.012736354912235298,4.390189878329408
scene0029_01,70,16,0,0,100,16,0.021996525289830315,0.010287218699446748,4.486628720692028
scene0029_01,75,17,0,0,100,17,0.019888528743465805,0.008574029027662437,4.519265924156678
scene0029_01,79,18,0,0,100,18,0.019055569884645074,0.006102555631814364,4.471537356226875
scene0029_01,84,19,0,0,100,19,0.01931227343549624,0.01016345970132577,4.4636362096896915
scene0029_01,88,20,0,0,100,20,0.020975764595930202,0.007489914049569133,4.382124641081915
scene0029_01,93,21,0,0,100,21,0.019739711847415298,0.009331720313248906,4.347472109593688
scene0029_01,97,22,0,0,100,22,0.019052026467155314,0.009137733271523727,4.336942689812994
scene0029_01,101,23,0,0,100,23,0.018916938120402182,0.011909890806131444,4.364028185256626
scene0029_01,106,24,0,0,100,24,0.019784778228641442,0.012503430396499256,4.499310560495157
scene0029_01,110,25,0,0,100,25,0.020428930878680918,0.012028060518524524,4.609529480242398
scene0029_01,115,26,0,0,100,26,0.0221097391246059,0.021776364774148863,4.492881327748797
scene0029_01,119,27,0,0,100,27,0.023327986113953036,0.026699382735464718,4.415331679291669
scene0029_01,124,28,0,0,100,28,0.022168880526051482,0.02397728851634481,4.350050394498466
scene0029_01,128,29,0,0,100,29,0.02199849960866962,0.021107582534777788,4.3274684232920615
scene0029_01,132,30,0,0,100,30,0.022013156383193455,0.018100477292834646,4.267973771020124
scene0029_01,137,31,0,0,100,31,0.021952170545579186,0.01621984254907451,4.171751746689881
scene0029_01,141,32,0,0,100,32,0.021011294353193266,0.012466772871270685,4.188755351541824
scene0029_01,146,33,0,0,100,33,0.02050987976053098,0.009784619663448322,4.1243278396709675
scene0029_01,150,34,0,0,100,34,0.02028859084168988,0.007010524767019732,4.065126533890939
scene0029_01,155,35,0,0,100,35,0.019585504116035324,0.004781862245977779,4.072919166786576
scene0029_01,159,36,0,0,100,36,0.019250449059008745,0.003375287572696486,4.192029513714194
scene0029_01,163,37,0,0,100,37,0.019208903414168255,0.004034928865060396,4.308768511132667
scene0029_01,168,38,0,0,100,38,0.019692610195384597,0.004309334925523106,4.3494763409626644
scene0029_01,172,39,0,0,100,39,0.02019680648600497,0.009341567190810071,4.32902079714429
scene0029_01,177,40,0,0,100,40,0.01989097668067763,0.00963394509549992,4.179832255106175
scene0029_01,181,41,0,0,100,41,0.01970555811582675,0.008815445785082286,4.141058074588919
scene0029_01,186,42,0,0,100,42,0.01955385080074623,0.008994597740835953,4.068659947971499
scene0029_01,190,43,0,0,100,43,0.02001828873236644,0.011102230529284635,4.043195568657128
scene0029_01,194,44,0,0,100,44,0.019842518858593228,0.011095366739379895,4.080147030380189
scene0029_01,199,45,0,0,100,45,0.02026207902852528,0.012081964903687764,4.085336944006548
scene0029_01,203,46,0,0,100,46,0.022994639654984272,0.015101303722351626,4.0832231761128215
scene0029_01,208,47,0,0,100,47,0.020469319470225678,0.010543632176950953,4.205785810126477
scene0029_01,212,48,0,0,100,48,0.021430343071543012,0.008289654963808664,4.1867343912789305
scene0029_01,217,49,0,0,100,49,0.0218858742665915,0.009390898400581237,4.194897800973715
scene0029_01,221,50,0,0,100,49,0.021882492447535706,0.009689796135654096,4.16518206209173
scene0029_01,225,51,0,0,100,48,0.020655348931259976,0.008849808318049891,4.272097576647269
scene0029_01,230,52,0,0,100,47,0.020285017941856553,0.00862572977154062,4.1890668837804546
scene0029_01,234,53,0,0,100,46,0.02151365691983731,0.010754968421961728,4.120468017711769
scene0029_01,239,54,0,0,100,45,0.02027679819299344,0.008113849214996138,4.150898648800876
scene0029_01,243,55,0,0,100,44,0.02077729968426878,0.010548463217699451,4.290692294253598
scene0029_01,248,56,0,0,100,43,0.021751532269378426,0.011664576564317587,4.146197886039556
scene0029_01,252,57,0,0,100,42,0.022141835808983767,0.016308516412753334,4.244628015863235
scene0029_01,256,58,0,0,100,41,0.023196555216534742,0.010544781072123553,4.330582185871592
scene0029_01,261,59,0,0,100,40,0.022043244677904084,0.017954470012359783,4.695337602381754
scene0029_01,265,60,0,0,100,39,0.021462598424347945,0.008501876825141787,4.327221823583658
scene0029_01,270,61,0,0,100,38,0.021805952897834935,0.012670043362858067,4.490135903901513
scene0029_01,274,62,0,0,100,37,0.024812871263851566,0.01859901952696028,4.500080244123355
scene0029_01,279,63,0,0,100,36,0.02239803560954501,0.01795244540069134,4.505190628820036
scene0029_01,283,64,0,0,100,35,0.02394688130249023,0.012439698129531671,4.429006459384059
scene0029_01,288,65,0,0,100,34,0.024328716291925345,0.006819935271722136,4.133394738631748
scene0029_01,292,66,0,0,100,33,0.026930081470095013,0.009309005547370306,4.032634879005753
scene0029_01,296,67,0,0,100,32,0.028266670171292585,0.015024223480671905,4.084638281312714
scene0029_01,301,68,0,0,100,31,0.026599137567998143,0.00835831872975955,4.18530928240063
scene0029_01,305,69,0,0,100,30,0.02838136549592407,0.009416615495022545,4.114256857661091
scene0029_01,310,70,0,0,100,29,0.028518420265162936,0.01912656175583262,4.155087367388245
scene0029_01,314,71,0,0,100,28,0.028662653522783854,0.012445313906165162,3.9828835166925534
scene0029_01,319,72,0,0,100,27,0.02861235023009845,0.01341659250851064,4.0099991923212315
scene0029_01,323,73,0,0,100,26,0.028993151033377185,0.011772338672610964,3.8699478197840076
scene0029_01,327,74,0,0,100,25,0.02907840432269193,0.008886885077914032,4.129956293322451
scene0029_01,332,75,0,0,100,24,0.028132035910730435,0.009656108756744235,4.263503836462711
scene0029_01,336,76,0,0,100,23,0.028659924884535615,0.011148883864299467,4.460504695914196
scene0029_01,341,77,0,0,100,22,0.02770629114475054,0.0052144240390934,4.1762586119454275
scene0029_01,345,78,0,0,100,21,0.028786668447027264,0.006027995698554509,4.370135017039057
scene0029_01,350,79,0,0,100,20,0.027389868233240855,0.016237859952635565,4.176028136426961
scene0029_01,354,80,0,0,100,19,0.02785270408575713,0.011915396254396905,4.175995027643612
scene0029_01,358,81,0,0,100,18,0.02744422693874715,0.006458823921573474,4.124070477221432
scene0029_01,363,82,0,0,100,17,0.0296851763763899,0.006530854868341352,3.981664007791994
scene0029_01,367,83,0,0,100,16,0.03236158684527202,0.00800270816054883,4.22671740610478
scene0029_01,372,84,0,0,100,15,0.030600119520524327,0.008798456460206066,4.037011931516325
scene0029_01,376,85,0,0,100,14,0.030624893767241868,0.010636862853468855,4.228606798038995
scene0029_01,381,86,0,0,100,13,0.03061475346039,0.011190363093671598,4.0480892492095
scene0029_01,385,87,0,0,100,12,0.031038149772934287,0.01023229229932151,4.183186426020892
scene0029_01,389,88,0,0,100,11,0.03294404441110399,0.023062478500660514,3.4473234723503614
scene0029_01,394,89,0,0,100,10,0.030007752108325847,0.004183671049210414,4.080462596029431
scene0029_01,398,90,0,0,100,9,0.029057234017279332,0.019434770576959078,3.6445774458928177
scene0029_01,403,91,0,0,100,8,0.029264302743264414,0.015378821940461796,3.70065774946518
scene0029_01,407,92,0,0,100,7,0.029662699296565398,0.013704419346817237,3.9878466051357995
scene0029_01,412,93,0,0,100,6,0.03023137165214207,0.025495473122192015,3.46727021465821
scene0029_01,416,94,0,0,100,5,0.028881331785530984,0.02563821185405539,3.5602264782432793
scene0029_01,420,95,0,0,100,4,0.02977249530228321,0.02505638053369171,3.71101120781647
scene0029_01,425,96,0,0,100,3,0.03107540897513883,0.024631732743627753,4.209347734578341
scene0029_01,429,97,0,0,100,2,0.03017742393920242,0.025647119046452352,3.9987658760694877
scene0029_01,434,98,0,0,100,1,0.03036488160061257,0.02683869845145514,3.782787120125443
scene0029_01,438,99,0,0,100,0,0.03125475039418624,0.030691128581119116,3.854029048969085
scene0029_01,221,50,1,50,150,0,0.18238538805365145,0.05700721482338523,9.105874414988367
scene0029_01,225,51,1,50,150,1,0.18529897465879652,0.06281143121711211,9.10192990272399
scene0029_01,230,52,1,50,150,2,0.17845601643066045,0.060255994392837506,9.102584157109712
scene0029_01,234,53,1,50,150,3,0.18315521811087543,0.06362470219098713,9.189293501235822
scene0029_01,239,54,1,50,150,4,0.17830410782582784,0.06532042503895204,9.398761338321357
scene0029_01,243,55,1,50,150,5,0.1773085295981499,0.05910949437250331,9.109598405451909
scene0029_01,248,56,1,50,150,6,0.1746374080281995,0.052690852023449856,8.984848804959894
scene0029_01,252,57,1,50,150,7,0.16984150347998173,0.04797551257218982,8.827234286504726
scene0029_01,256,58,1,50,150,8,0.15989932276513152,0.03363469981458638,9.019103789207279
scene0029_01,261,59,1,50,150,9,0.1583771190647495,0.023717274859334274,8.748189256076333
scene0029_01,265,60,1,50,150,10,0.15422539221683818,0.027182939934972814,9.451472115643272
scene0029_01,270,61,1,50,150,11,0.1552249521582605,0.02234626563220317,9.07555464486803
scene0029_01,274,62,1,50,150,12,0.1543227939769296,0.014547919917255191,9.195078732864664
scene0029_01,279,63,1,50,150,13,0.15033953100470787,0.01895485290487801,8.895144469271639
scene0029_01,283,64,1,50,150,14,0.14717995101904802,0.02460251268179367,9.132567770250688
scene0029_01,288,65,1,50,150,15,0.13754571305687924,0.02232507584786131,9.507416163140636
scene0029_01,292,66,1,50,150,16,0.13759477624600325,0.01756041574593717,9.631740918248573
scene0029_01,296,67,1,50,150,17,0.13601891011321843,0.01600481459538293,9.612697865056164
scene0029_01,301,68,1,50,150,18,0.12945424235518277,0.013190864037882704,9.483481249032744
scene0029_01,305,69,1,50,150,19,0.1306006995847857,0.014202220071608358,9.296282085830608
scene0029_01,310,70,1,50,150,20,0.13047316603588377,0.019726982117378486,9.513358175663539
scene0029_01,314,71,1,50,150,21,0.12772987406187553,0.013422521894051851,9.57785158896059
scene0029_01,319,72,1,50,150,22,0.12731116731492687,0.009380677452251084,9.487968940244164
scene0029_01,323,73,1,50,150,23,0.1262006344208788,0.007512306801459341,9.308683385853987
scene0029_01,327,74,1,50,150,24,0.1264149753228222,0.012909033822390762,9.557028056085922
scene0029_01,332,75,1,50,150,25,0.12376527458207254,0.01020877855761903,9.476805213483619
scene0029_01,336,76,1,50,150,26,0.1269103269886802,0.010363380721190113,9.567474345034913
scene0029_01,341,77,1,50,150,27,0.12712137182928196,0.009816176929636189,9.29771822597674
scene0029_01,345,78,1,50,150,28,0.1274824055984718,0.013699640848101416,9.202494800900135
scene0029_01,350,79,1,50,150,29,0.12549023268946058,0.018738084024605032,9.470784359511098
scene0029_01,354,80,1,50,150,30,0.12467065890393558,0.017432876789727797,9.626131223232184
scene0029_01,358,81,1,50,150,31,0.1246808076096304,0.016498789098413222,9.468055787538985
scene0029_01,363,82,1,50,150,32,0.12483172380249175,0.023141929242523507,9.742092135418407
scene0029_01,367,83,1,50,150,33,0.1261200954113536,0.03054707472377248,9.858195574707787
scene0029_01,372,84,1,50,150,34,0.12595893725616192,0.03487497043857508,9.948116561830439
scene0029_01,376,85,1,50,150,35,0.12732960305955232,0.03384263908802676,9.912118077587783
scene0029_01,381,86,1,50,150,36,0.1258908198279174,0.03218039257620381,9.978347607561506
scene0029_01,385,87,1,50,150,37,0.12581021811060322,0.039184145097657684,10.001610254225104
scene0029_01,389,88,1,50,150,38,0.12074848650396053,0.07008618055529157,10.039389959915908
scene0029_01,394,89,1,50,150,39,0.12461085344422418,0.026267354235899404,9.343815872658638
scene0029_01,398,90,1,50,150,40,0.12249171924850477,0.0624055262879898,9.675373986709182
scene0029_01,403,91,1,50,150,41,0.12331024827257187,0.03506508296156156,8.989931881232858
scene0029_01,407,92,1,50,150,42,0.12327369669777655,0.038723312951657145,9.212602109487097
scene0029_01,412,93,1,50,150,43,0.12195209533596285,0.04300614412696489,9.196152450264702
scene0029_01,416,94,1,50,150,44,0.12193001114709556,0.04260132521817591,8.907569031576163
scene0029_01,420,95,1,50,150,45,0.12388253475491595,0.020546751295972783,8.876830356201735
scene0029_01,425,96,1,50,150,46,0.12480465405742491,0.05128323292251547,9.321540298824331
scene0029_01,429,97,1,50,150,47,0.12346618402731357,0.027840270634960966,8.816136891261506
scene0029_01,434,98,1,50,150,48,0.1240800849817103,0.014688257055525235,8.862712984069816
scene0029_01,438,99,1,50,150,49,0.12551391819159674,0.009316306626872927,8.75413706067097
scene0029_01,443,100,1,50,150,49,0.12443260368989895,0.02169092162533746,8.897067742616986
scene0029_01,447,101,1,50,150,48,0.12324905761140181,0.0342031704505561,9.511694584867996
scene0029_01,451,102,1,50,150,47,0.12295423593869281,0.02372660587132568,9.049924924063848
scene0029_01,456,103,1,50,150,46,0.12206958398488132,0.036661779444306854,9.423728304723957
scene0029_01,460,104,1,50,150,45,0.12086892019678619,0.03856524776687,9.427634164474377
scene0029_01,465,105,1,50,150,44,0.1186125526490791,0.025078339117754322,8.570757755915393
scene0029_01,469,106,1,50,150,43,0.12014508976942506,0.039151030305845075,9.480245647982198
scene0029_01,474,107,1,50,150,42,0.12037540020386261,0.014791768685308689,9.225116918283065
scene0029_01,478,108,1,50,150,41,0.12093521295523413,0.009891786974706683,9.205104134925408
scene0029_01,482,109,1,50,150,40,0.12239591488621482,0.030714255178648658,9.28700468293797
scene0029_01,487,110,1,50,150,39,0.12533992860530407,0.03951948559593956,9.486388545264118
scene0029_01,491,111,1,50,150,38,0.12334838652048452,0.022094915812759547,9.458427228357628
scene0029_01,496,112,1,50,150,37,0.1287167930856492,0.017923996189251015,9.214486826441707
scene0029_01,500,113,1,50,150,36,0.1310972117502195,0.02697678677865684,8.812520137607727
scene0029_01,505,114,1,50,150,35,0.1267085601957495,0.01827637944100782,8.410979919762589
scene0029_01,509,115,1,50,150,34,0.12585264756162795,0.016021776163469094,8.329361148945292
scene0029_01,513,116,1,50,150,33,0.1271901767068122,0.017955326415232273,8.017144860003528
scene0029_01,518,117,1,50,150,32,0.12912110502808838,0.015225531362966914,7.613973117653853
scene0029_01,522,118,1,50,150,31,0.12300093856820637,0.03007456275158362,8.347631268151469
scene0029_01,527,119,1,50,150,30,0.12442071625050977,0.029579775579080255,8.677536332166571
scene0029_01,531,120,1,50,150,29,0.12147800050030222,0.040073890075935203,9.721360693865265
scene0029_01,536,121,1,50,150,28,0.12632150906376582,0.01312592053967769,9.321428564511123
scene0029_01,540,122,1,50,150,27,0.1236705323059819,0.018937698985353753,8.923065760780245
scene0029_01,544,123,1,50,150,26,0.12597981302083672,0.016622257233592425,8.326721718980162
scene0029_01,549,124,1,50,150,25,0.1254931782530675,0.019119113641000232,8.654125795263715
scene0029_01,553,125,1,50,150,24,0.12994839449346163,0.02651572206117962,8.93146521841512
scene0029_01,558,126,1,50,150,23,0.12741962699796217,0.010206679107798731,9.576590554658445
scene0029_01,562,127,1,50,150,22,0.1299456821157745,0.0054136394582748855,9.241386153124749
scene0029_01,567,128,1,50,150,21,0.12567224001922794,0.01965605069114174,8.557394872982451
scene0029_01,571,129,1,50,150,20,0.12419237867731603,0.036026312670477165,8.172429752981161
scene0029_01,576,130,1,50,150,19,0.12346492734598458,0.03991924954529245,7.880857535045175
scene0029_01,580,131,1,50,150,18,0.12038588639374037,0.04248544626733859,7.859013041283027
scene0029_01,584,132,1,50,150,17,0.11895025780111346,0.03896020488038304,8.590118635356728
scene0029_01,589,133,1,50,150,16,0.11902802110835176,0.035590599934049526,8.857925971724635
scene0029_01,593,134,1,50,150,15,0.12189446739378851,0.02975493764671361,8.659535887421976
scene0029_01,598,135,1,50,150,14,0.12111806101611933,0.03981676776204043,8.22842615592698
scene0029_01,602,136,1,50,150,13,0.12305458121746904,0.03979901043808686,8.98589004210981
scene0029_01,607,137,1,50,150,12,0.12652348556095516,0.0553395794462977,10.038458821988577
scene0029_01,611,138,1,50,150,11,0.12478947416680519,0.05631667338154273,9.79368189975847
scene0029_01,615,139,1,50,150,10,0.12027150950549026,0.04782880150669467,8.485998987796911
scene0029_01,620,140,1,50,150,9,0.11778325930703859,0.03424555743968994,8.46573015769776
scene0029_01,624,141,1,50,150,8,0.11797394630257996,0.025184175254422566,8.670069290556466
scene0029_01,629,142,1,50,150,7,0.11851328266436856,0.028845083340415627,8.523351658172498
scene0029_01,633,143,1,50,150,6,0.12172558978877213,0.032595842896722446,9.476968333938624
scene0029_01,638,144,1,50,150,5,0.1226644775814969,0.03337782362824518,9.165122366019965
scene0029_01,642,145,1,50,150,4,0.12097648403546435,0.026903844052295386,8.4003938377623
scene0029_01,646,146,1,50,150,3,0.1236602891874028,0.0158165220745413,8.723329531327964
scene0029_01,651,147,1,50,150,2,0.12116964384586204,0.029855542456869742,9.40109942485552
scene0029_01,655,148,1,50,150,1,0.12688690477086928,0.03694895103630382,9.526639043718893
scene0029_01,660,149,1,50,150,0,0.1248039751338963,0.033939701835680916,9.46847926742151
scene0029_01,443,100,2,100,200,0,0.5645709963292231,0.036452038154196266,24.875023917468017
scene0029_01,447,101,2,100,200,1,0.5664265575038399,0.0423497850746925,25.749924222415757
scene0029_01,451,102,2,100,200,2,0.5671357148873257,0.021367889651586282,25.361658843065033
scene0029_01,456,103,2,100,200,3,0.5599436457627552,0.038166481932976434,25.681556902737988
scene0029_01,460,104,2,100,200,4,0.5544625736962755,0.0441549149113008,25.802777079616746
scene0029_01,465,105,2,100,200,5,0.5523384048238288,0.03541983640766158,25.074411482161832
scene0029_01,469,106,2,100,200,6,0.5490923372282308,0.04277811458571935,25.74720746235301
scene0029_01,474,107,2,100,200,7,0.5486405973068174,0.023463828034302043,25.979073411757348
scene0029_01,478,108,2,100,200,8,0.5446650435271951,0.015822867931124366,25.673256058556454
scene0029_01,482,109,2,100,200,9,0.533887523281942,0.04238862368078146,25.955594657252586
scene0029_01,487,110,2,100,200,10,0.5223910046324354,0.03841866603959064,26.294192737513963
scene0029_01,491,111,2,100,200,11,0.5156854642733272,0.018756683447786124,25.843624525082387
scene0029_01,496,112,2,100,200,12,0.51392405026662,0.019831209681431653,25.60116462460631
scene0029_01,500,113,2,100,200,13,0.5143601119434952,0.03120170487422056,24.704731042425973
scene0029_01,505,114,2,100,200,14,0.5109539953438895,0.017844289919881975,24.578927593806597
scene0029_01,509,115,2,100,200,15,0.5038287670315864,0.018374350909414663,24.37864984206493
scene0029_01,513,116,2,100,200,16,0.5068610318560154,0.02392602519520457,24.409582376252168
scene0029_01,518,117,2,100,200,17,0.5108256037416457,0.009954974229623574,24.216330064047657
scene0029_01,522,118,2,100,200,18,0.5031043950383064,0.01995469156260082,24.848870836264755
scene0029_01,527,119,2,100,200,19,0.5021176844737822,0.023737197359492004,25.27300517861935
scene0029_01,531,120,2,100,200,20,0.49619584101207814,0.03704065887407598,25.922933819835873
scene0029_01,536,121,2,100,200,21,0.5027762828430447,0.015577142570883672,25.4198403426864
scene0029_01,540,122,2,100,200,22,0.49813620391140323,0.01926421097752802,25.24267952323018
scene0029_01,544,123,2,100,200,23,0.4997556439592489,0.010943838726731454,24.735131341364724
scene0029_01,549,124,2,100,200,24,0.49697529667462814,0.02113821356357038,25.14047556077237
scene0029_01,553,125,2,100,200,25,0.4948913706078928,0.01989006485556833,24.4665026631961
scene0029_01,558,126,2,100,200,26,0.4959949952808327,0.014336370713031345,25.175218700543788
scene0029_01,562,127,2,100,200,27,0.4936809354845927,0.017237181077649367,24.79696967929724
scene0029_01,567,128,2,100,200,28,0.4826313738025968,0.020128337526773465,23.816945469129447
scene0029_01,571,129,2,100,200,29,0.47735579467821987,0.04921568840862466,22.399307026657155
scene0029_01,576,130,2,100,200,30,0.48096601453127563,0.05403134293036995,22.56746730758521
scene0029_01,580,131,2,100,200,31,0.47423940022899724,0.058085475921781884,22.30725829624003
scene0029_01,584,132,2,100,200,32,0.4748983424908809,0.0544457144229358,23.155760644071524
scene0029_01,589,133,2,100,200,33,0.4740961112239357,0.06570802336953217,22.73146472207916
scene0029_01,593,134,2,100,200,34,0.4741475187349039,0.05220313440897106,23.122162037354176
scene0029_01,598,135,2,100,200,35,0.4776780585928915,0.06033447218368331,22.854393126850983
scene0029_01,602,136,2,100,200,36,0.47749269637183045,0.060772656471488586,22.60477752342436
scene0029_01,607,137,2,100,200,37,0.476429956734836,0.05949640631861677,23.046204934712595
scene0029_01,611,138,2,100,200,38,0.47751735749871294,0.06224999265625911,22.73932607442154
scene0029_01,615,139,2,100,200,39,0.477270595850371,0.06031712195246954,22.292606858570267
scene0029_01,620,140,2,100,200,40,0.4865372571227936,0.052415016494316416,23.134480884786626
scene0029_01,624,141,2,100,200,41,0.49057963663603144,0.038978505917607736,23.48998788530009
scene0029_01,629,142,2,100,200,42,0.4950272109884982,0.03131275496338681,23.73951357375859
scene0029_01,633,143,2,100,200,43,0.5027226269560893,0.041044824135320464,25.280716458047323
scene0029_01,638,144,2,100,200,44,0.5052470525112887,0.04506476791040664,24.842375736605387
scene0029_01,642,145,2,100,200,45,0.5056801486400413,0.032493413048342856,24.32584048375087
scene0029_01,646,146,2,100,200,46,0.5088109438691076,0.01828462981127145,24.853432861169107
scene0029_01,651,147,2,100,200,47,0.5101938756476088,0.05424612634784111,25.981351951401123
scene0029_01,655,148,2,100,200,48,0.5160448494582216,0.05978626698008707,26.023070931828347
scene0029_01,660,149,2,100,200,49,0.5160800786409623,0.06253979474637542,26.390252566365287
scene0029_01,664,150,2,100,200,49,0.520450116588917,0.06685347325053254,26.306175171445023
scene0029_01,669,151,2,100,200,48,0.5233346994527531,0.056960904673962115,25.457938999937074
scene0029_01,673,152,2,100,200,47,0.5238783185191921,0.07658254461280271,26.17112535555124
scene0029_01,677,153,2,100,200,46,0.5285887948113372,0.07531468836162293,25.756651773679422
scene0029_01,682,154,2,100,200,45,0.5331293533822953,0.07863782944849983,26.503587653585107
scene0029_01,686,155,2,100,200,44,0.5295196946250569,0.05100506709157197,25.292983146943676
scene0029_01,691,156,2,100,200,43,0.5287490455290907,0.05229764600707773,25.400374378371676
scene0029_01,695,157,2,100,200,42,0.5253083330341995,0.06067513429683188,25.759454304631348
scene0029_01,700,158,2,100,200,41,0.5209283748022833,0.06219336372224211,25.69312113916779
scene0029_01,704,159,2,100,200,40,0.5115151594343386,0.06674451785994685,24.60025325043844
scene0029_01,708,160,2,100,200,39,0.5155929958672361,0.05792717419749169,25.379994118274958
scene0029_01,713,161,2,100,200,38,0.5151659933944478,0.07053135864226422,25.446111241923568
scene0029_01,717,162,2,100,200,37,0.5175970832449153,0.053604660202008866,25.33997582102861
scene0029_01,722,163,2,100,200,36,0.5255165505156152,0.022043580320061453,25.129467961717143
scene0029_01,726,164,2,100,200,35,0.5286385127276539,0.03753421495243989,25.94748588160656
scene0029_01,731,165,2,100,200,34,0.5304540436019536,0.05476101257421058,25.97301865247626
scene0029_01,735,166,2,100,200,33,0.5346297687844224,0.058056325265632265,26.21517863631037
scene0029_01,739,167,2,100,200,32,0.5320372386902832,0.05047814010072237,26.392390174106044
scene0029_01,744,168,2,100,200,31,0.5285099328653757,0.016863007516330224,25.30403808497904
scene0029_01,748,169,2,100,200,30,0.5366383452136746,0.022189354192953602,25.694544709889072
scene0029_01,753,170,2,100,200,29,0.5350629671685082,0.01405655138636959,24.96406589527012
scene0029_01,757,171,2,100,200,28,0.540115050294968,0.01799399626086344,25.486429174692578
scene0029_01,762,172,2,100,200,27,0.5485172648548651,0.015288109215485297,26.075644333283876
scene0029_01,766,173,2,100,200,26,0.5508101844758795,0.01340665287125289,25.754721790131217
scene0029_01,770,174,2,100,200,25,0.549380955201855,0.03017910228417611,25.941417233453798
scene0029_01,775,175,2,100,200,24,0.5512925577790346,0.03455906192390632,25.721486677575932
scene0029_01,779,176,2,100,200,23,0.5574741846038513,0.04328195814811859,25.707293574688457
scene0029_01,784,177,2,100,200,22,0.5613867005316877,0.035348212632821126,25.965478803087816
scene0029_01,788,178,2,100,200,21,0.5579967208152634,0.0408167237471481,25.64026160032774
scene0029_01,793,179,2,100,200,20,0.5481313439737037,0.02602788736770712,25.863643275439873
scene0029_01,797,180,2,100,200,19,0.5404575721072142,0.01522435004050344,25.473519554470958
scene0029_01,801,181,2,100,200,18,0.5361209638146136,0.011337590240310112,25.49112922215063
scene0029_01,806,182,2,100,200,17,0.5335552155081528,0.020994944848137208,25.399722312613378
scene0029_01,810,183,2,100,200,16,0.5307334320111501,0.027809112059617436,25.18871245946841
scene0029_01,815,184,2,100,200,15,0.53267214409968,0.03769203269488159,25.407636131261036
scene0029_01,819,185,2,100,200,14,0.5315373043383311,0.027588764709182933,25.51235716165647
scene0029_01,824,186,2,100,200,13,0.5393908880727896,0.02158442663595075,25.22345732623557
scene0029_01,828,187,2,100,200,12,0.5392254587073465,0.02676719311150049,25.784232391799275
scene0029_01,833,188,2,100,200,11,0.5494380142105797,0.03295176611282817,25.5271402124323
scene0029_01,837,189,2,100,200,10,0.5608528133552158,0.03788051453303038,25.50981246238393
scene0029_01,841,190,2,100,200,9,0.5695755999507783,0.0291204342568341,25.421905597829532
scene0029_01,846,191,2,100,200,8,0.5804976008569902,0.0472326182804044,25.2296995353848
scene0029_01,850,192,2,100,200,7,0.6073797421529101,0.08044228133597005,24.76825281228618
scene0029_01,855,193,2,100,200,6,0.7479635059048657,0.08028813753916728,24.824627558971624
scene0029_01,859,194,2,100,200,5,0.7642975777875289,0.09367765372553782,25.046494687967854
scene0029_01,864,195,2,100,200,4,0.7687326188549507,0.10349878170276997,24.71122171335189
scene0029_01,868,196,2,100,200,3,0.7749619466518747,0.11233373717510778,24.8910960538458
scene0029_01,872,197,2,100,200,2,0.7734343618887339,0.10474127574809192,24.751136398640803
scene0029_01,877,198,2,100,200,1,0.7764784677655114,0.11081903466983288,24.670563888406008
scene0029_01,881,199,2,100,200,0,0.7795918313661392,0.11310218962561702,24.838994972532472
scene0029_01,664,150,3,150,250,0,0.5692810160861491,0.04092458710025432,1.6185509590989666
scene0029_01,669,151,3,150,250,1,0.5739166553835728,0.04776774605688689,2.180111160957307
scene0029_01,673,152,3,150,250,2,0.5763197006788001,0.04377753522134704,1.312637907485154
scene0029_01,677,153,3,150,250,3,0.5764757780443551,0.0468991165255159,2.13659174506211
scene0029_01,682,154,3,150,250,4,0.5806713931066139,0.03836743523491755,1.239011526690103
scene0029_01,686,155,3,150,250,5,0.575898583185138,0.022034010416377137,1.5414446866248293
scene0029_01,691,156,3,150,250,6,0.5721108373046764,0.03628338674781703,1.9603992387555136
scene0029_01,695,157,3,150,250,7,0.5654927876415734,0.04002276916336568,1.7554751683806127
scene0029_01,700,158,3,150,250,8,0.5592572219485794,0.049020571809417726,2.5919403117177646
scene0029_01,704,159,3,150,250,9,0.5502375796881243,0.06661086673592904,4.061090199852916
scene0029_01,708,160,3,150,250,10,0.5519081315064047,0.04444789334906544,2.5822252124161915
scene0029_01,713,161,3,150,250,11,0.549908897918692,0.06212459219431415,3.338450317505702
scene0029_01,717,162,3,150,250,12,0.5506700667904013,0.049499677523211646,3.003836645452553
scene0029_01,722,163,3,150,250,13,0.5578712601437453,0.013591869203113676,2.4843841981537995
scene0029_01,726,164,3,150,250,14,0.559034649150033,0.020793383478408405,2.5241394107955712
scene0029_01,731,165,3,150,250,15,0.5575932071949521,0.035987606963094367,2.4091398899025482
scene0029_01,735,166,3,150,250,16,0.5603854866797484,0.04523505923157878,2.1641569712390742
scene0029_01,739,167,3,150,250,17,0.5592115465831494,0.031876763297137796,2.315529620419882
scene0029_01,744,168,3,150,250,18,0.5575635629258595,0.009037861186190424,3.0198030186675244
scene0029_01,748,169,3,150,250,19,0.5641826504055474,0.01576278909631855,2.429630397915392
scene0029_01,753,170,3,150,250,20,0.5622171633497041,0.03185295630649517,3.5303325992358827
scene0029_01,757,171,3,150,250,21,0.5658309874082225,0.021898051021139016,2.9018836988776964
scene0029_01,762,172,3,150,250,22,0.5726587803238701,0.022286486304953713,2.3156455342568183
scene0029_01,766,173,3,150,250,23,0.5735594325177082,0.02133356376212924,2.222705485164251
scene0029_01,770,174,3,150,250,24,0.5730797171375707,0.028991507117028276,2.208831563830252
scene0029_01,775,175,3,150,250,25,0.5751972596266485,0.033247091100960746,2.086457845236709
scene0029_01,779,176,3,150,250,26,0.5773138266504119,0.036788550022052356,2.022074967878698
scene0029_01,784,177,3,150,250,27,0.5842367264903882,0.037560537745811653,1.4675834404035528
scene0029_01,788,178,3,150,250,28,0.5820217868773963,0.04551806697466565,1.7860039539677592
scene0029_01,793,179,3,150,250,29,0.5729230384828113,0.03358987185561787,1.7041797269532846
scene0029_01,797,180,3,150,250,30,0.5685623391135065,0.027856259932817727,2.274274277265621
scene0029_01,801,181,3,150,250,31,0.5688873412217842,0.014848529485564333,2.1588673945213404
scene0029_01,806,182,3,150,250,32,0.5642294056210146,0.015357641026908736,2.0447111289199147
scene0029_01,810,183,3,150,250,33,0.5636753104465587,0.01604415353277892,2.416879236035636
scene0029_01,815,184,3,150,250,34,0.5636327122653503,0.026380091894249502,2.3651089043876
scene0029_01,819,185,3,150,250,35,0.5613555694661421,0.016664532495808394,2.3721510945685713
scene0029_01,824,186,3,150,250,36,0.5674256572178522,0.028329954225041705,2.445055539018634
scene0029_01,828,187,3,150,250,37,0.565647855766487,0.017720037058890154,2.2837908139761964
scene0029_01,833,188,3,150,250,38,0.5713643366000812,0.020936179233096232,2.550210253321665
scene0029_01,837,189,3,150,250,39,0.5787603462967532,0.021847432358250693,2.631264904914983
scene0029_01,841,190,3,150,250,40,0.585873486794382,0.013315638949878486,2.7470640842642085
scene0029_01,846,191,3,150,250,41,0.5954397087689152,0.016560512500833655,2.8337649802044353
scene0029_01,850,192,3,150,250,42,0.6173713754148498,0.03890972217218321,3.146835857842221
scene0029_01,855,193,3,150,250,43,0.7443196744558982,0.01956028334475679,3.0299258012943646
scene0029_01,859,194,3,150,250,44,0.7576461240519615,0.021996416717341434,2.673694106849893
scene0029_01,864,195,3,150,250,45,0.7585235930560437,0.015898422058460197,3.333649754910474
scene0029_01,868,196,3,150,250,46,0.7628692237251393,0.01976803970882735,3.276722653602747
scene0029_01,872,197,3,150,250,47,0.7615697740514924,0.015790519712480362,3.385817059865555
scene0029_01,877,198,3,150,250,48,0.7653222828890205,0.017705808893963317,3.1892824264732775
scene0029_01,881,199,3,150,250,49,0.7671057813131127,0.02279716358184484,3.3219783726617695
scene0029_01,886,200,3,150,250,49,0.7638001638353575,0.010230372699371156,3.346058237198563
scene0029_01,890,201,3,150,250,48,0.7739357843225139,0.017577546213971822,3.0395031169554207
scene0029_01,895,202,3,150,250,47,0.7871521673245497,0.013861237183143598,3.150266644836795
scene0029_01,899,203,3,150,250,46,0.7859565308266584,0.011755341547495591,3.312497577733677
scene0029_01,903,204,3,150,250,45,0.7891444079048844,0.018036695582524544,3.135547632720913
scene0029_01,908,205,3,150,250,44,0.7910462053595061,0.017035357317118367,2.661457351168507
scene0029_01,912,206,3,150,250,43,0.7844710629273179,0.02995628851349123,2.8684140087336614
scene0029_01,917,207,3,150,250,42,0.792812116196004,0.036003602347316865,2.609810229002631
scene0029_01,921,208,3,150,250,41,0.791123814211551,0.029749008221921537,2.6069316187457043
scene0029_01,926,209,3,150,250,40,0.790091606688256,0.03142329892277818,2.7143322322087555
scene0029_01,930,210,3,150,250,39,0.7911386939392955,0.03002075593383986,2.7964359457815178
scene0029_01,934,211,3,150,250,38,0.792141963998055,0.03216475540491777,2.973272505912039
scene0029_01,939,212,3,150,250,37,0.7850885013616142,0.030803722317991902,3.0736518088028757
scene0029_01,943,213,3,150,250,36,0.7914722457569257,0.03470011103952685,3.019635080201901
scene0029_01,948,214,3,150,250,35,0.7917787077591824,0.02283861838851499,2.741143942199967
scene0029_01,952,215,3,150,250,34,0.790132169283194,0.024258203531550847,2.6522715178766134
scene0029_01,957,216,3,150,250,33,0.7937451425457107,0.04048401774500241,3.45411874712462
scene0029_01,961,217,3,150,250,32,0.7899301106073869,0.026579408076894535,2.943960044113922
scene0029_01,965,218,3,150,250,31,0.7909354588923763,0.04057565767574943,2.973418166361097
scene0029_01,970,219,3,150,250,30,0.7904150952551808,0.03188191739308993,2.574245390055854
scene0029_01,974,220,3,150,250,29,0.7900794443692732,0.030555856300618713,2.453239826541662
scene0029_01,979,221,3,150,250,28,0.7742700948946841,0.023834430624161938,2.1789120096552823
scene0029_01,983,222,3,150,250,27,0.7735377280988553,0.0196635565827548,2.1037204405492322
scene0029_01,988,223,3,150,250,26,0.7746459973503852,0.026527653142853425,2.5817456669480388
scene0029_01,992,224,3,150,250,25,0.778534990709851,0.01997956795735,2.3091972278049497
scene0029_01,996,225,3,150,250,24,0.7694814557311552,0.015783941985468994,2.2127092815413194
scene0029_01,1001,226,3,150,250,23,0.7613515860130324,0.01965765048363214,2.176266179620683
scene0029_01,1005,227,3,150,250,22,0.760648919064989,0.010535138796480702,2.094092229101215
scene0029_01,1010,228,3,150,250,21,0.7536552129565295,0.021450758496427875,2.0975833508016715
scene0029_01,1014,229,3,150,250,20,0.7557055974688396,0.012883020635180861,2.2785095423619177
scene0029_01,1019,230,3,150,250,19,0.754407360627861,0.012529161178404892,2.098226008442892
scene0029_01,1023,231,3,150,250,18,0.7540821701385386,0.015444068528477435,2.0150926510730804
scene0029_01,1027,232,3,150,250,17,0.75888541441548,0.017499177087926327,2.0022357813361884
scene0029_01,1032,233,3,150,250,16,0.7535359239436161,0.018249215222181727,1.9595687277742164
scene0029_01,1036,234,3,150,250,15,0.7538878624911092,0.011670722705535765,2.1292523497237092
scene0029_01,1041,235,3,150,250,14,0.7485633461313039,0.009831533757283422,2.152384671619124
scene0029_01,1045,236,3,150,250,13,0.7448701818548344,0.013117539563833089,2.2062142577540813
scene0029_01,1050,237,3,150,250,12,0.7469432277943762,0.017204571578808114,2.352113479095118
scene0029_01,1054,238,3,150,250,11,0.7463829461082172,0.01686326427187411,2.789527831356
scene0029_01,1058,239,3,150,250,10,0.749171732930281,0.016064905045943025,2.7154071121643377
scene0029_01,1063,240,3,150,250,9,0.7537212575044172,0.03268355859371758,2.7766309861414644
scene0029_01,1067,241,3,150,250,8,0.7525807088110357,0.015694750020596136,2.762875655396082
scene0029_01,1072,242,3,150,250,7,0.7505094141742802,0.025359270744969856,3.26263172262689
scene0029_01,1076,243,3,150,250,6,0.750729563009755,0.04022075781717979,3.1284481769770984
scene0029_01,1081,244,3,150,250,5,0.7498819048381944,0.04106966043836762,3.4103302330078096
scene0029_01,1085,245,3,150,250,4,0.7458659134732571,0.040034136944088965,3.4904902199433754
scene0029_01,1089,246,3,150,250,3,0.7429000729636169,0.040126317277807896,3.5176692399545284
scene0029_01,1094,247,3,150,250,2,0.744698697459728,0.04619287170960496,3.4269994204049397
scene0029_01,1098,248,3,150,250,1,0.7428804325509802,0.047736030847338344,3.7087908735327075
scene0029_01,1103,249,3,150,250,0,0.7382777778175954,0.056460530190328435,3.531312937186378
scene0029_01,886,200,4,200,300,0,0.726754329673593,0.04084402251694302,5.22154126807638
scene0029_01,890,201,4,200,300,1,0.7381455188974018,0.04017372616632253,5.144755071631065
scene0029_01,895,202,4,200,300,2,0.751002862863328,0.04550710950704983,5.0006803116187015
scene0029_01,899,203,4,200,300,3,0.7540402488164699,0.04458256866461857,5.12586676101243
scene0029_01,903,204,4,200,300,4,0.7598645139593038,0.0392177680121798,5.009719068483353
scene0029_01,908,205,4,200,300,5,0.7679659453720629,0.030028549670565008,4.633025399357227
scene0029_01,912,206,4,200,300,6,0.7639849262520142,0.0336755935580451,4.721781867972346
scene0029_01,917,207,4,200,300,7,0.7728713770877447,0.0372570802152046,4.581587444580138
scene0029_01,921,208,4,200,300,8,0.7713784330730126,0.027719217508043154,4.593937091099126
scene0029_01,926,209,4,200,300,9,0.7686956442550126,0.02611716447470269,4.571914131505553
scene0029_01,930,210,4,200,300,10,0.7701874568681444,0.02400464767638025,4.3300075804643186
scene0029_01,934,211,4,200,300,11,0.772807810438239,0.025289711396360822,4.367217453651958
scene0029_01,939,212,4,200,300,12,0.7679802414656534,0.025917859589127464,4.174103672089792
scene0029_01,943,213,4,200,300,13,0.7697493667093372,0.02288171390243265,4.13170352535179
scene0029_01,948,214,4,200,300,14,0.7675982577987557,0.018653160021256273,4.120772899811017
scene0029_01,952,215,4,200,300,15,0.767248935238558,0.020226807101055233,4.124440307064822
scene0029_01,957,216,4,200,300,16,0.7732384060939094,0.027247343269240627,3.887094824283414
scene0029_01,961,217,4,200,300,17,0.7744077899000581,0.017896168228248008,4.099468686399384
scene0029_01,965,218,4,200,300,18,0.77373915988083,0.017298800469497385,4.052611035735376
scene0029_01,970,219,4,200,300,19,0.768775109056746,0.01417790648218746,4.18702585560691
scene0029_01,974,220,4,200,300,20,0.7643347317813127,0.011834654075362393,4.328240523604546
scene0029_01,979,221,4,200,300,21,0.7525163774706547,0.019823752629848673,4.408382154387999
scene0029_01,983,222,4,200,300,22,0.745639243735448,0.0162104135436775,4.432618969425017
scene0029_01,988,223,4,200,300,23,0.7427412772752517,0.020000343742945903,4.355718732548935
scene0029_01,992,224,4,200,300,24,0.740751798243474,0.021800042291814217,4.375931624145466
scene0029_01,996,225,4,200,300,25,0.7424617487041687,0.01658187809915856,4.390302659045965
scene0029_01,1001,226,4,200,300,26,0.7364946114127948,0.024969254929823565,4.224075211920457
scene0029_01,1005,227,4,200,300,27,0.7353472889804764,0.01940501524095589,4.316084646994595
scene0029_01,1010,228,4,200,300,28,0.7294831085448644,0.025116011028971107,4.449629384008982
scene0029_01,1014,229,4,200,300,29,0.7278668604456588,0.017054395749797516,4.490221824562298
scene0029_01,1019,230,4,200,300,30,0.7231047249594431,0.015245716015577244,4.774525948466376
scene0029_01,1023,231,4,200,300,31,0.718731428318099,0.01213635487999438,4.725190808246698
scene0029_01,1027,232,4,200,300,32,0.720007223562478,0.00990656422683189,4.829276153999187
scene0029_01,1032,233,4,200,300,33,0.7160841613045594,0.011634337992600205,4.611631242161512
scene0029_01,1036,234,4,200,300,34,0.718502609267307,0.0076399656657949585,4.63562210028958
scene0029_01,1041,235,4,200,300,35,0.7169425957099417,0.006818024671230682,4.654100264926268
scene0029_01,1045,236,4,200,300,36,0.7152490782312185,0.009665313206379323,4.7203439422286655
scene0029_01,1050,237,4,200,300,37,0.7155516941895718,0.014864696478654337,4.893248911609944
scene0029_01,1054,238,4,200,300,38,0.7163526457019922,0.011901110699059513,4.918392124244154
scene0029_01,1058,239,4,200,300,39,0.7169397019043044,0.015289267618125154,4.93456450277582
scene0029_01,1063,240,4,200,300,40,0.714193792388865,0.02131703427161715,5.060743513314569
scene0029_01,1067,241,4,200,300,41,0.7140474725266764,0.01877830508197697,5.096444604344603
scene0029_01,1072,242,4,200,300,42,0.7128053721162733,0.01870308129127917,5.393605455805362
scene0029_01,1076,243,4,200,300,43,0.7148861868763283,0.02189536187373169,5.513311843328861
scene0029_01,1081,244,4,200,300,44,0.7132719261302582,0.013154910412381846,5.381049064718071
scene0029_01,1085,245,4,200,300,45,0.7113547145713401,0.014264637896067134,5.155292800616466
scene0029_01,1089,246,4,200,300,46,0.7119489757323912,0.00568411678952393,5.008544007144822
scene0029_01,1094,247,4,200,300,47,0.7083975262047895,0.005618658445182582,5.016032342931536
scene0029_01,1098,248,4,200,300,48,0.7077044554933358,0.006485675467764109,5.29477267370602
scene0029_01,1103,249,4,200,300,49,0.7086315911230558,0.00974323765057665,5.326578354631067
scene0029_01,1107,250,4,200,300,49,0.7073747875156771,0.014064353014743488,5.2966328086836425
scene0029_01,1112,251,4,200,300,48,0.7011721064378913,0.011490750247738093,5.0317631105064615
scene0029_01,1116,252,4,200,300,47,0.698669141983843,0.009603352861562713,5.078372456741961
scene0029_01,1121,253,4,200,300,46,0.6941593226025444,0.01590515934493811,5.235509913834101
scene0029_01,1125,254,4,200,300,45,0.6939432923081748,0.01674633510551306,5.284430030696142
scene0029_01,1129,255,4,200,300,44,0.6927470343341746,0.00613433369035589,4.988685085282231
scene0029_01,1134,256,4,200,300,43,0.6939804445488557,0.007736499215185421,4.916423492731401
scene0029_01,1138,257,4,200,300,42,0.6930603662084457,0.012616845414248777,4.869690107025676
scene0029_01,1143,258,4,200,300,41,0.6925961181045566,0.009789070209573494,5.032645894427713
scene0029_01,1147,259,4,200,300,40,0.6952271567722756,0.008157858457680306,4.952151673837502
scene0029_01,1152,260,4,200,300,39,0.6922396302682114,0.014022195567849612,4.865003538857903
scene0029_01,1156,261,4,200,300,38,0.6909155552941817,0.011798982518546173,4.581648577092833
scene0029_01,1160,262,4,200,300,37,0.6886398896319617,0.008115522795475909,4.514279796770872
scene0029_01,1165,263,4,200,300,36,0.6828068278367027,0.014016348603796882,4.512497365050034
scene0029_01,1169,264,4,200,300,35,0.671851699898391,0.010554036943495897,4.470535599962413
scene0029_01,1174,265,4,200,300,34,0.667971040982766,0.010563210422833685,4.473405407001513
scene0029_01,1178,266,4,200,300,33,0.656443042647763,0.006530865175237415,4.398219546701201
scene0029_01,1183,267,4,200,300,32,0.6456399963419663,0.014434482585593234,4.395238631033284
scene0029_01,1187,268,4,200,300,31,0.6523033949167338,0.0029100700197564693,4.595154073501984
scene0029_01,1191,269,4,200,300,30,0.6542614014362407,0.0075040851809733715,4.787978215925601
scene0029_01,1196,270,4,200,300,29,0.6519246370675638,0.009787324897857391,4.828729443606988
scene0029_01,1200,271,4,200,300,28,0.6492202974984003,0.008342826071233525,4.613703595390057
scene0029_01,1205,272,4,200,300,27,0.6542375906700257,0.008632686516777394,4.814715234375332
scene0029_01,1209,273,4,200,300,26,0.6594033961010191,0.016542223101741724,4.844975804804121
scene0029_01,1214,274,4,200,300,25,0.6598204997439705,0.011600046554400386,4.577923689227743
scene0029_01,1218,275,4,200,300,24,0.6584283275606937,0.01541564029326665,4.586636741709884
scene0029_01,1222,276,4,200,300,23,0.6591486456186457,0.016672423508780426,4.527377766717025
scene0029_01,1227,277,4,200,300,22,0.6653378896677383,0.010828381383365972,4.764502232059867
scene0029_01,1231,278,4,200,300,21,0.6676882561062472,0.008095649778901974,4.647344872458631
scene0029_01,1236,279,4,200,300,20,0.6635725511914732,0.010832195924406537,4.522419893882511
scene0029_01,1240,280,4,200,300,19,0.6590983199298408,0.017724047845713835,4.9255452575153384
scene0029_01,1245,281,4,200,300,18,0.6596800209729856,0.021935995692447686,4.9441816983637015
scene0029_01,1249,282,4,200,300,17,0.6561097515809269,0.020672166133205022,4.945372760747669
scene0029_01,1253,283,4,200,300,16,0.6550393873910431,0.02515135032222618,5.0574445923699045
scene0029_01,1258,284,4,200,300,15,0.6535818373451558,0.015469508121602324,5.093966067865419
scene0029_01,1262,285,4,200,300,14,0.6525480568768249,0.026432775010230756,5.242958277306917
scene0029_01,1267,286,4,200,300,13,0.655040481366524,0.018368390190672348,4.773307326465476
scene0029_01,1271,287,4,200,300,12,0.6548424317674877,0.023586190278730997,5.1035944611853195
scene0029_01,1276,288,4,200,300,11,0.6569298268389762,0.024201059945734772,4.416658890181368
scene0029_01,1280,289,4,200,300,10,0.6588624969754691,0.018889769571260873,4.440205522202623
scene0029_01,1284,290,4,200,300,9,0.6605788764767458,0.023816127268154456,4.675125478552079
scene0029_01,1289,291,4,200,300,8,0.6633149523409837,0.021747579536590234,4.923006559829392
scene0029_01,1293,292,4,200,300,7,0.6682333489737993,0.029291126447140492,4.955959304567844
scene0029_01,1298,293,4,200,300,6,0.6748627646465442,0.028130946100035043,4.66723123718295
scene0029_01,1302,294,4,200,300,5,0.678765682296647,0.026105707478070575,4.788446525639463
scene0029_01,1307,295,4,200,300,4,0.6808445576633602,0.025055352325866913,4.973434923199897
scene0029_01,1311,296,4,200,300,3,0.679666293150346,0.018040548868023563,4.999825946941187
scene0029_01,1315,297,4,200,300,2,0.6794457346295493,0.01675373257934,5.120286851513741
scene0029_01,1320,298,4,200,300,1,0.6869348994240554,0.018489410513502745,5.179264979918577
scene0029_01,1324,299,4,200,300,0,0.6875462673515988,0.018477645158575397,5.336186993256747
scene0029_01,1107,250,5,250,350,0,0.18721974661551155,0.010757237240792613,8.083502867848079
scene0029_01,1112,251,5,250,350,1,0.17594266985898388,0.009535476584222826,7.8386906303025
scene0029_01,1116,252,5,250,350,2,0.1756316185817135,0.012780004456831449,7.4992585602557105
scene0029_01,1121,253,5,250,350,3,0.17550079972193544,0.01471981744503178,7.424095582707262
scene0029_01,1125,254,5,250,350,4,0.1753922697464081,0.014188306573281708,7.41640586733643
scene0029_01,1129,255,5,250,350,5,0.1725010290248714,0.015219908464339002,7.299437748482489
scene0029_01,1134,256,5,250,350,6,0.1716071971152594,0.01795249821305916,7.363605199467941
scene0029_01,1138,257,5,250,350,7,0.17042007647008273,0.01885323234212487,7.218754972678577
scene0029_01,1143,258,5,250,350,8,0.17106938231472013,0.015610872907148698,7.3641320323849975
scene0029_01,1147,259,5,250,350,9,0.1703698842043645,0.016307050909430024,7.277229728371757
scene0029_01,1152,260,5,250,350,10,0.171841392235622,0.015717183080909414,7.193983919089388
scene0029_01,1156,261,5,250,350,11,0.17328848041550304,0.011374935217280432,7.102389908343159
scene0029_01,1160,262,5,250,350,12,0.17365163199923972,0.007793210575880482,6.918658108562677
scene0029_01,1165,263,5,250,350,13,0.17526817050778154,0.006541631301564299,6.722849032628859
scene0029_01,1169,264,5,250,350,14,0.1711376412495721,0.009191700211635958,6.497846353107811
scene0029_01,1174,265,5,250,350,15,0.164724010304777,0.012394748492631894,6.305190789005193
scene0029_01,1178,266,5,250,350,16,0.16322986246136284,0.014108744756384422,6.1842577953869995
scene0029_01,1183,267,5,250,350,17,0.15997018943187702,0.024132187515996543,6.025848557184357
scene0029_01,1187,268,5,250,350,18,0.1540394049924545,0.014312272860190578,6.008779479720972
scene0029_01,1191,269,5,250,350,19,0.15551019585615666,0.016114313070664275,6.047389573832469
scene0029_01,1196,270,5,250,350,20,0.15356232768984612,0.015444644993586,6.019970063092249
scene0029_01,1200,271,5,250,350,21,0.15208107659212033,0.014460275140936061,6.088559825727087
scene0029_01,1205,272,5,250,350,22,0.15529368373338936,0.013330022371400543,6.041081942667289
scene0029_01,1209,273,5,250,350,23,0.15731970726367273,0.008872835889418387,5.767895811278473
scene0029_01,1214,274,5,250,350,24,0.15755287002245488,0.01158512584191993,5.802278022646379
scene0029_01,1218,275,5,250,350,25,0.15528582762216814,0.011422637951790793,5.735113523947184
scene0029_01,1222,276,5,250,350,26,0.1532497213960562,0.010636919199135432,5.5967511905975265
scene0029_01,1227,277,5,250,350,27,0.15631545462740526,0.010659830098998907,5.459769092171442
scene0029_01,1231,278,5,250,350,28,0.1570862852948406,0.011077621257046108,5.511991899782705
scene0029_01,1236,279,5,250,350,29,0.15250856263886825,0.00936909659501936,5.471911792118539
scene0029_01,1240,280,5,250,350,30,0.15370420514645555,0.010706934952595702,5.564421614752109
scene0029_01,1245,281,5,250,350,31,0.15584933121690892,0.00538224445052816,5.504569418244281
scene0029_01,1249,282,5,250,350,32,0.15574493846798476,0.0035242621132373112,5.508790650037555
scene0029_01,1253,283,5,250,350,33,0.1570690779123879,0.003319919147634789,5.436126765723346
scene0029_01,1258,284,5,250,350,34,0.1567165259630766,0.008226689990788499,5.6106447203661
scene0029_01,1262,285,5,250,350,35,0.1586895506451912,0.004414157775525137,5.465830515195454
scene0029_01,1267,286,5,250,350,36,0.163107122553249,0.008392003720676246,5.658429146926458
scene0029_01,1271,287,5,250,350,37,0.16395030799785892,0.01167796548080001,5.86151930793275
scene0029_01,1276,288,5,250,350,38,0.16459688193156796,0.010477843726784283,5.767067539946214
scene0029_01,1280,289,5,250,350,39,0.16717107393325792,0.007205048610280544,5.720436015176944
scene0029_01,1284,290,5,250,350,40,0.17069177616893338,0.004019494635294964,5.948102627193024
scene0029_01,1289,291,5,250,350,41,0.16968517674930816,0.013165387058727034,5.863113505442082
scene0029_01,1293,292,5,250,350,42,0.17099737159331552,0.0109446667818506,6.205177867025252
scene0029_01,1298,293,5,250,350,43,0.1707212632160704,0.011763513825574202,6.484414653982297
scene0029_01,1302,294,5,250,350,44,0.17154894361385664,0.011978526155881946,6.660728048362439
scene0029_01,1307,295,5,250,350,45,0.17120936694117228,0.008604081355403309,6.739510878577466
scene0029_01,1311,296,5,250,350,46,0.17214382395480154,0.010166830384732402,6.803758919414318
scene0029_01,1315,297,5,250,350,47,0.1722704888063158,0.0032767362624138976,6.839518116377913
scene0029_01,1320,298,5,250,350,48,0.1720542088079391,0.002568515871859781,6.843486017756152
scene0029_01,1324,299,5,250,350,49,0.16984108593115277,0.004205916102763216,6.899355686889743
scene0029_01,1329,300,5,250,350,49,0.1692185862619069,0.004677677457401202,6.952622066376179
scene0029_01,1333,301,5,250,350,48,0.1677758805150773,0.006132131353106541,6.8969659535138454
scene0029_01,1338,302,5,250,350,47,0.17011052455478304,0.009812006708228231,7.177284152195668
scene0029_01,1342,303,5,250,350,46,0.1690638550522524,0.01245267962072838,7.245143420810293
scene0029_01,1346,304,5,250,350,45,0.16944627559746095,0.013297850784625895,7.590389502879729
scene0029_01,1351,305,5,250,350,44,0.16643176321304387,0.011319010676641162,7.752229884095726
scene0029_01,1355,306,5,250,350,43,0.16739087082869675,0.01868360343853728,8.1755908142617
scene0029_01,1360,307,5,250,350,42,0.1683507109458353,0.014325800617293763,8.431599775867952
scene0029_01,1364,308,5,250,350,41,0.1660624863102398,0.01471365194617802,8.225966048376032
scene0029_01,1369,309,5,250,350,40,0.16473613652425056,0.015022528748027114,8.181102429399397
scene0029_01,1373,310,5,250,350,39,0.16571611439915546,0.01190640095130486,8.20908137586553
scene0029_01,1377,311,5,250,350,38,0.16569032355755708,0.0061892781996461515,8.417608415654819
scene0029_01,1382,312,5,250,350,37,0.16339749075011978,0.006133382804456144,8.680883303553589
scene0029_01,1386,313,5,250,350,36,0.1610637298012888,0.011777686019798611,8.779845369110896
scene0029_01,1391,314,5,250,350,35,0.16335819221442915,0.014019987391904958,8.941121869571138
scene0029_01,1395,315,5,250,350,34,0.16176713166254064,0.011937017598061189,8.88137712741413
scene0029_01,1400,316,5,250,350,33,0.16040708445165708,0.012868980916957085,8.813833895678496
scene0029_01,1404,317,5,250,350,32,0.16185679784896068,0.013058030005171264,8.62506328153097
scene0029_01,1409,318,5,250,350,31,0.1604960315166355,0.012950433667648574,8.230837268985951
scene0029_01,1413,319,5,250,350,30,0.1609741357766974,0.016397186128488797,8.238776564497208
scene0029_01,1417,320,5,250,350,29,0.15871869973793995,0.012937431208215954,8.117929861296716
scene0029_01,1422,321,5,250,350,28,0.15708904335025586,0.01691211567136919,7.9411356696666955
scene0029_01,1426,322,5,250,350,27,0.15502273690997648,0.016232101558891446,7.909521748450405
scene0029_01,1431,323,5,250,350,26,0.15485506098605084,0.01939463256672708,7.836811045917287
scene0029_01,1435,324,5,250,350,25,0.15338491640818908,0.017540597566746682,7.867005647137906
scene0029_01,1440,325,5,250,350,24,0.15275261842723076,0.017257298096446713,8.033509093388384
scene0029_01,1444,326,5,250,350,23,0.15133139425134012,0.013641146833645942,7.8751848399607205
scene0029_01,1448,327,5,250,350,22,0.15140334763121888,0.012984138370088168,7.972459381485935
scene0029_01,1453,328,5,250,350,21,0.1496429336446614,0.010990321681485836,7.991284591663775
scene0029_01,1457,329,5,250,350,20,0.15167324981455244,0.008249869713476113,7.985328221895235
scene0029_01,1462,330,5,250,350,19,0.1499807277102212,0.013718034383106136,8.001072989954205
scene0029_01,1466,331,5,250,350,18,0.14882644314451143,0.014020382072760558,7.854350014011289
scene0029_01,1471,332,5,250,350,17,0.14677650271960263,0.002983492408334563,7.799711108101822
scene0029_01,1475,333,5,250,350,16,0.14834536882022054,0.008954542153706958,8.227001568000754
scene0029_01,1479,334,5,250,350,15,0.14601405538155732,0.016426016836438028,7.839051769238682
scene0029_01,1484,335,5,250,350,14,0.1455912120210321,0.00591209039702101,7.88052345165445
scene0029_01,1488,336,5,250,350,13,0.14569348161062934,0.010505339576055296,7.936179400419899
scene0029_01,1493,337,5,250,350,12,0.14360520029977142,0.012581498274009182,7.978077807611344
scene0029_01,1497,338,5,250,350,11,0.14291909024425764,0.014162149319568372,7.665312572469207
scene0029_01,1502,339,5,250,350,10,0.14155238407467619,0.018451746699502548,7.6340202944224655
scene0029_01,1506,340,5,250,350,9,0.1406257557107844,0.022231977718605477,7.504269099783197
scene0029_01,1510,341,5,250,350,8,0.140028506998903,0.024540434484164608,7.73594990300216
scene0029_01,1515,342,5,250,350,7,0.13769585486231117,0.026604920506821218,7.724584479880509
scene0029_01,1519,343,5,250,350,6,0.13619414736706115,0.02839970488756588,7.704293399589839
scene0029_01,1524,344,5,250,350,5,0.13676558809412898,0.034356528153693555,7.68522781384877
scene0029_01,1528,345,5,250,350,4,0.13736431373485303,0.02869859375961079,7.8597189535257845
scene0029_01,1533,346,5,250,350,3,0.13702326600595494,0.030701342129206107,7.691305026090643
scene0029_01,1537,347,5,250,350,2,0.13626178778075482,0.02995305937358412,7.6414829409891345
scene0029_01,1541,348,5,250,350,1,0.13479124703325063,0.02806873763078906,7.572362060423031
scene0029_01,1546,349,5,250,350,0,0.13967233583408434,0.0290740169383476,8.01160792357556
scene0029_01,1329,300,6,300,400,0,0.08073146798568975,0.029932953361700692,10.123328716306549
scene0029_01,1333,301,6,300,400,1,0.07371847350799765,0.03248458349358615,10.286543285215803
scene0029_01,1338,302,6,300,400,2,0.07311092165652122,0.02924888483191655,10.50512629052209
scene0029_01,1342,303,6,300,400,3,0.07177009839211568,0.02584966903847098,10.76065557540966
scene0029_01,1346,304,6,300,400,4,0.07126838848914197,0.018858126016817647,11.087666384820334
scene0029_01,1351,305,6,300,400,5,0.06767305561158721,0.007833095098451297,11.304820599827126
scene0029_01,1355,306,6,300,400,6,0.0685153330732915,0.010531866805610678,11.766735570491418
scene0029_01,1360,307,6,300,400,7,0.06699514520293759,0.015272338514008865,11.988804144229134
scene0029_01,1364,308,6,300,400,8,0.0629410585218716,0.0162124111706434,11.859155744406163
scene0029_01,1369,309,6,300,400,9,0.06191403850585764,0.019519780691581137,11.726354355876254
scene0029_01,1373,310,6,300,400,10,0.06168620420534543,0.01635693675674123,11.676711416613461
scene0029_01,1377,311,6,300,400,11,0.06281113029909324,0.01058059640039137,11.880870953790367
scene0029_01,1382,312,6,300,400,12,0.06185735111043622,0.007599456700325519,12.254943593795897
scene0029_01,1386,313,6,300,400,13,0.060681047331709426,0.0035536193689059835,12.206698113314555
scene0029_01,1391,314,6,300,400,14,0.0623521514720039,0.005935987072784642,12.265731064507323
scene0029_01,1395,315,6,300,400,15,0.06235806289419121,0.005541553839754797,12.254697374122511
scene0029_01,1400,316,6,300,400,16,0.0620119789181075,0.0031828198559700196,12.11654899600348
scene0029_01,1404,317,6,300,400,17,0.06443063416419881,0.005749806799322593,11.864782288309923
scene0029_01,1409,318,6,300,400,18,0.06493286394110753,0.00793848308084374,11.81102217060142
scene0029_01,1413,319,6,300,400,19,0.06699668234226774,0.007250192966011328,11.733193047519093
scene0029_01,1417,320,6,300,400,20,0.06598845906456274,0.008932830030307874,11.62304095439553
scene0029_01,1422,321,6,300,400,21,0.06638412715291009,0.008252238014556235,11.475882941408925
scene0029_01,1426,322,6,300,400,22,0.06492804262016438,0.006681364866740603,11.482773904620743
scene0029_01,1431,323,6,300,400,23,0.0657121080049865,0.010613683068983653,11.423081349200475
scene0029_01,1435,324,6,300,400,24,0.0650112268743912,0.0080482505777644,11.417484991101102
scene0029_01,1440,325,6,300,400,25,0.06583439539953151,0.010363203095582803,11.67639864244546
scene0029_01,1444,326,6,300,400,26,0.06566702200389007,0.005406566624440511,11.52737145683782
scene0029_01,1448,327,6,300,400,27,0.0664547876463838,0.008431395647719728,11.621481210340376
scene0029_01,1453,328,6,300,400,28,0.06740793350872032,0.0053744728215427825,11.544413168490735
scene0029_01,1457,329,6,300,400,29,0.06761369869708045,0.004413343795468326,11.640857808334353
scene0029_01,1462,330,6,300,400,30,0.06806763272211158,0.005600245353082197,11.58454703886039
scene0029_01,1466,331,6,300,400,31,0.06794602129836946,0.006726187963090012,11.53446742682201
scene0029_01,1471,332,6,300,400,32,0.0677948560703332,0.010243370934340369,11.259173532306205
scene0029_01,1475,333,6,300,400,33,0.06851264769201382,0.0077081069544836876,11.660722146003012
scene0029_01,1479,334,6,300,400,34,0.06649982245186625,0.011398232299005693,11.430167134874273
scene0029_01,1484,335,6,300,400,35,0.06939673232787547,0.006365672493157,11.595985634487949
scene0029_01,1488,336,6,300,400,36,0.07068154983014896,0.012748201513847092,11.695575562108479
scene0029_01,1493,337,6,300,400,37,0.06884972946404688,0.007842337881890519,11.76625755804159
scene0029_01,1497,338,6,300,400,38,0.06856364528675019,0.006813363877647163,11.368675733174717
scene0029_01,1502,339,6,300,400,39,0.06842706271853571,0.009638173491979544,11.36365857456607
scene0029_01,1506,340,6,300,400,40,0.06988580254357357,0.011587201823515093,11.454967964431484
scene0029_01,1510,341,6,300,400,41,0.06956332128777709,0.013792164496506089,11.640728157835891
scene0029_01,1515,342,6,300,400,42,0.06846187709117535,0.01562165041803917,11.72541208828318
scene0029_01,1519,343,6,300,400,43,0.06893772303092538,0.01639116475964493,11.72041204589393
scene0029_01,1524,344,6,300,400,44,0.06805309949265104,0.02006358673479817,11.907453144633964
scene0029_01,1528,345,6,300,400,45,0.0683287392126175,0.011165923038584925,11.96910683912051
scene0029_01,1533,346,6,300,400,46,0.06722455576386199,0.014523685864564496,11.888490905045005
scene0029_01,1537,347,6,300,400,47,0.06775205853929367,0.016595121060279817,12.085547191140822
scene0029_01,1541,348,6,300,400,48,0.06705880289873134,0.014391038989492818,12.09800101749951
scene0029_01,1546,349,6,300,400,49,0.06866054465176707,0.012131121315343696,12.074457573282992
scene0029_01,1550,350,6,300,400,49,0.06842435266372981,0.009728149595212007,11.895693540685013
scene0029_01,1555,351,6,300,400,48,0.0661430019730529,0.010224361874377091,12.035639540676042
scene0029_01,1559,352,6,300,400,47,0.06699631757973568,0.004457826015695163,12.163196347448824
scene0029_01,1564,353,6,300,400,46,0.06697032608544218,0.009733193675917752,12.011041217744827
scene0029_01,1568,354,6,300,400,45,0.06710501013830883,0.007508375086196271,12.033303770085531
scene0029_01,1572,355,6,300,400,44,0.0683463703937015,0.00783356118345411,12.204103218868001
scene0029_01,1577,356,6,300,400,43,0.06782649365126903,0.014631284951484516,12.117163213236273
scene0029_01,1581,357,6,300,400,42,0.06594218282602893,0.0105640220695744,12.256681205413374
scene0029_01,1586,358,6,300,400,41,0.06473163053311137,0.010674025280722331,12.267749153816833
scene0029_01,1590,359,6,300,400,40,0.06391887922715178,0.013835700429784135,12.155308267661232
scene0029_01,1595,360,6,300,400,39,0.0634247776331851,0.018893260477841907,12.056015997216177
scene0029_01,1599,361,6,300,400,38,0.062232297058251396,0.01791064133214553,12.175515188375634
scene0029_01,1603,362,6,300,400,37,0.06367790455329658,0.01151800560050428,12.447785002360943
scene0029_01,1608,363,6,300,400,36,0.06411005350482968,0.011423803403774292,12.489974223369497
scene0029_01,1612,364,6,300,400,35,0.06524303039684076,0.009499586939123842,12.507392733443563
scene0029_01,1617,365,6,300,400,34,0.06482359301689522,0.011645219390470897,12.531419881883862
scene0029_01,1621,366,6,300,400,33,0.0641630455095823,0.005235480249736444,12.71634602053721
scene0029_01,1626,367,6,300,400,32,0.06467763841762997,0.013198856495659755,13.255421832509938
scene0029_01,1630,368,6,300,400,31,0.0655163981890704,0.013289412294003437,13.230755299215755
scene0029_01,1634,369,6,300,400,30,0.06538871472225904,0.011977785179914196,13.232298073736047
scene0029_01,1639,370,6,300,400,29,0.06653772763327592,0.00837259688198878,13.171256269404374
scene0029_01,1643,371,6,300,400,28,0.06482401951585004,0.009415888899454671,13.049408437381592
scene0029_01,1648,372,6,300,400,27,0.06886544878810397,0.007715176304254422,13.523905516285403
scene0029_01,1652,373,6,300,400,26,0.06629012867800799,0.008214944861343228,13.347548446489677
scene0029_01,1657,374,6,300,400,25,0.06825397358775165,0.009026768469531703,13.494929082776716
scene0029_01,1661,375,6,300,400,24,0.06764874733339854,0.02014295920221056,13.333404680024858
scene0029_01,1666,376,6,300,400,23,0.06815615540740028,0.026135036894531755,13.458076615332926
scene0029_01,1670,377,6,300,400,22,0.0648291637127415,0.01802059702918966,13.480235428517243
scene0029_01,1674,378,6,300,400,21,0.06517532124721903,0.029016405218838977,13.545251403384441
scene0029_01,1679,379,6,300,400,20,0.06317871719388679,0.026460580808184773,13.574779598981879
scene0029_01,1683,380,6,300,400,19,0.061897981508454714,0.013390341022912727,13.49906434045831
scene0029_01,1688,381,6,300,400,18,0.06256247074587751,0.01626300189126132,13.364799830150746
scene0029_01,1692,382,6,300,400,17,0.06131875384533991,0.021167166454836118,13.618407830308808
scene0029_01,1697,383,6,300,400,16,0.059097557136630785,0.011850142731457233,13.410688086649316
scene0029_01,1701,384,6,300,400,15,0.05742912523662236,0.011754744327743018,13.342381410686155
scene0029_01,1705,385,6,300,400,14,0.05816835045827384,0.0131025618610843,13.288835565928803
scene0029_01,1710,386,6,300,400,13,0.05727177951933349,0.014660794480466989,13.184395369727627
scene0029_01,1714,387,6,300,400,12,0.05752600616196013,0.008038709283805148,13.251550823595672
scene0029_01,1719,388,6,300,400,11,0.058011046043003,0.015318967747797623,13.386932893641719
scene0029_01,1723,389,6,300,400,10,0.05855054194204601,0.013574631689294826,13.07704463653145
scene0029_01,1728,390,6,300,400,9,0.05867543471022063,0.014100620019098347,13.235554509777511
scene0029_01,1732,391,6,300,400,8,0.05972836311257712,0.01209537088581898,13.084711699252441
scene0029_01,1736,392,6,300,400,7,0.06023428690720545,0.010237940861694269,12.99592415744442
scene0029_01,1741,393,6,300,400,6,0.05994553885694931,0.01071433285046992,12.86687836605737
scene0029_01,1745,394,6,300,400,5,0.060513046709947504,0.011146272116307053,12.9406088684421
scene0029_01,1750,395,6,300,400,4,0.060887036852633636,0.009660662358062396,12.905195331585377
scene0029_01,1754,396,6,300,400,3,0.062321422035313545,0.012436331867035091,13.086170507362386
scene0029_01,1759,397,6,300,400,2,0.06158338504298122,0.01600649019817803,13.297960755154604
scene0029_01,1763,398,6,300,400,1,0.06296875317679329,0.007574013745178222,13.056423851584066
scene0029_01,1767,399,6,300,400,0,0.063029816052803,0.006660620762029508,12.803047264378904
scene0029_01,1550,350,7,350,450,0,0.3438921973131972,0.014777566759833142,2.6695322150957153
scene0029_01,1555,351,7,350,450,1,0.33789727398014335,0.01853363999422027,2.4760086871697395
scene0029_01,1559,352,7,350,450,2,0.3388276312276356,0.015611821841387869,2.8503513350158833
scene0029_01,1564,353,7,350,450,3,0.33962853841431706,0.01345439933993191,2.7470379065796013
scene0029_01,1568,354,7,350,450,4,0.34104662554214316,0.011708381789322042,2.7912651399487274
scene0029_01,1572,355,7,350,450,5,0.34535914561274206,0.016577577805266763,2.9952620254936626
scene0029_01,1577,356,7,350,450,6,0.3418039008380126,0.013868011386318008,2.8861320131210286
scene0029_01,1581,357,7,350,450,7,0.3385267704867705,0.013478180778935561,3.144586921898966
scene0029_01,1586,358,7,350,450,8,0.33450833903628674,0.0055127241256914886,3.1503445246381894
scene0029_01,1590,359,7,350,450,9,0.33077781021659924,0.006304137859244082,3.395752065782779
scene0029_01,1595,360,7,350,450,10,0.3289520550115058,0.005736499276547429,3.4605713757515706
scene0029_01,1599,361,7,350,450,11,0.3266879198809538,0.01216035112433789,3.6059591835975167
scene0029_01,1603,362,7,350,450,12,0.3293703049229315,0.0133861721553372,3.2793151271056367
scene0029_01,1608,363,7,350,450,13,0.33280972626827154,0.009189176125235166,3.266690764105535
scene0029_01,1612,364,7,350,450,14,0.33117174835549634,0.005854408030443206,3.3495277598382387
scene0029_01,1617,365,7,350,450,15,0.33060275808761064,0.009858938003549452,3.318002334002442
scene0029_01,1621,366,7,350,450,16,0.32852617177412213,0.004634790227366092,3.4976016056704653
scene0029_01,1626,367,7,350,450,17,0.329910555887043,0.010840752293741405,3.521968545188186
scene0029_01,1630,368,7,350,450,18,0.3335053097206847,0.009166339798540195,3.5738164014266625
scene0029_01,1634,369,7,350,450,19,0.33124101401385986,0.01033723562772052,3.328061209904161
scene0029_01,1639,370,7,350,450,20,0.3313568594654128,0.011662562271869834,3.487183334181288
scene0029_01,1643,371,7,350,450,21,0.32697893070334594,0.014428606229435141,3.177753230555135
scene0029_01,1648,372,7,350,450,22,0.3323705449782688,0.014949430988201973,3.3833846900987643
scene0029_01,1652,373,7,350,450,23,0.32744111773147866,0.012004186913203204,3.2721954770096398
scene0029_01,1657,374,7,350,450,24,0.328968608486216,0.0036891665984477976,3.3585868862313464
scene0029_01,1661,375,7,350,450,25,0.32422548467844114,0.021901442904864694,3.1303438098469956
scene0029_01,1666,376,7,350,450,26,0.3241771647662405,0.02413220023229004,3.1920514220996403
scene0029_01,1670,377,7,350,450,27,0.3167141078073312,0.016953333385257337,3.1065832070842827
scene0029_01,1674,378,7,350,450,28,0.31363525926549374,0.027789480706124674,2.8451048650879778
scene0029_01,1679,379,7,350,450,29,0.3078792438308615,0.02695264734254013,2.8022755819409095
scene0029_01,1683,380,7,350,450,30,0.3025571526698787,0.021602363579697813,2.8256151560899734
scene0029_01,1688,381,7,350,450,31,0.30599327436575363,0.022244600506981085,3.0457433124540154
scene0029_01,1692,382,7,350,450,32,0.30353176936596693,0.019110285788212347,3.2972541818982064
scene0029_01,1697,383,7,350,450,33,0.296069310779691,0.008108455469782009,2.8936393381757597
scene0029_01,1701,384,7,350,450,34,0.28967085694503103,0.009509770170763977,2.699784057937753
scene0029_01,1705,385,7,350,450,35,0.2881079222305446,0.00964499611532569,2.625947873840332
scene0029_01,1710,386,7,350,450,36,0.2869367887154636,0.007748511967695066,2.702466878550289
scene0029_01,1714,387,7,350,450,37,0.2864722823125243,0.008257152944892416,2.7488974533398585
scene0029_01,1719,388,7,350,450,38,0.286825967198176,0.013345670533531513,2.7940739324974535
scene0029_01,1723,389,7,350,450,39,0.286880282229933,0.016354190353370473,2.825749461751974
scene0029_01,1728,390,7,350,450,40,0.2855888583656284,0.012046481730318685,2.707249437828838
scene0029_01,1732,391,7,350,450,41,0.2885468855032751,0.008967539212727763,2.708032408077796
scene0029_01,1736,392,7,350,450,42,0.2933034114394182,0.006968713524976187,2.669917524183291
scene0029_01,1741,393,7,350,450,43,0.2919182904397306,0.015568191601217422,2.734881216700888
scene0029_01,1745,394,7,350,450,44,0.29380257195343695,0.00777291272197564,2.8731820881380323
scene0029_01,1750,395,7,350,450,45,0.30004206692648605,0.004577958032010525,3.0373203764253645
scene0029_01,1754,396,7,350,450,46,0.3044507530094611,0.006705445749815591,3.2554029991908435
scene0029_01,1759,397,7,350,450,47,0.309190370947827,0.013026227233286117,3.000997065918654
scene0029_01,1763,398,7,350,450,48,0.31327354528695506,0.0034517808032367855,3.227104916381428
scene0029_01,1767,399,7,350,450,49,0.31747292139227823,0.006255671051029307,3.4174139053591266
scene0029_01,1772,400,7,350,450,49,0.32001927482654446,0.006347462052457938,3.4586523371684263
scene0029_01,1776,401,7,350,450,48,0.3215601689316696,0.006830567541737142,3.474664075363137
scene0029_01,1781,402,7,350,450,47,0.3235346113523532,0.007443687970391668,3.605542552142622
scene0029_01,1785,403,7,350,450,46,0.32503798666838635,0.007905247426743032,3.54595315721237
scene0029_01,1790,404,7,350,450,45,0.3302829673237999,0.009836544543933168,3.631288520630904
scene0029_01,1794,405,7,350,450,44,0.3251108040285079,0.012411049995266469,3.6902741287555787
scene0029_01,1798,406,7,350,450,43,0.3238473991368941,0.015503905962688153,3.721452493414815
scene0029_01,1803,407,7,350,450,42,0.3171136233348839,0.010231537009209639,3.607717507436414
scene0029_01,1807,408,7,350,450,41,0.31510521127335434,0.011053104172747852,3.460541754156663
scene0029_01,1812,409,7,350,450,40,0.31044613898597406,0.005428340854629495,3.3520857725604105
scene0029_01,1816,410,7,350,450,39,0.30420651370233853,0.0020124058697950043,3.092091361086408
scene0029_01,1821,411,7,350,450,38,0.3047563226337031,0.01027159350936009,3.431860589103437
scene0029_01,1825,412,7,350,450,37,0.3006934847297986,0.00719246857328339,3.1721706449071623
scene0029_01,1829,413,7,350,450,36,0.30115611830363775,0.0051932698210863,3.0349282694885398
scene0029_01,1834,414,7,350,450,35,0.2940137816652798,0.010852811810615884,2.8294202404794047
scene0029_01,1838,415,7,350,450,34,0.2924508584048613,0.01475366547760736,2.6415377363750743
scene0029_01,1843,416,7,350,450,33,0.29075124939758146,0.014363830332647747,2.449288649208616
scene0029_01,1847,417,7,350,450,32,0.29048828505081303,0.011887261701977422,2.549545115754712
scene0029_01,1852,418,7,350,450,31,0.28465086414200536,0.010443634714957729,2.15433456834715
scene0029_01,1856,419,7,350,450,30,0.2834692075079821,0.014687279795839097,2.129264956809475
scene0029_01,1860,420,7,350,450,29,0.2812200850068445,0.011536189820617458,2.0159013494591203
scene0029_01,1865,421,7,350,450,28,0.27673353140873114,0.010705518882842104,1.8476174480926946
scene0029_01,1869,422,7,350,450,27,0.27457960927670266,0.010272970002579205,1.8923510879027274
scene0029_01,1874,423,7,350,450,26,0.271997890560727,0.012018689960992802,1.71808930111856
scene0029_01,1878,424,7,350,450,25,0.26691209835827845,0.01409791743589726,1.5308712466918835
scene0029_01,1883,425,7,350,450,24,0.265145212205224,0.013558420913077893,1.47797815831255
scene0029_01,1887,426,7,350,450,23,0.26003779565015106,0.02033961589706355,1.2362816058152024
scene0029_01,1891,427,7,350,450,22,0.26027149204553646,0.009221207721092682,1.7328308869096747
scene0029_01,1896,428,7,350,450,21,0.25409195675692875,0.007543516744415693,1.6585938775905829
scene0029_01,1900,429,7,350,450,20,0.24450475990199871,0.00629997523815606,1.7039076054229219
scene0029_01,1905,430,7,350,450,19,0.2479068112982996,0.00787631618887772,1.5244393792941626
scene0029_01,1909,431,7,350,450,18,0.24598755194792055,0.013251529165077163,1.4283350035940716
scene0029_01,1914,432,7,350,450,17,0.24155808860485184,0.012520799803124188,1.4390376456677252
scene0029_01,1918,433,7,350,450,16,0.24021795859613837,0.010955493811687778,1.4690134541901114
scene0029_01,1922,434,7,350,450,15,0.2385191900521767,0.007193827762506133,1.4213551505565285
scene0029_01,1927,435,7,350,450,14,0.2385704240900337,0.00682501243068085,1.594121957137656
scene0029_01,1931,436,7,350,450,13,0.23554844023254629,0.006039148356178468,1.6152628076423117
scene0029_01,1936,437,7,350,450,12,0.23163070802331953,0.007734590505007783,1.7985651449945526
scene0029_01,1940,438,7,350,450,11,0.22956371097016015,0.016120753422215032,2.031417227103029
scene0029_01,1945,439,7,350,450,10,0.22702740274702715,0.011218594761558813,1.8919927003502572
scene0029_01,1949,440,7,350,450,9,0.22754033901711979,0.00718034454245809,1.7172496530344064
scene0029_01,1954,441,7,350,450,8,0.22751112838378695,0.005498127831367745,1.69947862932269
scene0029_01,1958,442,7,350,450,7,0.2271204181920381,0.01868638886156477,1.9452789818967635
scene0029_01,1962,443,7,350,450,6,0.22979145510378185,0.029122462376903198,1.8870750751525465
scene0029_01,1967,444,7,350,450,5,0.2290350848446695,0.03604928149350318,1.6621058294847615
scene0029_01,1971,445,7,350,450,4,0.2319346029713445,0.03543239648529488,1.4269725415574477
scene0029_01,1976,446,7,350,450,3,0.23566857675886443,0.024440909266861485,1.5679888120241932
scene0029_01,1980,447,7,350,450,2,0.23679003404642196,0.021364638073247767,1.5966121936453295
scene0029_01,1985,448,7,350,450,1,0.23734688030597662,0.004243000655227374,1.2901306280924645
scene0029_01,1989,449,7,350,450,0,0.24014729282605307,0.008809186134214853,1.2325281965179355
scene0029_01,1772,400,8,400,500,0,0.28135390785241055,0.008851584267081868,1.8108948623148144
scene0029_01,1776,401,8,400,500,1,0.2827239899355398,0.016383340486920164,1.8687534841915334
scene0029_01,1781,402,8,400,500,2,0.2824353771048127,0.016235930310655202,1.8374526244349372
scene0029_01,1785,403,8,400,500,3,0.28124760318283193,0.006260623756726409,2.0007828261998437
scene0029_01,1790,404,8,400,500,4,0.28183359410794573,0.017855279466221365,1.801699650416568
scene0029_01,1794,405,8,400,500,5,0.2804369997735855,0.014556417028116702,1.863766029477285
scene0029_01,1798,406,8,400,500,6,0.28451032242339436,0.014888743376388073,1.9225976576980675
scene0029_01,1803,407,8,400,500,7,0.2830785929014472,0.008286929327027221,1.8197751120656
scene0029_01,1807,408,8,400,500,8,0.28170416900168405,0.010506014100870608,1.9272342012643342
scene0029_01,1812,409,8,400,500,9,0.27743542250220443,0.00826835349463564,1.9206823560998953
scene0029_01,1816,410,8,400,500,10,0.2735815027661662,0.005704672263718447,1.9438411945130547
scene0029_01,1821,411,8,400,500,11,0.2740024243212208,0.00913187077446677,1.9808910145855887
scene0029_01,1825,412,8,400,500,12,0.27123318259009,0.007674515645496549,1.9775035976316322
scene0029_01,1829,413,8,400,500,13,0.27020826875638815,0.004284838890221498,2.074066061660594
scene0029_01,1834,414,8,400,500,14,0.26614524709928644,0.006790763517642385,2.1221390120533363
scene0029_01,1838,415,8,400,500,15,0.2660886045374766,0.0046784747956824255,2.212535402862722
scene0029_01,1843,416,8,400,500,16,0.26343361422582157,0.005643558745632319,2.3614064794532763
scene0029_01,1847,417,8,400,500,17,0.2647275589407765,0.00670458028393189,2.3475258744661605
scene0029_01,1852,418,8,400,500,18,0.2624788381411326,0.00443251597758844,2.2703435194745922
scene0029_01,1856,419,8,400,500,19,0.2611715747513885,0.007796088565345672,2.3675541779823153
scene0029_01,1860,420,8,400,500,20,0.2577540452205842,0.007361862213868982,2.470918192665047
scene0029_01,1865,421,8,400,500,21,0.2552341624244904,0.007692574792814806,2.4768352048079114
scene0029_01,1869,422,8,400,500,22,0.25457767905916096,0.00874657011689781,2.4240324642145454
scene0029_01,1874,423,8,400,500,23,0.2519419233111623,0.008958288677147855,2.4046299904081962
scene0029_01,1878,424,8,400,500,24,0.2488865315212282,0.009690741703882594,2.316504109587558
scene0029_01,1883,425,8,400,500,25,0.2485907177259672,0.007275828728053101,2.2595525892676984
scene0029_01,1887,426,8,400,500,26,0.247165587346031,0.012371900602330115,2.1281621547341443
scene0029_01,1891,427,8,400,500,27,0.24548266244989536,0.006815103268345969,2.0519503864016513
scene0029_01,1896,428,8,400,500,28,0.24215882057238625,0.007144583986653251,2.220917254059928
scene0029_01,1900,429,8,400,500,29,0.2369987688431432,0.007659295825545896,1.9583049415879001
scene0029_01,1905,430,8,400,500,30,0.23836993714640353,0.006277833725080369,2.3370786774520895
scene0029_01,1909,431,8,400,500,31,0.23760029423908402,0.006893220041856767,2.2554877019154778
scene0029_01,1914,432,8,400,500,32,0.23353382324400052,0.0022966308601853626,2.165251202303323
scene0029_01,1918,433,8,400,500,33,0.23392715820048937,0.0028258287875923614,2.1742763022864144
scene0029_01,1922,434,8,400,500,34,0.23229112584949196,0.0030835461672099624,2.077260587409577
scene0029_01,1927,435,8,400,500,35,0.23156804911485795,0.006329967459180863,2.153029932102928
scene0029_01,1931,436,8,400,500,36,0.23021043055073764,0.011885912261387627,1.9878527076595427
scene0029_01,1936,437,8,400,500,37,0.2302665923480316,0.007815642255099403,1.759719833612113
scene0029_01,1940,438,8,400,500,38,0.22990232421278112,0.01647448195728354,1.6891061777770497
scene0029_01,1945,439,8,400,500,39,0.22639028038144915,0.010279961071446131,1.6702202018668453
scene0029_01,1949,440,8,400,500,40,0.22802802529230637,0.003467374448732149,1.7581547114336995
scene0029_01,1954,441,8,400,500,41,0.22832634769332505,0.0057568569664517635,1.7540615089645228
scene0029_01,1958,442,8,400,500,42,0.22697177508861244,0.017279196693128218,1.6405130035797448
scene0029_01,1962,443,8,400,500,43,0.22988686953299597,0.028815619242193398,1.8912946932164234
scene0029_01,1967,444,8,400,500,44,0.23052229007297886,0.030343236804240503,2.110239030648706
scene0029_01,1971,445,8,400,500,45,0.23435542187892877,0.023779764161118332,2.301854762744583
scene0029_01,1976,446,8,400,500,46,0.2401402127697203,0.009446772102578996,2.2171830883626886
scene0029_01,1980,447,8,400,500,47,0.24108775637296698,0.0068428690898366075,2.2313539791008394
scene0029_01,1985,448,8,400,500,48,0.2413793729753414,0.008520731761092512,2.3368975440052844
scene0029_01,1989,449,8,400,500,49,0.2445013425048872,0.010751874627935058,2.275302188304316
scene0029_01,1993,450,8,400,500,49,0.24857509567489977,0.018096690670927406,2.5993161791995973
scene0029_01,1998,451,8,400,500,48,0.24829522711207108,0.012449108513568811,2.568662550696352
scene0029_01,2002,452,8,400,500,47,0.2488385336468184,0.017027390056539412,2.607907472363907
scene0029_01,2007,453,8,400,500,46,0.24655280234917654,0.01511825616333623,2.534362225779859
scene0029_01,2011,454,8,400,500,45,0.24736918913673944,0.01652265427952555,2.7253827960834522
scene0029_01,2016,455,8,400,500,44,0.24934723183750784,0.021248118545444384,2.563122756471482
scene0029_01,2020,456,8,400,500,43,0.25025061486552524,0.014191987877627548,2.666228664079532
scene0029_01,2024,457,8,400,500,42,0.24682942528615726,0.014942422210643696,2.7045873549665216
scene0029_01,2029,458,8,400,500,41,0.24566355981016386,0.015211939034223538,2.744501006228801
scene0029_01,2033,459,8,400,500,40,0.2430302019745756,0.011455023657433297,2.7766537938868208
scene0029_01,2038,460,8,400,500,39,0.24169895041364442,0.012905711081850733,2.5308967661038824
scene0029_01,2042,461,8,400,500,38,0.24439090198747526,0.00929597053673164,2.220221441306975
scene0029_01,2047,462,8,400,500,37,0.24221419753181528,0.008116357572970821,2.313652695104847
scene0029_01,2051,463,8,400,500,36,0.2395853079616832,0.013334706552345824,2.3111985842653056
scene0029_01,2055,464,8,400,500,35,0.23228547194150795,0.00965507222638955,2.0897271280248604
scene0029_01,2060,465,8,400,500,34,0.23475544980262542,0.022574881135281773,2.2574565722042617
scene0029_01,2064,466,8,400,500,33,0.23423191941325494,0.007113301627112271,2.187217392842029
scene0029_01,2069,467,8,400,500,32,0.23466182440703443,0.009928757412144195,2.2377988132446465
scene0029_01,2073,468,8,400,500,31,0.2358505880011471,0.006135288838530877,2.1953575000873613
scene0029_01,2078,469,8,400,500,30,0.23602577716056095,0.014698332468252646,2.262122777806017
scene0029_01,2082,470,8,400,500,29,0.23688029945560674,0.007321903505244309,2.3749809949544396
scene0029_01,2086,471,8,400,500,28,0.23911161365196032,0.01016771809042007,2.381710924895431
scene0029_01,2091,472,8,400,500,27,0.23907455035001557,0.009234264045637286,2.457891107049945
scene0029_01,2095,473,8,400,500,26,0.2391689433099622,0.009490915978227692,2.4844980827263456
scene0029_01,2100,474,8,400,500,25,0.23951679494607236,0.006785244949293292,2.432462541246092
scene0029_01,2104,475,8,400,500,24,0.2393925067002407,0.007357105525401053,2.2897531893976555
scene0029_01,2109,476,8,400,500,23,0.2452954666806455,0.005012830240553924,2.369292188125364
scene0029_01,2113,477,8,400,500,22,0.24733455055291076,0.004982672492655705,2.4470004817911035
scene0029_01,2117,478,8,400,500,21,0.24345998136965408,0.006639614107984637,2.579143240242443
scene0029_01,2122,479,8,400,500,20,0.24538856005297704,0.005572325031444231,2.466271497908574
scene0029_01,2126,480,8,400,500,19,0.2459344331251092,0.01266572312590923,2.394750407712485
scene0029_01,2131,481,8,400,500,18,0.24702147024711052,0.008508858674468309,2.5060762019039315
scene0029_01,2135,482,8,400,500,17,0.25093190433748136,0.010268449116905862,2.3045314161618813
scene0029_01,2140,483,8,400,500,16,0.2543634333090625,0.009501963578479392,2.4581440335531135
scene0029_01,2144,484,8,400,500,15,0.25521656400605774,0.00801435117110268,2.3551364491891693
scene0029_01,2148,485,8,400,500,14,0.25439128913816067,0.005741757909944672,2.353651643952048
scene0029_01,2153,486,8,400,500,13,0.24981196829469987,0.0050692658618439225,2.4895677147033073
scene0029_01,2157,487,8,400,500,12,0.24852455426161146,0.0065094188473294465,2.4083357206730525
scene0029_01,2162,488,8,400,500,11,0.25221329578036855,0.009266016829376156,2.2679933022285965
scene0029_01,2166,489,8,400,500,10,0.2491117727094786,0.008283005201037396,2.228830299466664
scene0029_01,2171,490,8,400,500,9,0.2533416591867337,0.00609891898647731,2.1697515348737553
scene0029_01,2175,491,8,400,500,8,0.2563073154807046,0.006100194783807297,2.181259553418821
scene0029_01,2179,492,8,400,500,7,0.2554726499258877,0.005524710068145544,2.2632984936336156
scene0029_01,2184,493,8,400,500,6,0.2608107278213808,0.006093457993036986,1.926036269559818
scene0029_01,2188,494,8,400,500,5,0.26384120592726856,0.0039606108831304904,1.851924122288467
scene0029_01,2193,495,8,400,500,4,0.26411411584113687,0.005014947305424931,1.9052686549710678
scene0029_01,2197,496,8,400,500,3,0.26807803679556774,0.017888395825080956,1.889379633602652
scene0029_01,2202,497,8,400,500,2,0.2715647276452072,0.02221583637809258,1.9261838547020074
scene0029_01,2206,498,8,400,500,1,0.27135927043879904,0.021304740912741118,1.828992138315531
scene0029_01,2211,499,8,400,500,0,0.27195402614187225,0.015846816491943628,1.8982223908958777
