scene,frame_id,left_window_index,right_window_index,local_local_token_cosine,local_local_pose_translation,local_local_pose_rotation_deg
scene0000_00,558,0,1,0.09672243620223442,0.013969869352265574,0.17464896274725944
scene0000_00,569,0,1,0.09490918155640471,0.006603568105456417,0.29135968083656094
scene0000_00,581,0,1,0.09333227143881695,0.0069056838313964666,0.2815697849503864
scene0000_00,592,0,1,0.09260039872044579,0.008007986482291615,0.3165546148870418
scene0000_00,603,0,1,0.09062143415463786,0.005524368868200323,0.2918349704895062
scene0000_00,614,0,1,0.08972322146991796,0.008752685377433568,0.3827841926614549
scene0000_00,625,0,1,0.09012608312799364,0.010953851513991468,0.302200614391882
scene0000_00,637,0,1,0.08682047018750572,0.005629805312202445,0.2897615898488921
scene0000_00,648,0,1,0.08495919596429069,0.002334513974141574,0.31403631007608257
scene0000_00,659,0,1,0.08983329636539072,0.014483374075628715,0.40273020035971696
scene0000_00,670,0,1,0.09016768171120226,0.007759895847215069,0.2501204244750993
scene0000_00,681,0,1,0.0916954827657479,0.007183291787571011,0.20351713156526097
scene0000_00,692,0,1,0.08868327469161164,0.007598119250379419,0.6168700825486615
scene0000_00,704,0,1,0.08701704013971545,0.005970099421681319,0.5733072335151256
scene0000_00,715,0,1,0.08783059066406262,0.008616633340639572,0.4693047725602256
scene0000_00,726,0,1,0.08979655610926418,0.009685556363634816,0.47855110238956067
scene0000_00,737,0,1,0.0875589069663203,0.009735025199446546,0.3355834481610901
scene0000_00,748,0,1,0.08302288544526881,0.007755663862190567,0.6102844679310936
scene0000_00,759,0,1,0.07999404816913902,0.01163459463173591,0.6415073658914167
scene0000_00,771,0,1,0.07806679113371517,0.00586238980929903,0.7822294003832722
scene0000_00,782,0,1,0.07703078419645215,0.006784095654471541,0.6153421998743136
scene0000_00,793,0,1,0.07755826862993764,0.004303536470109412,0.6705452535812965
scene0000_00,804,0,1,0.0789325659611444,0.005226177893342085,0.7584247172798739
scene0000_00,815,0,1,0.08055394398659077,0.007168420026816682,0.6104747859258685
scene0000_00,827,0,1,0.08283743501521479,0.011132530521660392,0.5185928234315769
scene0000_00,838,0,1,0.08555835132163603,0.015952910387470327,0.3853510407852988
scene0000_00,849,0,1,0.0863792544065729,0.0071905888412012245,0.30849039352483165
scene0000_00,860,0,1,0.08750465080588699,0.006848278165850449,0.2896698379518168
scene0000_00,871,0,1,0.09098906633127812,0.007907439107434423,0.482395713434805
scene0000_00,882,0,1,0.09402323679766644,0.018007546695985328,0.5573678910212293
scene0000_00,894,0,1,0.09852852189653749,0.017680245375216272,0.4985985869626611
scene0000_00,905,0,1,0.10269633727246563,0.011896593406267603,0.30935567510228634
scene0000_00,916,0,1,0.10122057397902984,0.00248728111247172,0.4952749420883404
scene0000_00,927,0,1,0.10407012297408691,0.005586475314869579,0.35556355251123084
scene0000_00,938,0,1,0.10306471900206671,0.005193067886041792,0.4057479910824315
scene0000_00,949,0,1,0.10806068556097537,0.025998654665720235,0.26328575411973754
scene0000_00,961,0,1,0.10272013789503887,0.016143229294759476,0.18336232660395646
scene0000_00,972,0,1,0.10047751575155872,0.017031769194036827,0.6459600140976521
scene0000_00,983,0,1,0.09776206688987477,0.005864292484139461,1.0332884867055332
scene0000_00,994,0,1,0.10117579999738757,0.008952863774397567,0.7917106213543276
scene0000_00,1005,0,1,0.10453353898040851,0.005564582437150049,0.32856265683242436
scene0000_00,1017,0,1,0.1070810790568808,0.01538879338233623,0.33614780818590095
scene0000_00,1028,0,1,0.10557291157113546,0.013823642685135371,0.4422543190318565
scene0000_00,1039,0,1,0.1082150174975427,0.005890134774491062,0.42917779867541805
scene0000_00,1050,0,1,0.10768020187433214,0.014555977157513559,0.27313951863381913
scene0000_00,1061,0,1,0.10622350207225173,0.007449280525424482,0.5746551507724494
scene0000_00,1072,0,1,0.10315949233067956,0.008424815091368748,0.542802595163901
scene0000_00,1084,0,1,0.10183581059934887,0.007233502648539835,0.5988812446691638
scene0000_00,1095,0,1,0.10249920239707755,0.003765962046887559,0.36366015605346313
scene0000_00,1106,0,1,0.11091858759757245,0.007947752023654069,0.34126102764410876
scene0000_00,1117,1,2,0.22181518735343198,0.0069290190258740015,2.1024978987458285
scene0000_00,1128,1,2,0.22874220504875054,0.003928535954711344,2.0547841545911365
scene0000_00,1139,1,2,0.23499146816637628,0.010554198474973723,2.166599986068611
scene0000_00,1151,1,2,0.23776777861951626,0.017484644675535458,2.3789688122563044
scene0000_00,1162,1,2,0.2334179953177885,0.013936746759143104,2.36753794820862
scene0000_00,1173,1,2,0.2299453147980446,0.017002156420367454,2.406955153084462
scene0000_00,1184,1,2,0.22805540669053315,0.015461012056199602,2.583641921916169
scene0000_00,1195,1,2,0.22593004507450087,0.01633495830290825,2.372561335673545
scene0000_00,1207,1,2,0.22235223763874623,0.021476311295262385,2.516369878623946
scene0000_00,1218,1,2,0.22399070335375681,0.026190260799649888,2.545964197123963
scene0000_00,1229,1,2,0.22096677368280027,0.02359774962630074,2.5366397374370973
scene0000_00,1240,1,2,0.22018951334803005,0.028040624278662607,2.574287114193299
scene0000_00,1251,1,2,0.22701951657613728,0.02305168910220844,2.7030550139374427
scene0000_00,1262,1,2,0.22736994725254112,0.017357874893967784,2.366358812095719
scene0000_00,1274,1,2,0.22701315874502415,0.01954909172824509,2.5394375880701796
scene0000_00,1285,1,2,0.22535788522111044,0.025384527762874382,2.622309095277214
scene0000_00,1296,1,2,0.23008521939947113,0.025925181953769083,2.5149741586372407
scene0000_00,1307,1,2,0.22934620070394884,0.015460886726572138,2.370393131719264
scene0000_00,1318,1,2,0.2320848249510047,0.019723251774929677,2.269444461542908
scene0000_00,1329,1,2,0.23000795903425364,0.015731290789544067,2.0881280911341302
scene0000_00,1341,1,2,0.22591860403677355,0.012142547301050972,2.071749945086053
scene0000_00,1352,1,2,0.22905779484984,0.009596591491795902,2.316718950934831
scene0000_00,1363,1,2,0.2323329893778192,0.014612360007543571,2.302002400528293
scene0000_00,1374,1,2,0.23172401516524443,0.01743376177784368,2.3569177275511253
scene0000_00,1385,1,2,0.23091423180574822,0.016258342924475578,2.637458069154964
scene0000_00,1397,1,2,0.2347157679226154,0.008933674948520508,2.2470806723415886
scene0000_00,1408,1,2,0.23838132523473643,0.007779701087895001,2.1307052155303947
scene0000_00,1419,1,2,0.24157298682955086,0.01029992951456717,2.147309762717266
scene0000_00,1430,1,2,0.2487813564163316,0.009583582560924151,1.9776405701016082
scene0000_00,1441,1,2,0.25429955344417454,0.00737576550829625,2.00190166387254
scene0000_00,1452,1,2,0.24337491108199072,0.015179754125353977,2.730986877246703
scene0000_00,1464,1,2,0.24224650126591163,0.029325832312651498,3.376280612774339
scene0000_00,1475,1,2,0.23939435003902987,0.037340658724132704,3.475194101914708
scene0000_00,1486,1,2,0.23801256269568705,0.05948035535533364,4.807090497383579
scene0000_00,1497,1,2,0.24103800474697823,0.06224146458578968,4.97808110743578
scene0000_00,1508,1,2,0.24492251531240994,0.020644626382612608,3.5267458566494883
scene0000_00,1519,1,2,0.2514311431002585,0.022637647609480283,2.7000679549286084
scene0000_00,1531,1,2,0.24579520825963086,0.006317742707011579,1.6811578304789148
scene0000_00,1542,1,2,0.24897276885979824,0.004324869060762888,1.883732830016506
scene0000_00,1553,1,2,0.23534987801628726,0.006233859372140632,1.9440017013535476
scene0000_00,1564,1,2,0.2348465630787686,0.007194838215347579,2.343256586127485
scene0000_00,1575,1,2,0.244882284435197,0.020666539316707765,2.410118597644053
scene0000_00,1587,1,2,0.2395414606648889,0.021006720819585843,2.586086199353105
scene0000_00,1598,1,2,0.23656091872017537,0.013992346803822884,1.8990103733939228
scene0000_00,1609,1,2,0.2210273779726517,0.005766312836253693,3.4074331508225226
scene0000_00,1620,1,2,0.222214992318573,0.016346164182654627,3.8845822287833847
scene0000_00,1631,1,2,0.2196823375667567,0.02628330600440594,3.4107946931189304
scene0000_00,1642,1,2,0.22508109552039546,0.05582518970281717,4.560613660510714
scene0000_00,1654,1,2,0.24007211535340112,0.04894476852788967,2.677806584665999
scene0000_00,1665,1,2,0.26927045767682745,0.04831544285458431,2.4351011234800333
scene0000_00,1676,2,3,0.22959912347837474,0.022311234831512164,2.148865240040204
scene0000_00,1687,2,3,0.23061387878501793,0.020203962972100746,2.3228825731287728
scene0000_00,1698,2,3,0.22837315227518773,0.0196380328081177,2.3688696704302203
scene0000_00,1709,2,3,0.22131597083598153,0.02126355908186506,2.282018196050469
scene0000_00,1721,2,3,0.21691834481626437,0.016266504819882614,2.226067789840158
scene0000_00,1732,2,3,0.21664310597738368,0.018808998934392408,2.2353036018022707
scene0000_00,1743,2,3,0.2173859035881026,0.018936176375661435,2.04670630185133
scene0000_00,1754,2,3,0.21491280169044957,0.016722936872774374,1.9968285431599377
scene0000_00,1765,2,3,0.223657268420433,0.017973438271183563,1.8443648985325276
scene0000_00,1777,2,3,0.23365012345211644,0.014066231809235096,2.057494739000422
scene0000_00,1788,2,3,0.22915319558946767,0.017736886783090537,2.4358073166509837
scene0000_00,1799,2,3,0.22931845958499497,0.009740910129578128,2.237915207882322
scene0000_00,1810,2,3,0.22605719043806327,0.01151925818430438,2.403155459389762
scene0000_00,1821,2,3,0.2237431605010315,0.009564558275226875,2.2643597014570584
scene0000_00,1832,2,3,0.221991328970487,0.01035659874308802,2.4002520590069327
scene0000_00,1844,2,3,0.23048126740064867,0.006006836947387575,2.017834161033643
scene0000_00,1855,2,3,0.22746039472831714,0.0049201319070039055,2.0507782593160004
scene0000_00,1866,2,3,0.22791931906669427,0.020600236639169274,2.515487245959935
scene0000_00,1877,2,3,0.22826068613177886,0.020116638883208946,2.742257282356308
scene0000_00,1888,2,3,0.2231212497765649,0.011760733875746311,2.3560370805656565
scene0000_00,1899,2,3,0.21984444553449634,0.00818431192794858,2.304332769218376
scene0000_00,1911,2,3,0.2213224503705904,0.007766130031793637,2.000842081446886
scene0000_00,1922,2,3,0.22333326116369934,0.01591610102335744,2.4065459322084024
scene0000_00,1933,2,3,0.2174898053522223,0.01744362815441652,2.351278884374385
scene0000_00,1944,2,3,0.22197067603817344,0.016104450375895602,2.3148145682176877
scene0000_00,1955,2,3,0.22312504025441204,0.017354989484098124,2.1763551723977104
scene0000_00,1967,2,3,0.22196993869267068,0.017334537078466945,2.3317120530619886
scene0000_00,1978,2,3,0.2255510643467169,0.012626723016594373,2.066900941353265
scene0000_00,1989,2,3,0.22255610212531152,0.01955340425730523,2.5003718076097012
scene0000_00,2000,2,3,0.22432385114875242,0.01640895733990233,2.420665371314334
scene0000_00,2011,2,3,0.23502486382418497,0.0160329015852319,2.169935642629914
scene0000_00,2022,2,3,0.2486454476963924,0.015192620765180477,2.4319937580282267
scene0000_00,2034,2,3,0.2482689979779349,0.010785025704369925,2.7586808300452104
scene0000_00,2045,2,3,0.419469593531116,0.011405348270391137,3.19877527564183
scene0000_00,2056,2,3,0.4523697206048869,0.01467427223330141,3.034861432592156
scene0000_00,2067,2,3,0.4922751988875783,0.017883673071856076,3.586459729260712
scene0000_00,2078,2,3,0.5110483407889838,0.021562334262557697,3.9579966299649914
scene0000_00,2089,2,3,0.5097100377789652,0.020849884192901087,3.073321449950282
scene0000_00,2101,2,3,0.5228280551182249,0.02087668149242946,3.1622388640225654
scene0000_00,2112,2,3,0.5451706162135209,0.022098361072742278,4.227908955772142
scene0000_00,2123,2,3,0.5678437158752938,0.03182784314159014,2.74665453005181
scene0000_00,2134,2,3,0.5723443399376931,0.014626906553059961,2.2429311844265447
scene0000_00,2145,2,3,0.5631877169872239,0.019556775456130496,2.9623242042807725
scene0000_00,2157,2,3,0.5383200542263484,0.012769564753899464,2.638519952679775
scene0000_00,2168,2,3,0.3162662540846618,0.015138936588534654,4.027946821642296
scene0000_00,2179,2,3,0.2528703213004386,0.024594782314527185,3.414049013363425
scene0000_00,2190,2,3,0.2343324991637511,0.019483442023421827,2.494613686795782
scene0000_00,2201,2,3,0.20941200477156297,0.02324315690041645,3.1480991812442998
scene0000_00,2212,2,3,0.2016511497133815,0.023726520303041804,3.4890396613058763
scene0000_00,2224,2,3,0.2199329568469086,0.029629309246037485,3.1077704165265128
scene0000_00,2235,3,4,0.6158427665738658,0.039116387261682956,5.6314993862713445
scene0000_00,2246,3,4,0.6255856175089105,0.0426446677188044,6.046945557172414
scene0000_00,2257,3,4,0.6340166303021314,0.043278500128806234,5.088263179982698
scene0000_00,2268,3,4,0.623777781706583,0.05958339305883601,7.442983570334853
scene0000_00,2279,3,4,0.6174359809753533,0.0654942759474376,6.58849292752617
scene0000_00,2291,3,4,0.6090633524660205,0.04206370780599307,7.589789959426577
scene0000_00,2302,3,4,0.6156703493818682,0.03902134317791262,6.938875566927529
scene0000_00,2313,3,4,0.632717641160541,0.047012939012479514,7.414179075936159
scene0000_00,2324,3,4,0.6877989261342012,0.026341759875647037,5.704493059178208
scene0000_00,2335,3,4,0.8167980968920144,0.021496165703973443,2.746261269804332
scene0000_00,2347,3,4,0.8343233082596387,0.02562133844725729,4.658610715941885
scene0000_00,2358,3,4,0.8491224819523813,0.048435312186828894,2.3611766504829
scene0000_00,2369,3,4,0.8350743885619266,0.039005207804914635,2.1966166242144682
scene0000_00,2380,3,4,0.8344842608908906,0.041576336976453306,2.3299574216865997
scene0000_00,2391,3,4,0.8097510571799543,0.020002489520234666,5.7048945042482995
scene0000_00,2402,3,4,0.8044644304615582,0.014870857104376765,6.034580780981487
scene0000_00,2414,3,4,0.7883154278935471,0.023818770379820012,5.819003852934728
scene0000_00,2425,3,4,0.7653953644484928,0.03581555046734013,6.9859963880281155
scene0000_00,2436,3,4,0.7502912801421928,0.020055847244428163,5.417716302808522
scene0000_00,2447,3,4,0.7480401734708237,0.018414233216302266,5.5099436960658625
scene0000_00,2458,3,4,0.7528968899582446,0.02273174413306751,5.3335153064303045
scene0000_00,2469,3,4,0.7515428374383453,0.022018824923358323,4.626351837924836
scene0000_00,2481,3,4,0.753036949924669,0.01600886652970624,4.800431809138273
scene0000_00,2492,3,4,0.752946400315444,0.009177926025776632,5.457770296213635
scene0000_00,2503,3,4,0.7588594062805933,0.018081999953930793,5.036517043571062
scene0000_00,2514,3,4,0.7561306485503799,0.016985771590459536,5.759719091250668
scene0000_00,2525,3,4,0.7575509897648864,0.021694151708239146,6.729115056795675
scene0000_00,2537,3,4,0.7539917605165065,0.04152448227040006,7.798755730117483
scene0000_00,2548,3,4,0.7607294687140824,0.03339613670834731,6.262375724138662
scene0000_00,2559,3,4,0.7548322685090941,0.03772335361936351,7.840081436861219
scene0000_00,2570,3,4,0.73809062665869,0.026831105622880377,7.362156339027889
scene0000_00,2581,3,4,0.7281764118000169,0.005618213139263253,6.009458509964951
scene0000_00,2592,3,4,0.733771820079115,0.026947127091492853,5.912095762976062
scene0000_00,2604,3,4,0.735680985999666,0.02032809877857356,5.985662010001125
scene0000_00,2615,3,4,0.7279627820651801,0.015335207033258674,5.846915706372059
scene0000_00,2626,3,4,0.7296704438665513,0.017577358868932406,5.808209762774902
scene0000_00,2637,3,4,0.7063355662715647,0.012785513047386008,6.140477756785796
scene0000_00,2648,3,4,0.6913631663100503,0.01848247813595882,6.574290485076012
scene0000_00,2659,3,4,0.681331192484516,0.011034237906019269,6.902774237320823
scene0000_00,2671,3,4,0.5426653357201174,0.025323314817555422,8.11305607995184
scene0000_00,2682,3,4,0.5386576159895633,0.010555603525260209,6.414491540496445
scene0000_00,2693,3,4,0.544038877763459,0.008613264399144388,6.187142189211655
scene0000_00,2704,3,4,0.5415754489541986,0.02305432501959506,6.669094798077788
scene0000_00,2715,3,4,0.5474232098510132,0.02534444283260503,6.9830978339039325
scene0000_00,2727,3,4,0.5394987668478155,0.026831080206509886,7.394892958586703
scene0000_00,2738,3,4,0.5390214945373752,0.016970499640995784,8.09275022742567
scene0000_00,2749,3,4,0.6404337347486215,0.014794500792776093,6.619827719506721
scene0000_00,2760,3,4,0.6584797213852386,0.022559587875945232,6.293756675438801
scene0000_00,2771,3,4,0.6556707985450486,0.03197680606219365,6.266778976878222
scene0000_00,2782,3,4,0.5787599477310579,0.015368027974239645,8.527988994259244
scene0000_00,2794,4,5,0.748802803362339,0.0952854196236154,2.4598158705086774
scene0000_00,2805,4,5,0.7520504534694126,0.05976333237311837,3.721982827270913
scene0000_00,2816,4,5,0.731804489533673,0.014365987059818503,1.5186924799039128
scene0000_00,2827,4,5,0.730486253743293,0.03269668009781852,0.5983754400813823
scene0000_00,2838,4,5,0.7268060300399396,0.02794119927677923,1.1054203301067438
scene0000_00,2849,4,5,0.7496838119550127,0.02570694185380718,1.0102864336548874
scene0000_00,2861,4,5,0.7574529853636979,0.012841017314373742,0.8619791491569027
scene0000_00,2872,4,5,0.762881456951365,0.02045271540218091,0.8643773168589304
scene0000_00,2883,4,5,0.7663355005114647,0.02136073935049998,0.8491012775248982
scene0000_00,2894,4,5,0.7778436195493587,0.02293584095806034,0.9404103255302293
scene0000_00,2905,4,5,0.7758960647414218,0.01963393051304108,0.5684752491889972
scene0000_00,2917,4,5,0.7739041274536809,0.033441587577810156,1.3802777373738768
scene0000_00,2928,4,5,0.7710367942699893,0.03966277912029704,0.9133132828523792
scene0000_00,2939,4,5,0.7704051296378894,0.05378085612228764,1.595698926571892
scene0000_00,2950,4,5,0.7630184131493651,0.048506744442407095,0.7440438573195525
scene0000_00,2961,4,5,0.7650049586688297,0.053860128799321144,1.0995174901516462
scene0000_00,2972,4,5,0.7549737061082378,0.03616753011628352,0.49902987549201044
scene0000_00,2984,4,5,0.7424389228848872,0.039253033375611715,0.9424020739420145
scene0000_00,2995,4,5,0.7240606465631939,0.033062735518611525,1.4236996282542869
scene0000_00,3006,4,5,0.7100601145505128,0.03579897916965275,2.0482307396361366
scene0000_00,3017,4,5,0.6874956049655827,0.023456822307618364,2.1389885283063346
scene0000_00,3028,4,5,0.6568437487848734,0.032461638338292596,1.4734853224441795
scene0000_00,3039,4,5,0.6560282141969346,0.030118863699251843,1.0982863557595661
scene0000_00,3051,4,5,0.653053956319732,0.035152992022603156,0.6915536977630014
scene0000_00,3062,4,5,0.6397227470189225,0.017463363697881703,1.0995867818503822
scene0000_00,3073,4,5,0.6432893252438326,0.02816158032644438,0.884046597904089
scene0000_00,3084,4,5,0.6229646485145688,0.033832447017370815,1.4163685057563653
scene0000_00,3095,4,5,0.615438884051809,0.011196452883099254,0.8968944423939099
scene0000_00,3107,4,5,0.6127715798044178,0.022269108870052547,2.220549980940585
scene0000_00,3118,4,5,0.6296079321534839,0.012689816683788964,0.7836923175017813
scene0000_00,3129,4,5,0.6225385000983267,0.014816368427757557,1.4424459653647816
scene0000_00,3140,4,5,0.6432216730044665,0.023957700806493426,2.6532299590570534
scene0000_00,3151,4,5,0.6651552691545701,0.031206435733300158,1.4368944744954355
scene0000_00,3162,4,5,0.6828753620060433,0.03169304259237117,1.757949763914234
scene0000_00,3174,4,5,0.6860978703259677,0.017833040749015566,1.999319504145655
scene0000_00,3185,4,5,0.703933429599916,0.021228975811790375,1.6160040348821276
scene0000_00,3196,4,5,0.703904993753338,0.026832749052730958,2.124718415593768
scene0000_00,3207,4,5,0.6789145122523392,0.04211009753213966,2.1288119678061586
scene0000_00,3218,4,5,0.6382977702112527,0.02317395762011007,1.5916317953149566
scene0000_00,3229,4,5,0.6255297294691129,0.03614354031656469,1.6332668944624282
scene0000_00,3241,4,5,0.6105594800603346,0.05203961226314901,2.62043687224261
scene0000_00,3252,4,5,0.6250859864334283,0.039321651803250535,1.8492726658786998
scene0000_00,3263,4,5,0.6334149593000641,0.03211435270690614,1.9380630247459536
scene0000_00,3274,4,5,0.692721700888872,0.032540968441613576,1.5830118934868496
scene0000_00,3285,4,5,0.6968050966701792,0.02024292527903028,2.1682305412926284
scene0000_00,3297,4,5,0.7169591971902994,0.02385941807725532,0.6904772399870057
scene0000_00,3308,4,5,0.7167958384838821,0.022270245698755433,0.4800320580231075
scene0000_00,3319,4,5,0.7094629948674249,0.011237139432110325,1.3399416369760493
scene0000_00,3330,4,5,0.7321990668785177,0.043766731921222164,0.9251867882663615
scene0000_00,3341,4,5,0.7337885566287203,0.052698192734902366,1.555686175693786
scene0000_00,3352,5,6,0.6080219834248265,0.0686681770392569,2.8217466029519747
scene0000_00,3364,5,6,0.6091104293820965,0.06868083312419145,2.3200226580000547
scene0000_00,3375,5,6,0.610360742557992,0.05589843077492979,3.0794692277017646
scene0000_00,3386,5,6,0.620281133189595,0.04402300777956472,2.333800437994336
scene0000_00,3397,5,6,0.6461192035200892,0.027154129544742788,2.149829794103126
scene0000_00,3408,5,6,0.6541848053793538,0.04318281477672873,3.5260535295352744
scene0000_00,3419,5,6,0.7095876862252264,0.05166719258326061,3.5667680901328884
scene0000_00,3431,5,6,0.7030486203605526,0.016826565150677084,3.266561604342222
scene0000_00,3442,5,6,0.7394022212276108,0.013431101928241242,3.5817131584164077
scene0000_00,3453,5,6,0.7384174443806493,0.017200010987940634,2.609018319174343
scene0000_00,3464,5,6,0.7434409806558953,0.0338816831265197,1.9042731847990275
scene0000_00,3475,5,6,0.7565685978922588,0.04305505463945876,1.8471635559982207
scene0000_00,3487,5,6,0.7674600355504121,0.07944843881410776,2.7946517438728034
scene0000_00,3498,5,6,0.7716730926418802,0.016856776446159318,1.2411933061456522
scene0000_00,3509,5,6,0.7615059962067952,0.029206632234218346,1.4225186254292932
scene0000_00,3520,5,6,0.7554423742706826,0.0069763887549882135,1.8518125723682448
scene0000_00,3531,5,6,0.7615675403290997,0.024495991206583564,1.7565384777354487
scene0000_00,3542,5,6,0.7690001194882434,0.025945670122825934,1.4608245735886372
scene0000_00,3554,5,6,0.7598082581127958,0.018940360664245492,2.846629817714505
scene0000_00,3565,5,6,0.768009702981257,0.017321701973850846,2.9523471871346234
scene0000_00,3576,5,6,0.773230025186344,0.006260125975825063,2.2722598782128904
scene0000_00,3587,5,6,0.7800438452991347,0.016347983069325746,1.8367388723375766
scene0000_00,3598,5,6,0.7701782333314209,0.020405131437946585,2.953678815919011
scene0000_00,3609,5,6,0.7807784147907859,0.008379891928243444,1.2881635257969222
scene0000_00,3621,5,6,0.7869755906168322,0.013502257897723477,1.713004632423722
scene0000_00,3632,5,6,0.7874075134989618,0.01157228569841936,1.812356667679619
scene0000_00,3643,5,6,0.7834172979899078,0.012102348623324351,1.8135470941497123
scene0000_00,3654,5,6,0.7741817092219732,0.031216866080861258,2.497501589269569
scene0000_00,3665,5,6,0.7693823892247541,0.009444639433160996,2.1550951863136527
scene0000_00,3677,5,6,0.7685349830295146,0.009215231996371382,3.3089560946084973
scene0000_00,3688,5,6,0.773585523039021,0.02056334145665522,2.808776903043649
scene0000_00,3699,5,6,0.7657591730899082,0.005906947011054426,3.4427176106762123
scene0000_00,3710,5,6,0.7765535459061611,0.007363680967188446,3.2074887355978206
scene0000_00,3721,5,6,0.7762425726274357,0.013622279018748885,3.0977822422113706
scene0000_00,3732,5,6,0.7802826990500448,0.02601470887992349,3.486251310201094
scene0000_00,3744,5,6,0.7724460358418339,0.036796167833482135,4.1415593378494
scene0000_00,3755,5,6,0.7728766134232947,0.03360930076719511,3.2512289648887593
scene0000_00,3766,5,6,0.7717596243495086,0.035319423581652,3.38252103537301
scene0000_00,3777,5,6,0.7821823030163916,0.028798189581125653,2.7789945379076633
scene0000_00,3788,5,6,0.7797851071450308,0.02858374891174059,3.177358161340066
scene0000_00,3799,5,6,0.7714729477644957,0.01646684842284703,3.6272664758038293
scene0000_00,3811,5,6,0.7559456932737489,0.030829010937910406,9.602788800560983
scene0000_00,3822,5,6,0.755280491047534,0.04660723111564523,8.085985705861237
scene0000_00,3833,5,6,0.7383587996908176,0.032510578094820976,10.13246548025176
scene0000_00,3844,5,6,0.7564902374186215,0.06289220158654411,5.334432269702375
scene0000_00,3855,5,6,0.7649514654743239,0.02733960990990374,3.1192571906319544
scene0000_00,3867,5,6,0.7761265824698639,0.0257963329144957,3.980276342906178
scene0000_00,3878,5,6,0.7804611898637703,0.028340539609103342,1.594305692841696
scene0000_00,3889,5,6,0.7808005200336698,0.015020286974642545,2.327267981912133
scene0000_00,3900,5,6,0.7957257934184643,0.034487198175456216,5.340653803673771
scene0000_00,3911,6,7,0.4022424611873582,0.01763495276612908,3.5623758340104503
scene0000_00,3922,6,7,0.3973821375459685,0.020423488692422418,3.572853660648646
scene0000_00,3934,6,7,0.403462351909082,0.015644225771336645,5.143575604775395
scene0000_00,3945,6,7,0.38863093214237676,0.020430543320597388,5.166845866873735
scene0000_00,3956,6,7,0.39201037302530506,0.02730755389171827,6.390098382680573
scene0000_00,3967,6,7,0.38798851185697725,0.019209774617709025,6.323911692235971
scene0000_00,3978,6,7,0.3964506196396105,0.010667919368434324,6.371317721792625
scene0000_00,3989,6,7,0.3981562033953592,0.04956829637620234,6.876582048752077
scene0000_00,4001,6,7,0.39734461869988946,0.026804433730149707,5.919648648960588
scene0000_00,4012,6,7,0.40746327722301845,0.04660873961392683,6.533807587325783
scene0000_00,4023,6,7,0.4040527751210008,0.016861186246558763,5.6104557227369884
scene0000_00,4034,6,7,0.3842038057813647,0.009972529876237986,5.182595598242517
scene0000_00,4045,6,7,0.36220123079191935,0.018216333025971997,7.60536891878837
scene0000_00,4057,6,7,0.33757740477010034,0.03280096099130877,7.577103315714137
scene0000_00,4068,6,7,0.33157417655982413,0.03373285566208392,6.184296330535355
scene0000_00,4079,6,7,0.33634239769299534,0.028037720374857685,7.24467734140321
scene0000_00,4090,6,7,0.3454734463709761,0.016584849127723667,6.523103912047672
scene0000_00,4101,6,7,0.34810204350085294,0.01564270623654603,5.9241438293585205
scene0000_00,4112,6,7,0.3583927221830092,0.016701243717681124,5.003292142295207
scene0000_00,4124,6,7,0.36449548563413803,0.014555293725744786,5.411798980748365
scene0000_00,4135,6,7,0.36717353739543734,0.008011739113557887,4.992968598143373
scene0000_00,4146,6,7,0.3652352237701999,0.009479931667508773,4.821605877318952
scene0000_00,4157,6,7,0.37963471195577425,0.006264655327093426,4.518202545336909
scene0000_00,4168,6,7,0.3924302381824676,0.006124841939365371,5.458538640197368
scene0000_00,4179,6,7,0.395784008067528,0.01061117251955102,4.74821959398626
scene0000_00,4191,6,7,0.39573157333406317,0.013641920955222857,5.512672240801611
scene0000_00,4202,6,7,0.38746620863594794,0.020335486373880073,5.550397716810372
scene0000_00,4213,6,7,0.371090826075717,0.03707350090838168,6.002954676156927
scene0000_00,4224,6,7,0.34339615115520017,0.047316384262599834,4.564974887017876
scene0000_00,4235,6,7,0.34983084206528225,0.026128513509057184,5.061495542163953
scene0000_00,4247,6,7,0.33460001533145267,0.05189601128086589,4.233224436074326
scene0000_00,4258,6,7,0.34041609685468033,0.03694789862000745,3.8634078083194416
scene0000_00,4269,6,7,0.323180922386052,0.047627804166189135,4.113492819541316
scene0000_00,4280,6,7,0.31735346611845805,0.04471960846502991,3.260322498762296
scene0000_00,4291,6,7,0.35424457807926735,0.015766828694982808,7.31234708505496
scene0000_00,4302,6,7,0.3339360945732084,0.007332027929333753,5.0251651112976345
scene0000_00,4314,6,7,0.32378543429456763,0.02585442270044375,5.107408216170946
scene0000_00,4325,6,7,0.3295084422686261,0.04331609983463287,5.564674916038187
scene0000_00,4336,6,7,0.5310871017800896,0.07792499796045123,11.58207484350569
scene0000_00,4347,6,7,0.5380067954800787,0.0721548097037579,9.893045244751248
scene0000_00,4358,6,7,0.5800098771705937,0.07338731077821471,12.18325101306525
scene0000_00,4369,6,7,0.5025763071376357,0.026579964016239993,10.726425868739213
scene0000_00,4381,6,7,0.31874298036106596,0.029875183180955004,6.566310983087042
scene0000_00,4392,6,7,0.3749119361446245,0.026649396980720774,6.605334725516274
scene0000_00,4403,6,7,0.4899912104090278,0.04620035381453678,11.778023801983244
scene0000_00,4414,6,7,0.5564053843239156,0.03827532439526228,13.792993870403054
scene0000_00,4425,6,7,0.5419217527926178,0.0307100807145993,10.684775028238287
scene0000_00,4437,6,7,0.48446598571965005,0.017969118909116375,8.303458519293207
scene0000_00,4448,6,7,0.5064137173371861,0.013889204886967243,8.034219102947246
scene0000_00,4459,6,7,0.5406902888653506,0.032449106323988376,7.548904261517614
scene0000_00,4470,7,8,0.7888903400694752,0.06468994727460686,10.949611746568314
scene0000_00,4481,7,8,0.7970048745306894,0.053319178253034234,10.328593478214755
scene0000_00,4492,7,8,0.8037024611474004,0.04815347411314435,9.779009209351756
scene0000_00,4504,7,8,0.8090151007702376,0.03340150451128577,9.490393086226916
scene0000_00,4515,7,8,0.809332858646113,0.027751175459473483,9.036654984533875
scene0000_00,4526,7,8,0.806711268290714,0.0320640542968988,8.99599261959559
scene0000_00,4537,7,8,0.8030149440124625,0.028447034288755623,8.70748812975409
scene0000_00,4548,7,8,0.7969958083776535,0.024158128244425203,8.560258185605296
scene0000_00,4559,7,8,0.7950574033885112,0.02724756043750929,6.796934445363415
scene0000_00,4571,7,8,0.7821604475547661,0.03999104267110187,6.71240579057398
scene0000_00,4582,7,8,0.7965411755147488,0.05790994348191917,8.440328198305554
scene0000_00,4593,7,8,0.8190676263744765,0.02705492029841464,8.635075903909609
scene0000_00,4604,7,8,0.8156628632193266,0.017423838050338546,8.45356463897723
scene0000_00,4615,7,8,0.8121541474914848,0.016169133480756107,9.073378934541111
scene0000_00,4627,7,8,0.8141460456552293,0.01541031929238038,9.13281493909301
scene0000_00,4638,7,8,0.8185875740926054,0.03586859475694413,8.787550749988492
scene0000_00,4649,7,8,0.816550695033497,0.0376397157290721,9.3463448010634
scene0000_00,4660,7,8,0.8252614829060085,0.05370699226087176,8.888226103930664
scene0000_00,4671,7,8,0.7987476350588217,0.01324636054009673,10.583780319037308
scene0000_00,4682,7,8,0.7648577356999596,0.03375313306065344,10.995940414035799
scene0000_00,4694,7,8,0.745515283814973,0.005340889532735112,12.067376298586156
scene0000_00,4705,7,8,0.706749543625964,0.013767577517295983,10.824670706552064
scene0000_00,4716,7,8,0.6683495214218543,0.02497570023787722,11.610494008866297
scene0000_00,4727,7,8,0.6730554604244641,0.010214591658073011,11.178464764222868
scene0000_00,4738,7,8,0.6331894787785939,0.013473344744143169,13.539429255957646
scene0000_00,4749,7,8,0.6139366422856831,0.027066216033834634,14.320098721139225
scene0000_00,4761,7,8,0.6181872797794434,0.020638478984360376,14.185251035676052
scene0000_00,4772,7,8,0.6376730001704063,0.008496684350297512,14.348014525599543
scene0000_00,4783,7,8,0.6477397092808476,0.0117635805831984,13.539691637933467
scene0000_00,4794,7,8,0.6788427873115997,0.03492794347144941,10.89913900816754
scene0000_00,4805,7,8,0.7085615046169214,0.02505363378256692,10.346909860730262
scene0000_00,4817,7,8,0.7010147038446632,0.041050368398815706,14.188107609392889
scene0000_00,4828,7,8,0.7997388670920323,0.04527067545352853,10.430148057298913
scene0000_00,4839,7,8,0.80983977279234,0.03868007866683461,9.677689853158963
scene0000_00,4850,7,8,0.815344328409523,0.02690674476840926,9.172085690200364
scene0000_00,4861,7,8,0.809919826203175,0.017410110424400577,9.401672982233244
scene0000_00,4872,7,8,0.7959557869743364,0.03882240119157283,9.877724751856695
scene0000_00,4884,7,8,0.7923711638640822,0.03904065866175891,11.222051903958684
scene0000_00,4895,7,8,0.7922889893826092,0.037819056556979556,10.908525098957956
scene0000_00,4906,7,8,0.8002225116992026,0.04739721825476467,9.909957148982432
scene0000_00,4917,7,8,0.8090213785407945,0.06966623619919382,10.319779715547103
scene0000_00,4928,7,8,0.8084064057842002,0.04102859867673765,11.052295432317376
scene0000_00,4939,7,8,0.7891362550222042,0.05286931682893071,10.717850987111651
scene0000_00,4951,7,8,0.8153471116219286,0.06497521353866452,9.221562464346
scene0000_00,4962,7,8,0.8275976458863539,0.07178129188041613,9.475807289937555
scene0000_00,4973,7,8,0.8657691522261468,0.06150280666437354,9.142794324444097
scene0000_00,4984,7,8,0.7931993438432008,0.04017644285036643,10.790583357672745
scene0000_00,4995,7,8,0.7940474489862579,0.04437270813274321,10.778772133844111
scene0000_00,5007,7,8,0.8016493041778899,0.056220595626421115,11.055541128978955
scene0000_00,5018,7,8,0.8074037564487208,0.07423743302746653,10.026178547303308
scene0691_00,118,0,1,0.11523771033391617,0.0031897831285577403,1.5283574399094686
scene0691_00,120,0,1,0.11104756686757244,0.0037646236468168717,1.5318912757660816
scene0691_00,122,0,1,0.11163309478006345,0.0031088764971987544,1.5830886110960756
scene0691_00,125,0,1,0.10850613624186922,0.0017460391710548344,1.5918900981278756
scene0691_00,127,0,1,0.10909679273936534,0.0009149585190012587,1.5754362065377325
scene0691_00,129,0,1,0.10929996636938433,0.001641753722879081,1.588735531289153
scene0691_00,132,0,1,0.10703755656072844,0.0031515861396047328,1.6377763097720501
scene0691_00,134,0,1,0.10796723545818143,0.0008058306140083772,1.580553968196252
scene0691_00,136,0,1,0.10843158813878373,0.0015038423365083115,1.5683251648552166
scene0691_00,139,0,1,0.10907444147476963,0.0026729703967009865,1.5661264120079497
scene0691_00,141,0,1,0.10821879065554108,0.0026040741803765176,1.470084670959677
scene0691_00,144,0,1,0.10764916952340853,0.0028515410030102843,1.4581301601495629
scene0691_00,146,0,1,0.10708845829566693,0.003409109329887313,1.4319015510192332
scene0691_00,148,0,1,0.10635159750390955,0.0014031111417904035,1.365442313246826
scene0691_00,151,0,1,0.10515760643803462,0.0012902563572519564,1.3886705448281256
scene0691_00,153,0,1,0.10431987312409097,0.001936355859536238,1.3600343071638354
scene0691_00,155,0,1,0.10409743928176618,0.0014504101412744007,1.314350193499379
scene0691_00,158,0,1,0.10414078034112983,0.0019256183360026914,1.316295866414848
scene0691_00,160,0,1,0.10327031668325215,0.002292025064537697,1.3074418254109514
scene0691_00,162,0,1,0.10281825845459147,0.0022882812639949887,1.4319475807305402
scene0691_00,165,0,1,0.10275284716872735,0.0034099625123517616,1.3399282222361462
scene0691_00,167,0,1,0.10306174295166826,0.0038905570787940457,1.426875006613507
scene0691_00,169,0,1,0.10262330797150998,0.0037345977749098894,1.3137165064535221
scene0691_00,172,0,1,0.10259040987871737,0.0021942232081298392,1.4461728549216741
scene0691_00,174,0,1,0.10250318365859656,0.0033705511421092352,1.4686762320057432
scene0691_00,177,0,1,0.10124963951178223,0.00217899010155285,1.3836191057292844
scene0691_00,179,0,1,0.10175008624751325,0.0026186377087741527,1.4068586708100772
scene0691_00,181,0,1,0.1027166617179599,0.0028648669061344507,1.4985559918057474
scene0691_00,184,0,1,0.102021680544236,0.0031826225120246314,1.4872860151651448
scene0691_00,186,0,1,0.10295192415053289,0.0029320377912199665,1.3962447912358544
scene0691_00,188,0,1,0.10376222616861253,0.004124339621175048,1.4553949324043736
scene0691_00,191,0,1,0.1019326384703867,0.0019010795841710962,1.4593636840738131
scene0691_00,193,0,1,0.09976636693705299,0.0023044281718552144,1.3491872765713295
scene0691_00,195,0,1,0.10000605605836033,0.0035932100248664304,1.4048520691837905
scene0691_00,198,0,1,0.0983126396911741,0.0016108104322958504,1.3572929503290259
scene0691_00,200,0,1,0.09726068226027995,0.0010167598448678743,1.3648405943361182
scene0691_00,203,0,1,0.09673157703289015,0.0012163280215388202,1.4241497987767213
scene0691_00,205,0,1,0.09711977057209864,0.0016508614225870907,1.4134343963679943
scene0691_00,207,0,1,0.09628090687526991,0.0015101511248542404,1.490940348649987
scene0691_00,210,0,1,0.09552674688438512,0.0005062347694255558,1.3364553814174918
scene0691_00,212,0,1,0.09472786617830375,0.0030031794305570296,1.5189683071737896
scene0691_00,214,0,1,0.09505927345689857,0.0027011981558458407,1.331303691784721
scene0691_00,217,0,1,0.09516195655997806,0.0038700789144970474,1.3289156499342216
scene0691_00,219,0,1,0.09517673467789434,0.002089562506890168,1.291982034832468
scene0691_00,221,0,1,0.09437115583867672,0.002373130503243461,1.281698957864034
scene0691_00,224,0,1,0.09515805118214282,0.0018619581405818846,1.282371857860552
scene0691_00,226,0,1,0.09476021061886142,0.002630297247229444,1.2105720655695984
scene0691_00,228,0,1,0.09434764347126146,0.0014834016514253178,1.1954674839519477
scene0691_00,231,0,1,0.09209438520541335,0.005269058446891812,1.2177304133616742
scene0691_00,233,0,1,0.0922797000893183,0.006239723019439198,1.2338924262640458
scene0691_00,236,1,2,0.22208354694331078,0.0013431341479743632,1.50193640548367
scene0691_00,238,1,2,0.22277977254886971,0.0034961906379724884,1.613666537405564
scene0691_00,240,1,2,0.21718465242409346,0.0020478505818200196,1.4745751293500131
scene0691_00,243,1,2,0.2162731072851214,0.002316455059900675,1.451363057597949
scene0691_00,245,1,2,0.2160230710779426,0.001100833807118687,1.4970237215502555
scene0691_00,247,1,2,0.21594331896450925,0.00204536927380811,1.5416328228279135
scene0691_00,250,1,2,0.21793571263060252,0.006718157432563899,1.499167566933658
scene0691_00,252,1,2,0.21603584700698475,0.0037809516035314057,1.481207787850341
scene0691_00,254,1,2,0.2175066283025896,0.0036188551094534335,1.5073647516983557
scene0691_00,257,1,2,0.2155353455865181,0.0009709637639683084,1.5475717743391655
scene0691_00,259,1,2,0.21749213749675733,0.002557561903567155,1.4992156384469708
scene0691_00,262,1,2,0.215930403900511,0.004162627689354727,1.4849816167911603
scene0691_00,264,1,2,0.21360663312496087,0.0020687683454699204,1.396769246501154
scene0691_00,266,1,2,0.21280289304770128,0.002038850870216651,1.5760371046599704
scene0691_00,269,1,2,0.21060763012041717,0.004827090666284975,1.3322412252234852
scene0691_00,271,1,2,0.21104729364316555,0.004023271751322716,1.4228552748057686
scene0691_00,273,1,2,0.20942789439099319,0.0018780653668664187,1.4156505580936174
scene0691_00,276,1,2,0.2043827725951668,0.003663024091318309,1.3524145876292584
scene0691_00,278,1,2,0.20437249815467884,0.0025098248808351994,1.2729180496995456
scene0691_00,280,1,2,0.20128436669018324,0.003059733504289559,1.2343660307577282
scene0691_00,283,1,2,0.19787114222775748,0.0029210021999281207,1.3696346011409986
scene0691_00,285,1,2,0.19766431948969876,0.0015773626890415258,1.3846333521216136
scene0691_00,288,1,2,0.19502218396392246,0.005197077668952493,1.2945643559692104
scene0691_00,290,1,2,0.19191184659478877,0.0059015429540117,1.3106248426294345
scene0691_00,292,1,2,0.19035384784464893,0.006878160023887599,1.1919024383092889
scene0691_00,295,1,2,0.18811960651710813,0.0074877339086781135,1.1570548341357751
scene0691_00,297,1,2,0.1859022646927685,0.0033089782930285005,1.1658579838271643
scene0691_00,299,1,2,0.1838459759090083,0.005079405652638361,1.1274266795805636
scene0691_00,302,1,2,0.18138864505048258,0.0022173119159776653,1.1061033000469418
scene0691_00,304,1,2,0.18008493810201753,0.0015130902455032034,1.2783799444313977
scene0691_00,306,1,2,0.17907535436700817,0.002768374949909301,1.2399868849105227
scene0691_00,309,1,2,0.17605936263676758,0.00402275084973457,1.2417790172812757
scene0691_00,311,1,2,0.17505993497119832,0.0026843541673666448,1.2445817119484508
scene0691_00,313,1,2,0.17331698294549291,0.0019083805778380243,1.1677037452097478
scene0691_00,316,1,2,0.17184008847884336,0.0037920237821679327,1.1606827278111376
scene0691_00,318,1,2,0.17087705385670693,0.004140954792979116,1.1554685834059675
scene0691_00,321,1,2,0.1690278805328923,0.007535771659446207,1.2206736019575821
scene0691_00,323,1,2,0.1683972895884227,0.00697923564378211,1.2328983562607931
scene0691_00,325,1,2,0.16594575655851318,0.0028195589853635644,1.2853075036629855
scene0691_00,328,1,2,0.16581569334697033,0.0036611455190697834,1.3344645047747705
scene0691_00,330,1,2,0.16542313060033564,0.002692144178731514,1.2346253246433812
scene0691_00,332,1,2,0.16449983542511426,0.002081253688958534,1.286733537429621
scene0691_00,335,1,2,0.1640507788099096,0.0026645845293136756,1.3433914417791581
scene0691_00,337,1,2,0.16579043556535034,0.0020151841866429604,1.2250691612392488
scene0691_00,339,1,2,0.16747448651721297,0.004635764868130428,1.177731828823014
scene0691_00,342,1,2,0.16374651478601487,0.00807188408595715,1.6813807565082104
scene0691_00,344,1,2,0.1629049875337938,0.009348034016236071,1.8577958531575989
scene0691_00,347,1,2,0.16467552341434044,0.003919939839974434,1.548254993094435
scene0691_00,349,1,2,0.16541603562214235,0.006233613503348488,1.7441080544371228
scene0691_00,351,1,2,0.16588473130325265,0.007827515462288671,1.6740108452158557
scene0691_00,354,2,3,0.2910219496860623,0.007937783414903105,3.890618213138592
scene0691_00,356,2,3,0.2899472190262188,0.0047848005134173135,3.941718046505538
scene0691_00,358,2,3,0.2876772705923507,0.003356190508985189,3.9114079678294646
scene0691_00,361,2,3,0.28590941865379405,0.0019391872310073033,4.011067209049417
scene0691_00,363,2,3,0.2858703080187396,0.002693004189787043,4.111095486909343
scene0691_00,365,2,3,0.28299157599119273,0.0011282123425059203,3.956517384808996
scene0691_00,368,2,3,0.28218723683080915,0.0024670561138224094,4.057419617875604
scene0691_00,370,2,3,0.2824909820356192,0.002362455455232756,4.026801005893141
scene0691_00,372,2,3,0.28347928126172506,0.004438311580489528,4.143765664814993
scene0691_00,375,2,3,0.28251585665576795,0.0051709609975859406,4.14765921813975
scene0691_00,377,2,3,0.2813170563009818,0.0018855059648172972,4.008024903508793
scene0691_00,380,2,3,0.2826108186794535,0.00339203935956708,3.950377980499719
scene0691_00,382,2,3,0.28299964498195196,0.0026754177491553504,3.963448870270494
scene0691_00,384,2,3,0.28186341504777346,0.005618996939922587,3.7988761003910034
scene0691_00,387,2,3,0.279756231709381,0.001952881896045021,3.6544325435489786
scene0691_00,389,2,3,0.2813082624015274,0.004506818059647491,4.067455613696831
scene0691_00,391,2,3,0.28155414435059123,0.006333378672005061,3.993568785667747
scene0691_00,394,2,3,0.27915564063666554,0.007590929767552926,3.664944183181197
scene0691_00,396,2,3,0.27461702335887006,0.007428112046738741,3.334310527524724
scene0691_00,398,2,3,0.27495346083446304,0.00469859629609623,3.5778817782976704
scene0691_00,401,2,3,0.2733850344945157,0.007052650656715967,3.558235341557534
scene0691_00,403,2,3,0.27305321098646984,0.008886602001649263,3.4719683388664255
scene0691_00,406,2,3,0.27400746292998857,0.00755055914424044,3.6065662816321966
scene0691_00,408,2,3,0.276144684255458,0.004387552461806298,3.7161539477580328
scene0691_00,410,2,3,0.2746687156520631,0.0057843380025545755,3.619924111828088
scene0691_00,413,2,3,0.2749821534999757,0.005008241015916477,3.666951987394082
scene0691_00,415,2,3,0.2770323453971847,0.0023736980659094524,3.7643478993723787
scene0691_00,417,2,3,0.27676453179276783,0.001934101679839438,3.8306312110063443
scene0691_00,420,2,3,0.27947810220285474,0.005013895745511606,4.022050683518438
scene0691_00,422,2,3,0.2773924746519406,0.001008288303423385,3.946836990485772
scene0691_00,424,2,3,0.27741571480787286,0.006463356843182386,3.8649151247824203
scene0691_00,427,2,3,0.277849256710323,0.003880807120112358,3.8982996765564404
scene0691_00,429,2,3,0.27923586810277956,0.0024092979992252983,3.794470929577183
scene0691_00,432,2,3,0.28098367762525167,0.007082363102177684,4.014590531752009
scene0691_00,434,2,3,0.2798934254612395,0.0021863505101552094,3.8083784969282695
scene0691_00,436,2,3,0.27871207204375725,0.004561414392374114,3.9473711496505506
scene0691_00,439,2,3,0.2787204736595258,0.0035703592737107858,3.8794557605424327
scene0691_00,441,2,3,0.2774456321274552,0.005907191437887264,3.882673554414561
scene0691_00,443,2,3,0.2772925390974992,0.010482190716213648,3.9744658844292546
scene0691_00,446,2,3,0.27589775366091174,0.00604957647915432,3.86182315641283
scene0691_00,448,2,3,0.276934980936812,0.009239326897858526,3.978164062635114
scene0691_00,450,2,3,0.27802989933868383,0.00953317948650069,4.108323223322138
scene0691_00,453,2,3,0.27931960960525193,0.005998408513689041,4.080836965396926
scene0691_00,455,2,3,0.2795944262101896,0.0023024965236077555,4.068559760933659
scene0691_00,457,2,3,0.2797317343507062,0.004912721668678139,3.936320812452746
scene0691_00,460,2,3,0.2796808354818522,0.0057733000325272035,3.789752966339311
scene0691_00,462,2,3,0.2796796837391575,0.005866820812344902,3.9312574852044864
scene0691_00,465,2,3,0.2805597019486672,0.0035903157769694004,3.7162896965496217
scene0691_00,467,2,3,0.2805544688432916,0.004199513978069658,3.7976441538301655
scene0691_00,469,2,3,0.2789834339835504,0.006779027508583188,3.5275918432609665
scene0691_00,472,3,4,0.1324891681800131,0.0049430999961478156,3.763255271645083
scene0691_00,474,3,4,0.12903225463966994,0.006759384727822705,3.8990489229505307
scene0691_00,476,3,4,0.12863313930337228,0.006388319210499485,3.9070625179324856
scene0691_00,479,3,4,0.1284704405332281,0.006573910428203364,3.801104386093202
scene0691_00,481,3,4,0.1292870205665041,0.007646387266428577,3.8479099811498334
scene0691_00,483,3,4,0.12887929523702768,0.008257704688563731,3.908588334549035
scene0691_00,486,3,4,0.12917784369157403,0.007638208557306845,3.968299268439529
scene0691_00,488,3,4,0.12708445498317777,0.007146213115866043,3.968649525147374
scene0691_00,491,3,4,0.12670545094695074,0.0061587225367508115,3.8555403580432865
scene0691_00,493,3,4,0.12304185760106812,0.004397031205323437,3.809114773906721
scene0691_00,495,3,4,0.12229904961223959,0.005181021612016962,3.8909076981512247
scene0691_00,498,3,4,0.12107409984026762,0.005194501442288794,3.804070002544131
scene0691_00,500,3,4,0.12040397005432457,0.006823559569424824,3.8079604121338453
scene0691_00,502,3,4,0.12141935984594154,0.006893736657939877,3.778249941552386
scene0691_00,505,3,4,0.12020105854953533,0.0028773432980971746,3.641863086238199
scene0691_00,507,3,4,0.12034911063742715,0.0027746920744611886,3.6768579830339774
scene0691_00,509,3,4,0.11988674130696131,0.0022423450177570916,3.6245820009730325
scene0691_00,512,3,4,0.11875321797037208,0.0013456680952825457,3.6311754815142474
scene0691_00,514,3,4,0.11748838880807178,0.004309591284218276,3.725317457078697
scene0691_00,516,3,4,0.11778344709444188,0.0038556053534947628,3.5813624578155148
scene0691_00,519,3,4,0.11858223272940216,0.006152988384049811,3.550094588532019
scene0691_00,521,3,4,0.11733732294271415,0.004603368155411044,3.513771622924545
scene0691_00,524,3,4,0.11575953065926992,0.0050622428343574215,3.4767282470541394
scene0691_00,526,3,4,0.11515463504946033,0.006588314182842678,3.334069700091279
scene0691_00,528,3,4,0.11474689931254822,0.005293129949277427,3.3782021283992645
scene0691_00,531,3,4,0.11490520663617476,0.0041914082499114914,3.4876348368347845
scene0691_00,533,3,4,0.11513349003443907,0.004250880881288329,3.441827009730456
scene0691_00,535,3,4,0.11601468927763503,0.004663941244273598,3.4792919932902673
scene0691_00,538,3,4,0.11647492095136613,0.004476021853804571,3.3364003374398563
scene0691_00,540,3,4,0.11557947812555469,0.0046981538356302924,3.3625968458535476
scene0691_00,542,3,4,0.1159610495686012,0.0051522516671288245,3.3800230059759477
scene0691_00,545,3,4,0.11610245101124783,0.008066370952322781,3.32188608453916
scene0691_00,547,3,4,0.11612474364600933,0.007370408033915315,3.2555464157779643
scene0691_00,550,3,4,0.11357603001843397,0.002926654740281692,3.3866444129843374
scene0691_00,552,3,4,0.11247533308053015,0.0018305118689280577,3.446778397225036
scene0691_00,554,3,4,0.11173126791858623,0.0023624110592871997,3.488282753289908
scene0691_00,557,3,4,0.11018146971287013,0.003584826093808013,3.4305065206954266
scene0691_00,559,3,4,0.11018082903337212,0.0014216814852397513,3.488244244247124
scene0691_00,561,3,4,0.1089211311977697,0.002083148604479327,3.5207195106099283
scene0691_00,564,3,4,0.10916801758518802,0.004671331102119255,3.3966797820418893
scene0691_00,566,3,4,0.10789675051170244,0.0027586006050796755,3.466529652132736
scene0691_00,568,3,4,0.1077513756885814,0.003880096613421235,3.4041352978034896
scene0691_00,571,3,4,0.10749443247687462,0.00420957309971704,3.4769448990795424
scene0691_00,573,3,4,0.10639100674624546,0.0036677958772413067,3.45390481914112
scene0691_00,576,3,4,0.10541641903103571,0.0020871074950544687,3.3914846631001816
scene0691_00,578,3,4,0.10496222087492857,0.0024849012612077797,3.5440685377733736
scene0691_00,580,3,4,0.10424274025953717,0.0025177973891666165,3.676257875277691
scene0691_00,583,3,4,0.10173124560960756,0.00704214244019949,3.8190458256989372
scene0691_00,585,3,4,0.10241415035533707,0.005547974043298201,3.9207648128503267
scene0691_00,587,3,4,0.10119090148307686,0.005722515718126702,4.181053420988146
scene0691_00,590,4,5,0.1757122292547073,0.006268883762091043,3.4514194334557584
scene0691_00,592,4,5,0.17506951465807918,0.009047992418332549,3.4531331930361664
scene0691_00,594,4,5,0.16999993017469017,0.010415860159530495,3.4833649214623867
scene0691_00,597,4,5,0.16842228925505098,0.005674181994283786,3.465481565732338
scene0691_00,599,4,5,0.1687758160256978,0.008241057538651859,3.466571925362677
scene0691_00,601,4,5,0.1660087090161042,0.009285134943358097,3.4070143828917105
scene0691_00,604,4,5,0.16483422862224018,0.000907982081395319,3.4236272812930815
scene0691_00,606,4,5,0.1617413985656624,0.0056280026614948814,3.470231609463022
scene0691_00,609,4,5,0.15938642379797696,0.003683496544122806,3.4809073469005263
scene0691_00,611,4,5,0.15892774129945675,0.005912411433128361,3.3670238022917265
scene0691_00,613,4,5,0.15829807587358213,0.0052401064438523355,3.360857051081173
scene0691_00,616,4,5,0.15614692397301522,0.0062449647311296486,3.4124125574982846
scene0691_00,618,4,5,0.15584456944121794,0.006546180617956929,3.4236341361452216
scene0691_00,620,4,5,0.15382210233514826,0.006361925538073811,3.5487925447972564
scene0691_00,623,4,5,0.15177163808842165,0.005962740682917743,3.492533129427186
scene0691_00,625,4,5,0.15082749958137698,0.008121752792061444,3.4600131573256823
scene0691_00,627,4,5,0.1500458506103528,0.008788482619780616,3.4508025149059494
scene0691_00,630,4,5,0.14834495607964737,0.0065888699949401665,3.452836561938759
scene0691_00,632,4,5,0.14809592815951067,0.009422687867102306,3.469882420736755
scene0691_00,635,4,5,0.14605784046865922,0.007899504381962385,3.409228126388742
scene0691_00,637,4,5,0.14524380480544496,0.006172074931074947,3.5418686934797443
scene0691_00,639,4,5,0.144541035861236,0.012939327614590386,3.4453927404880424
scene0691_00,642,4,5,0.14366855144390478,0.014694970422452262,3.3462936704910495
scene0691_00,644,4,5,0.1429761838676632,0.016366684531977385,3.2797746040682076
scene0691_00,646,4,5,0.1429358298256891,0.017352011869339903,3.2862660759504885
scene0691_00,649,4,5,0.14259257889518073,0.020570285277895027,3.165629404707948
scene0691_00,651,4,5,0.1425972243146273,0.017858918816470875,3.160955680871906
scene0691_00,653,4,5,0.14072628451573743,0.017019277232700882,3.0411081772508406
scene0691_00,656,4,5,0.1399403380711921,0.009341025498133402,3.017572998045777
scene0691_00,658,4,5,0.138741322118615,0.010069333288220903,2.9797714400199635
scene0691_00,661,4,5,0.138699751268337,0.006108749851237069,3.0549189345507526
scene0691_00,663,4,5,0.1389701012655301,0.005783054881425898,3.1579335935263595
scene0691_00,665,4,5,0.13866228336058817,0.00847240300868306,3.2627428053138052
scene0691_00,668,4,5,0.1391409198812288,0.012010503358849725,3.376365690798526
scene0691_00,670,4,5,0.13827570118591037,0.012255107283126168,3.2895402890693877
scene0691_00,672,4,5,0.1399635481812297,0.014431308946335021,3.32407870827892
scene0691_00,675,4,5,0.13705537806080637,0.010108800495190156,2.95215528369889
scene0691_00,677,4,5,0.14093445122072712,0.021486075647108114,3.013774936929416
scene0691_00,679,4,5,0.138864927683215,0.017572828005269582,2.832503785627423
scene0691_00,682,4,5,0.1374846743996373,0.019945463572649296,2.7328910462107188
scene0691_00,684,4,5,0.1382841765556938,0.020519381471066807,2.625309709850047
scene0691_00,686,4,5,0.13753597381316207,0.02388634343690393,2.7493429959527376
scene0691_00,689,4,5,0.13539443675343465,0.01745463340334806,2.789543713112491
scene0691_00,691,4,5,0.13580608704575425,0.011565758767000948,2.6628938764141745
scene0691_00,694,4,5,0.13591964836772175,0.008080347749276828,2.877128698334541
scene0691_00,696,4,5,0.1355690649715835,0.006245219318030493,2.7205720080695923
scene0691_00,698,4,5,0.1358859531839739,0.017549064291770635,2.6952849559008483
scene0691_00,701,4,5,0.13492069448168165,0.008700870095913991,2.5723314246109776
scene0691_00,703,4,5,0.13625439719581878,0.005373764810888494,2.610370144138776
scene0691_00,705,4,5,0.13307862403064974,0.017780092334149504,2.3558069908317902
scene0691_00,708,5,6,0.17753604101821274,0.03420081445556719,1.1159022802612817
scene0691_00,710,5,6,0.17444759123652365,0.022666902447333354,1.0049817893380317
scene0691_00,712,5,6,0.17583437862126006,0.021785706512954375,1.1989696465630428
scene0691_00,715,5,6,0.17896472587863355,0.023992255119614427,1.16900229428563
scene0691_00,717,5,6,0.17593405169693277,0.024558040678927487,0.9400032315922778
scene0691_00,720,5,6,0.17591414699337182,0.019887483261067367,1.0056431769374605
scene0691_00,722,5,6,0.17573144551351327,0.0245385734635379,0.9585927570491747
scene0691_00,724,5,6,0.17443468495711545,0.009686549674850805,0.9787286382248103
scene0691_00,727,5,6,0.17336638174931374,0.011756176151855367,0.8628705046905206
scene0691_00,729,5,6,0.17307630334089752,0.011627011616212246,0.8472061850400457
scene0691_00,731,5,6,0.17282001184011742,0.0024662525108658825,0.7332497929134544
scene0691_00,734,5,6,0.17519468732058363,0.009752154001333951,0.9490556959817266
scene0691_00,736,5,6,0.17238243694535604,0.004716076541069716,0.9116398066659234
scene0691_00,738,5,6,0.17173463208929152,0.002885473472500773,0.8239457998257457
scene0691_00,741,5,6,0.17270260116636305,0.005776105851366715,0.8495329829207767
scene0691_00,743,5,6,0.17004354391628596,0.006124481526522572,0.7064690582431283
scene0691_00,745,5,6,0.16881699946575746,0.004997029183898129,0.7816549836311114
scene0691_00,748,5,6,0.16937599805456582,0.00741209822851388,0.7559278287686587
scene0691_00,750,5,6,0.16799354431786062,0.00908661923121632,0.891656588702202
scene0691_00,753,5,6,0.16860953489815367,0.01481740835106886,0.7358301057399192
scene0691_00,755,5,6,0.1684983900046031,0.009703902224990143,0.7127588687923534
scene0691_00,757,5,6,0.16664666517690097,0.01519638089274054,0.672438213161412
scene0691_00,760,5,6,0.16453165071707287,0.012249416062366025,0.691830061350252
scene0691_00,762,5,6,0.16560761755112696,0.01051517504065115,0.5944917410814515
scene0691_00,764,5,6,0.16448096225471776,0.0057632781782645075,0.8149832105919061
scene0691_00,767,5,6,0.1669508408898548,0.009489543464685151,0.7003278314960969
scene0691_00,769,5,6,0.1658211611282968,0.005605904291962347,0.6618369023023294
scene0691_00,771,5,6,0.1678863191550255,0.005240719342788089,0.7155133331559197
scene0691_00,774,5,6,0.1643799177389328,0.006184539926398629,0.9032928810705895
scene0691_00,776,5,6,0.1649860098967677,0.004761640293836805,0.6353935019158399
scene0691_00,779,5,6,0.164255376418317,0.004481629830334919,0.681993956704312
scene0691_00,781,5,6,0.16439415403402835,0.0026973456690240565,0.509154001229876
scene0691_00,783,5,6,0.16590686578611225,0.007314882452679257,0.6301923233716414
scene0691_00,786,5,6,0.167086240396928,0.011857564444700056,0.7314886183125632
scene0691_00,788,5,6,0.16646386787649725,0.01775930347841087,0.7605285002258999
scene0691_00,790,5,6,0.1657688337817773,0.010215015117278464,0.6319886062916682
scene0691_00,793,5,6,0.1678556053026099,0.012544638325491892,0.6611559881572151
scene0691_00,795,5,6,0.16903811514179812,0.0050029929984755465,0.8599088753862124
scene0691_00,797,5,6,0.17247002763188557,0.01619621503422075,0.7868335838163345
scene0691_00,800,5,6,0.17401096164757102,0.008588822780129861,1.072106548393161
scene0691_00,802,5,6,0.17641528373381343,0.013678412892315316,1.1981889794574414
scene0691_00,805,5,6,0.1788236701189453,0.01487651002369913,1.3372350401200663
scene0691_00,807,5,6,0.1820152500857527,0.017191016937416474,1.1810759685966317
scene0691_00,809,5,6,0.1814282851386264,0.013477876129304137,1.4375508366379306
scene0691_00,812,5,6,0.18645220348665215,0.01040393817347955,1.097686917167966
scene0691_00,814,5,6,0.18575724843308705,0.008349681417264247,1.230224388640848
scene0691_00,816,5,6,0.18860626385504586,0.016143486756358058,1.528940212569067
scene0691_00,819,5,6,0.18681332916250382,0.007342722622329764,1.2235642920779037
scene0691_00,821,5,6,0.1871724005346409,0.007494405337671898,1.1345444678360699
scene0691_00,823,5,6,0.1875944027714791,0.005541156800750451,1.1192518739873982
scene0691_00,826,6,7,0.1350153791938511,0.017602298110479177,5.462642456161233
scene0691_00,828,6,7,0.13478021911393723,0.01573610855217755,5.5428589022298045
scene0691_00,830,6,7,0.13405875577320636,0.015135489272687224,5.624906313945855
scene0691_00,833,6,7,0.1301221707845266,0.016569955053676852,5.7073849323850965
scene0691_00,835,6,7,0.1291319442648574,0.012401289146772177,5.739312582121052
scene0691_00,838,6,7,0.12863561053461248,0.00867571239998874,5.825594399260511
scene0691_00,840,6,7,0.13033089914430085,0.009550650530069942,5.959769481677046
scene0691_00,842,6,7,0.13002981792992863,0.006370668901867526,5.8235840549475535
scene0691_00,845,6,7,0.13007287736991313,0.003357207311795106,5.708019181980905
scene0691_00,847,6,7,0.1308430114903406,0.0014866581579985544,5.60936640263791
scene0691_00,849,6,7,0.13156383355113843,0.00207527140161384,5.6653534034353905
scene0691_00,852,6,7,0.1309189178260075,0.0057120170885694935,5.486816618052082
scene0691_00,854,6,7,0.13099131189468594,0.0033118870090720555,5.570571679528231
scene0691_00,856,6,7,0.13123416551331446,0.006784402521290584,5.529810122545942
scene0691_00,859,6,7,0.13127155216177333,0.007240340740118113,5.495581171807521
scene0691_00,861,6,7,0.1327775902899183,0.00850281053522506,5.468379113577301
scene0691_00,864,6,7,0.1342357209673275,0.009237677338032501,5.104343158124478
scene0691_00,866,6,7,0.13269631071506127,0.012468816259771684,5.263321377355095
scene0691_00,868,6,7,0.13336535808514882,0.012671999974850662,5.326858383462556
scene0691_00,871,6,7,0.13494645438961406,0.010728229205894129,5.239169264975622
scene0691_00,873,6,7,0.13309807161375864,0.00954522287477171,5.295249084683398
scene0691_00,875,6,7,0.13055884979150456,0.011965715177026165,5.366423807371127
scene0691_00,878,6,7,0.1307020865692956,0.013036042990592895,5.29713813376937
scene0691_00,880,6,7,0.13128446974887753,0.011386948765987457,5.2350191883122195
scene0691_00,882,6,7,0.1312944063194017,0.009371943867563438,5.253480341077386
scene0691_00,885,6,7,0.12895478599756993,0.008506798878253615,5.296329122401786
scene0691_00,887,6,7,0.12800803564819385,0.010574918091366778,5.234231035510668
scene0691_00,889,6,7,0.1290390327442995,0.005969420293519343,5.048651146337395
scene0691_00,892,6,7,0.12365020096800627,0.014480729259540455,5.180110770171398
scene0691_00,894,6,7,0.12470123461326654,0.009737744042111288,5.110816029779019
scene0691_00,897,6,7,0.1241902850114528,0.005153887212057277,5.03039115798328
scene0691_00,899,6,7,0.12303910161087772,0.007877654119962328,5.061004425489953
scene0691_00,901,6,7,0.12114576055122195,0.010740889527906531,4.931123188145884
scene0691_00,904,6,7,0.12128321640612683,0.011412381024829995,4.831788001508229
scene0691_00,906,6,7,0.11956852623446024,0.007170332717588841,4.812561208506669
scene0691_00,908,6,7,0.11531843465270375,0.006423742297624292,5.060408843668964
scene0691_00,911,6,7,0.11280252949311231,0.005546392369652877,5.037644026590664
scene0691_00,913,6,7,0.11214520215567103,0.004632043812105327,5.062618238648589
scene0691_00,915,6,7,0.11065357880142646,0.005668908591158887,5.187503730604216
scene0691_00,918,6,7,0.10884183659293312,0.009160681708344678,5.180560705975698
scene0691_00,920,6,7,0.1088734737196857,0.01650848527673376,5.090143065686173
scene0691_00,923,6,7,0.10709947197077863,0.01745523286953783,5.254058732984139
scene0691_00,925,6,7,0.1078953862540859,0.010505300348422234,5.105632953374137
scene0691_00,927,6,7,0.10803399528641233,0.012553235860880117,5.129706131725827
scene0691_00,930,6,7,0.10912231392268923,0.01099839566390101,5.034705907940552
scene0691_00,932,6,7,0.11002365356096688,0.014171268344976786,4.895838360862985
scene0691_00,934,6,7,0.10993164439962189,0.014101317616581427,4.961569100601225
scene0691_00,937,6,7,0.11575510659754773,0.034110470875030136,4.775485406041697
scene0691_00,939,6,7,0.11504745598249189,0.015120390620992491,4.963459993781727
scene0691_00,941,6,7,0.116298187093543,0.027854608240645302,5.276625582944228
scene0691_00,944,7,8,0.4066401999960929,0.02765540436711137,26.90033927786681
scene0691_00,946,7,8,0.40371786077933025,0.03604347753052016,26.595841004236142
scene0691_00,949,7,8,0.40322612359157217,0.028650517459567208,26.611285246987087
scene0691_00,951,7,8,0.40419875513747994,0.01917137972924974,26.838384319834
scene0691_00,953,7,8,0.39996832673474514,0.019628620155240466,26.926784614284227
scene0691_00,956,7,8,0.3948735318618454,0.016471196645634983,26.58854908649916
scene0691_00,958,7,8,0.3953159445129406,0.012904240162699284,26.81604809129741
scene0691_00,960,7,8,0.39672344457296815,0.017914462220163622,26.547889844703754
scene0691_00,963,7,8,0.3965822175895046,0.01645633351214534,26.660568736750303
scene0691_00,965,7,8,0.3928635672634311,0.02559360897990549,27.151874518122778
scene0691_00,967,7,8,0.3956372738264974,0.010616138429053682,26.947043489593995
scene0691_00,970,7,8,0.3985848368040208,0.016734999778028982,26.864823502646967
scene0691_00,972,7,8,0.4015327318056723,0.01733858414826189,26.952746416636526
scene0691_00,974,7,8,0.40628749955568577,0.026633133888838256,27.112158994467794
scene0691_00,977,7,8,0.4108155222326637,0.017434483664036875,27.239792766718917
scene0691_00,979,7,8,0.4089240662100009,0.012203993350647738,27.213735958796768
scene0691_00,982,7,8,0.4135457813766019,0.0215063541932447,27.01932772278431
scene0691_00,984,7,8,0.4183704499079035,0.020882862252468777,27.11921293704872
scene0691_00,986,7,8,0.4278147686929338,0.02442413382375507,26.75027608337802
scene0691_00,989,7,8,0.42013662656898676,0.024479070535464616,27.107311800965494
scene0691_00,991,7,8,0.4242962441894339,0.037149974397568335,27.284056723303802
scene0691_00,993,7,8,0.4316938952015519,0.0350000718628621,27.87034602422325
scene0691_00,996,7,8,0.4503951146782088,0.02849492538355795,28.307263047282316
scene0691_00,998,7,8,0.5053091299654788,0.03158476956155095,28.174454357621958
scene0691_00,1000,7,8,0.6726689283184922,0.025138219839724196,25.90860907282706
scene0691_00,1003,7,8,0.6937299253735544,0.021873926943049984,26.669234660793748
scene0691_00,1005,7,8,0.7111111654592295,0.021753674843089345,26.60361559242434
scene0691_00,1008,7,8,0.697584720120676,0.04002942508984539,26.878883837084743
scene0691_00,1010,7,8,0.698137835291435,0.027971828905294503,27.11718404726368
scene0691_00,1012,7,8,0.7006037468736921,0.028948607644747763,27.024510776257717
scene0691_00,1015,7,8,0.7019309008458532,0.05225841047829172,27.165041682038495
scene0691_00,1017,7,8,0.6930983039580436,0.02461487926116307,26.933099316397723
scene0691_00,1019,7,8,0.6919195092712225,0.017889900872202633,26.34270073764287
scene0691_00,1022,7,8,0.6934002322094766,0.03313370616683229,26.25384572177002
scene0691_00,1024,7,8,0.6869431153763346,0.025782183824504624,26.518236583483286
scene0691_00,1026,7,8,0.6830212955139061,0.030635114951059823,26.367498119074195
scene0691_00,1029,7,8,0.6746464325414223,0.03635162696986867,26.5683364584225
scene0691_00,1031,7,8,0.6698899807354667,0.02703183495063173,26.456406170729377
scene0691_00,1033,7,8,0.6702445698320396,0.025086890965137807,26.521229481026005
scene0691_00,1036,7,8,0.6708842512790623,0.029102183824258155,26.250750563231872
scene0691_00,1038,7,8,0.6713084307149426,0.030170732232150114,26.29012555127211
scene0691_00,1041,7,8,0.6690115212101562,0.025468764847094164,26.467370152901424
scene0691_00,1043,7,8,0.6692572417361539,0.0314592015617894,26.19090976993728
scene0691_00,1045,7,8,0.6646997781407394,0.03959265425492845,26.04022344803071
scene0691_00,1048,7,8,0.6605000274524304,0.04008380904281626,26.04110961383718
scene0691_00,1050,7,8,0.6597660473243345,0.025863923214500664,26.096853759690855
scene0691_00,1052,7,8,0.663601330294315,0.029304059586416957,26.17247759265669
scene0691_00,1055,7,8,0.6608991996792994,0.027550794441445852,25.843832396632177
scene0691_00,1057,7,8,0.657821139839926,0.03599079969414026,26.044615790728663
scene0691_00,1059,7,8,0.6573903535694374,0.03153024498325054,26.236029952680568
scene0013_02,110,0,1,0.053632474104058026,0.005832590743617741,1.6021106276810406
scene0013_02,112,0,1,0.05184451496303977,0.003429589026490174,1.6018750280711072
scene0013_02,115,0,1,0.04688217179038945,0.002242153615054336,1.6139289964247203
scene0013_02,117,0,1,0.04673685601151667,0.0026225394816590314,1.5995530975422563
scene0013_02,119,0,1,0.04650863616413603,0.0027099094922068126,1.618892459345278
scene0013_02,121,0,1,0.04608312674335979,0.0029890148783341956,1.5930669119796628
scene0013_02,124,0,1,0.04588529720224477,0.001150028047238051,1.6037668271780743
scene0013_02,126,0,1,0.045442211737467986,0.0012281929965730386,1.6014101309887254
scene0013_02,128,0,1,0.04474997869430053,0.0007115835583877954,1.5904303681000063
scene0013_02,130,0,1,0.044488408617749275,0.0014671598054007524,1.6358446822038164
scene0013_02,132,0,1,0.04376116013650144,0.0008882135459498071,1.5879839122467247
scene0013_02,135,0,1,0.04357857914868868,0.0009417112894538231,1.5773653034083457
scene0013_02,137,0,1,0.043694034286179684,0.0006692525419537879,1.5756680245056185
scene0013_02,139,0,1,0.043345212560038204,0.0006998028761819404,1.5569046268119042
scene0013_02,141,0,1,0.04319080819371768,0.0007572796522709817,1.5604111421692795
scene0013_02,143,0,1,0.04324639036192046,0.0009473593814771636,1.5647490019114414
scene0013_02,146,0,1,0.043155278502007954,0.0010651657606075592,1.6059880059569898
scene0013_02,148,0,1,0.042660346899840995,0.0017087029060909341,1.5508580508862595
scene0013_02,150,0,1,0.042839906687707985,0.001498830222613103,1.6002977199379227
scene0013_02,152,0,1,0.04265373812700746,0.0005126602670546525,1.5839221401669124
scene0013_02,155,0,1,0.04166087804820595,0.0018965298323585832,1.5678498067229536
scene0013_02,157,0,1,0.04140109837644945,0.002396646817666149,1.5574415372357093
scene0013_02,159,0,1,0.041170156212947395,0.0012299576181418691,1.5110161886129918
scene0013_02,161,0,1,0.04085568155841479,0.0026086062059497363,1.5074367981307426
scene0013_02,163,0,1,0.04081491661668757,0.0029734108577533307,1.4874051931188512
scene0013_02,166,0,1,0.04064571610740897,0.003821775989869901,1.4497929210871758
scene0013_02,168,0,1,0.040433688006011326,0.00443993363294313,1.5097355160466739
scene0013_02,170,0,1,0.04046055547321148,0.002439740754438545,1.5145875468329373
scene0013_02,172,0,1,0.04051947125387023,0.001370741753600732,1.489963063538298
scene0013_02,174,0,1,0.04043821124341096,0.0018043294455270691,1.5023802295125939
scene0013_02,177,0,1,0.04016736642371266,0.0032111360256795955,1.4786022315057885
scene0013_02,179,0,1,0.040151409546305916,0.003234385277815658,1.4947774691227966
scene0013_02,181,0,1,0.04022414242754546,0.001520578016699269,1.5051644307995689
scene0013_02,183,0,1,0.039986489414311266,0.001336064232935972,1.465862836966578
scene0013_02,186,0,1,0.040270759253525856,0.0010568966959915204,1.5682984269031952
scene0013_02,188,0,1,0.04108746154573284,0.0014753137128731592,1.531371280693711
scene0013_02,190,0,1,0.041122715585868996,0.0028526549396361736,1.5629008510087798
scene0013_02,192,0,1,0.04082170060468482,0.0022558214781799135,1.5207955025849236
scene0013_02,194,0,1,0.04071407380337466,0.001566788660493646,1.549909559251983
scene0013_02,197,0,1,0.04087288900675479,0.0011604022926447648,1.5671624621930091
scene0013_02,199,0,1,0.040369313918329874,0.0014195262386693225,1.5618406802683908
scene0013_02,201,0,1,0.04032015847609305,0.0010335328968109853,1.545180146117477
scene0013_02,203,0,1,0.040931697185795035,0.0006593755798362863,1.4957901290313318
scene0013_02,205,0,1,0.04038363575905102,0.00015663605236798311,1.5475536309214335
scene0013_02,208,0,1,0.0405893409844893,0.0017657735798002683,1.485474548922783
scene0013_02,210,0,1,0.04196307244825648,0.0011632847170289667,1.5387274107824322
scene0013_02,212,0,1,0.041815353959528956,0.002194659697074099,1.584032869913925
scene0013_02,214,0,1,0.042008540445624964,0.003223825899015386,1.5027103981475833
scene0013_02,217,0,1,0.042171319161593335,0.0017812300873628678,1.5809747182561835
scene0013_02,219,0,1,0.04168521272186998,0.003660525186910887,1.5774008729325448
scene0013_02,221,1,2,0.07643071762056475,0.0024226681595128537,1.3352072946074232
scene0013_02,223,1,2,0.07361860298680634,0.001506407893903951,1.3919585048121783
scene0013_02,225,1,2,0.0692186139862565,0.0017494087467688352,1.3273151243798789
scene0013_02,228,1,2,0.06919547015989425,0.0021893704203739166,1.3381289557324707
scene0013_02,230,1,2,0.07545042215289943,0.003211038525904253,1.2583169087190709
scene0013_02,232,1,2,0.06860619726072759,0.0017068986253150475,1.3040168407348305
scene0013_02,234,1,2,0.06789690138397919,0.00196398799473619,1.3975934736012152
scene0013_02,236,1,2,0.06873156729071206,0.0017060458467687612,1.356191006304992
scene0013_02,239,1,2,0.0690145371902865,0.002340021814631015,1.4414997065990958
scene0013_02,241,1,2,0.06879570676594493,0.001655817666580414,1.407908133298739
scene0013_02,243,1,2,0.0691589025231798,0.001487180072836592,1.3561209643660246
scene0013_02,245,1,2,0.06900390529922928,0.002443280582111261,1.3805789424299237
scene0013_02,248,1,2,0.06870031455740644,0.0007420517665568283,1.3931319638753956
scene0013_02,250,1,2,0.06891158912099438,0.0010581342887271432,1.4126376970073595
scene0013_02,252,1,2,0.06833422736447659,0.0024258342487621528,1.336459873019525
scene0013_02,254,1,2,0.06789853033171966,0.0014416248624015912,1.2550956701010323
scene0013_02,256,1,2,0.06791401522072382,0.0028515882381933283,1.1987671331896148
scene0013_02,259,1,2,0.0657626120966367,0.001999456516371782,1.1648212258915422
scene0013_02,261,1,2,0.06498980508865415,0.0011895419316688657,1.0991914365682784
scene0013_02,263,1,2,0.06351873842322475,0.0018247641930067096,1.1283215604191423
scene0013_02,265,1,2,0.06277155351043329,0.0020521702968095785,1.1165034559972145
scene0013_02,267,1,2,0.06237073482001987,0.0020178170240874476,1.1409335566677137
scene0013_02,270,1,2,0.06127382194309117,0.0015041272939550372,1.0829984799457197
scene0013_02,272,1,2,0.06029390546631963,0.003727132188286587,1.1624989574010973
scene0013_02,274,1,2,0.05956801843964987,0.0013167886973543953,1.0884741244814555
scene0013_02,276,1,2,0.05943263712146685,0.00202897823057668,1.163325963142002
scene0013_02,279,1,2,0.058565457553166,0.0025903791218114813,1.1075393359296843
scene0013_02,281,1,2,0.05780036841286107,0.003009769373495445,1.1619531548533526
scene0013_02,283,1,2,0.05694122297578419,0.004758384390751703,1.1360449483534625
scene0013_02,285,1,2,0.05641545886220145,0.0014140166497101552,1.0830932565925666
scene0013_02,287,1,2,0.05547231860474533,0.0034325836772591397,1.189466299884298
scene0013_02,290,1,2,0.05478185363579979,0.0015515686035899722,1.1778763046193756
scene0013_02,292,1,2,0.05427489202820257,0.002103018231777018,1.207160694226965
scene0013_02,294,1,2,0.05392734641516905,0.005007071625270593,1.129656964309632
scene0013_02,296,1,2,0.05356291875803354,0.003947467969597373,1.1273176898124817
scene0013_02,298,1,2,0.052888577201157805,0.004172483942506953,1.126688360281742
scene0013_02,301,1,2,0.05170755616796052,0.0034700946143659383,1.184621958681868
scene0013_02,303,1,2,0.05093590907765155,0.004654017469549321,1.151150287425279
scene0013_02,305,1,2,0.049022098920418644,0.006381172424014452,1.1040992498472546
scene0013_02,307,1,2,0.048396558846151794,0.006719301805171052,1.186776308790852
scene0013_02,310,1,2,0.04728387840039261,0.002680165979470345,1.1993770643186705
scene0013_02,312,1,2,0.046539729129941754,0.0015641099895332884,1.3096514400542538
scene0013_02,314,1,2,0.046849412773069976,0.0022622415975721405,1.282676598666305
scene0013_02,316,1,2,0.04619331755918643,0.001780145117464905,1.2708952722089315
scene0013_02,318,1,2,0.04619314958088805,0.0015557608645287676,1.3052511650880323
scene0013_02,321,1,2,0.04587558125134561,0.001966822176647028,1.2977284689430248
scene0013_02,323,1,2,0.045455313152014565,0.0028468993252991253,1.319123374916375
scene0013_02,325,1,2,0.04523397709599086,0.004940634302508065,1.3456816131559861
scene0013_02,327,1,2,0.044836929341664944,0.006686651353257744,1.3036140344345628
scene0013_02,329,1,2,0.04457368357850788,0.005269326876434708,1.297403485970743
scene0013_02,332,2,3,0.10673127502057811,0.003633229087194734,2.8017904948093943
scene0013_02,334,2,3,0.10395649298890519,0.0027751545069231143,2.863097625818286
scene0013_02,336,2,3,0.10332514289959138,0.0034296712304424564,2.8600280989088334
scene0013_02,338,2,3,0.10267151588019297,0.004508964379079923,2.7778163251802996
scene0013_02,341,2,3,0.10467264806531262,0.0025077065812568345,2.837241454223482
scene0013_02,343,2,3,0.1049144976634323,0.002580822117357898,2.8144455333180183
scene0013_02,345,2,3,0.10463219856385442,0.003890772591615828,2.8774144327341564
scene0013_02,347,2,3,0.10559289587611498,0.003680625170322739,2.847584214636375
scene0013_02,349,2,3,0.10535119495915779,0.0027640311224823035,2.853651870457631
scene0013_02,352,2,3,0.10504736661730629,0.0035267200881538593,2.7736710607079647
scene0013_02,354,2,3,0.10447239206692971,0.0015719193180861216,2.912546845051177
scene0013_02,356,2,3,0.1047197318774461,0.0015257539947228298,2.822613769441607
scene0013_02,358,2,3,0.10483729495420113,0.002710974602165062,2.858146176888617
scene0013_02,360,2,3,0.10581238418562089,0.0021517230941140004,2.8986398381210035
scene0013_02,363,2,3,0.10650618899454511,0.002614347335508063,2.9934268854258783
scene0013_02,365,2,3,0.10641826541497568,0.003210854536270291,2.99328773209275
scene0013_02,367,2,3,0.10597263778733046,0.0027920725983103262,2.974314825503635
scene0013_02,369,2,3,0.10578252324866566,0.002806856932165908,3.006770815856349
scene0013_02,372,2,3,0.10383798359821172,0.0033821718510933965,2.9467105596150347
scene0013_02,374,2,3,0.10313066438697738,0.004646818271475087,2.956667164480465
scene0013_02,376,2,3,0.10325382922595938,0.00347190420888441,2.9890884651346488
scene0013_02,378,2,3,0.1019627747642361,0.0038943909848142707,3.0662033849751538
scene0013_02,380,2,3,0.10190039448380384,0.002138788952074014,3.01833295494747
scene0013_02,383,2,3,0.10025800604870916,0.003620260055836332,3.0375745739654345
scene0013_02,385,2,3,0.09981042661695172,0.003605487943768964,3.0726300286317065
scene0013_02,387,2,3,0.09961856539563707,0.0042649334786278624,3.0364119458250807
scene0013_02,389,2,3,0.0989918861870479,0.003861580101021218,3.1521076864114876
scene0013_02,391,2,3,0.09883326813900561,0.0028783101768868327,3.1386970645820966
scene0013_02,394,2,3,0.09930772202239924,0.004209523246713565,3.161071168115168
scene0013_02,396,2,3,0.09948553290064621,0.004987880151318019,3.122217805298865
scene0013_02,398,2,3,0.09902065403423066,0.005537398620768712,3.127159859478977
scene0013_02,400,2,3,0.09903737056759565,0.0029987494896566752,3.046096430445213
scene0013_02,403,2,3,0.09870654671171009,0.0029288242355474206,3.1405448605299084
scene0013_02,405,2,3,0.09859310571935476,0.0028251363710047528,3.098615443009603
scene0013_02,407,2,3,0.09874374234039185,0.0018979576826502016,3.158198833369457
scene0013_02,409,2,3,0.0979126026221877,0.0008742793505714052,3.1536870516383493
scene0013_02,411,2,3,0.09827361739822593,0.0037172172095201526,3.13330542192543
scene0013_02,414,2,3,0.0978193727878145,0.001902671253053363,3.212357592811688
scene0013_02,416,2,3,0.09744784634531445,0.0019436192396464404,3.262254119561029
scene0013_02,418,2,3,0.09680149866973387,0.001288767317873452,3.28946253146514
scene0013_02,420,2,3,0.09641390984439346,0.0012980363505874298,3.2782812849949647
scene0013_02,422,2,3,0.09539663694046674,0.0023348160766850806,3.239713153943589
scene0013_02,425,2,3,0.09437294554795128,0.003386908888864499,3.349143318843903
scene0013_02,427,2,3,0.09549300079586664,0.004739637343702821,3.3293132063529405
scene0013_02,429,2,3,0.09477434171849342,0.0032910745103824474,3.32839985578553
scene0013_02,431,2,3,0.09540705635499436,0.005466571009709671,3.358213818492223
scene0013_02,434,2,3,0.09523747523977333,0.004776288417073514,3.392948534173076
scene0013_02,436,2,3,0.09633853069523157,0.004665465169922734,3.3756952193181604
scene0013_02,438,2,3,0.0975056987369235,0.005537994678477763,3.3891368023832804
scene0013_02,440,2,3,0.09708868986811625,0.006661044138824992,3.3558930811289294
scene0013_02,442,3,4,0.1761064870501936,0.0020452073657385174,1.4703950811008208
scene0013_02,445,3,4,0.17304942068472162,0.0010522994490303153,1.3571382068377686
scene0013_02,447,3,4,0.17137001328599166,0.0015065033536211536,1.3314498792783667
scene0013_02,449,3,4,0.1702216517481343,0.0016934219941076346,1.3355914372584585
scene0013_02,451,3,4,0.16857268680182402,0.0015368688059429127,1.3020424072089383
scene0013_02,453,3,4,0.16777559359250993,0.0011756870327254063,1.3220990300417046
scene0013_02,456,3,4,0.16816411207893134,0.001005599487203801,1.319187352847963
scene0013_02,458,3,4,0.1681784232687774,0.0010823165604992035,1.286816326922731
scene0013_02,460,3,4,0.16745640925240413,0.0019148099183873043,1.280278429353929
scene0013_02,462,3,4,0.16780491824177557,0.0009611655126117906,1.3250845943237557
scene0013_02,465,3,4,0.16920673160801647,0.0011589188681297511,1.286867594175614
scene0013_02,467,3,4,0.16860798398001875,0.0002314860877809172,1.2794304251106081
scene0013_02,469,3,4,0.16775488579319242,0.0002932635896526856,1.2879692758059265
scene0013_02,471,3,4,0.16726289106989345,0.0011882031656573837,1.2974220236803244
scene0013_02,473,3,4,0.16729361232763007,0.0015234953997722443,1.3532683609792693
scene0013_02,476,3,4,0.16600829467365164,0.0015309491195327426,1.3194544827692285
scene0013_02,478,3,4,0.1642812304866763,0.0015030973418023604,1.2654513424178477
scene0013_02,480,3,4,0.16437180767569215,0.0016462939595205998,1.283979278256875
scene0013_02,482,3,4,0.1651420752854902,0.0014748907472493086,1.2679884729334276
scene0013_02,484,3,4,0.16469669922189933,0.0018502147704714123,1.1543568316812691
scene0013_02,487,3,4,0.16497056874013616,0.0007073177919014773,1.182582457675492
scene0013_02,489,3,4,0.16480183251120661,0.001068150327449464,1.1160178877498328
scene0013_02,491,3,4,0.16541452225909592,0.0005419670381802724,1.1567915313468486
scene0013_02,493,3,4,0.16541906890974256,0.0005834784153826283,1.0836723398725185
scene0013_02,496,3,4,0.16310127326682555,0.0017447236775904385,1.1448414479725821
scene0013_02,498,3,4,0.1622820978367876,0.0013211167848064815,1.1265464526630462
scene0013_02,500,3,4,0.1599675915923343,0.0024049584854813396,1.1055377523761523
scene0013_02,502,3,4,0.16068330463213,0.0014276825190281174,1.1286409985429748
scene0013_02,504,3,4,0.16049356333579068,0.0004305287525652331,1.164958972313408
scene0013_02,507,3,4,0.16047443341028922,0.0006614693754014304,1.093226865564627
scene0013_02,509,3,4,0.15911538669091918,0.001267375605599691,1.0753513957821648
scene0013_02,511,3,4,0.16090540487083382,0.000992932194342764,1.0857790438736237
scene0013_02,513,3,4,0.1604886500488355,0.0017365438224467922,1.0153385719885935
scene0013_02,515,3,4,0.1589849184307126,0.002758851969537932,1.1335128008226552
scene0013_02,518,3,4,0.15949786807686883,0.001351170080529126,1.0859503155061527
scene0013_02,520,3,4,0.1572348009168234,0.0025117816331746206,1.076970885998088
scene0013_02,522,3,4,0.1566973084162816,0.0008040391024971132,1.0901695685680646
scene0013_02,524,3,4,0.15724694062089428,0.0009990067208407911,1.075327215185924
scene0013_02,527,3,4,0.15618641029924574,0.002149062394076983,1.0824672375501734
scene0013_02,529,3,4,0.15600643181132945,0.0024552877764534254,1.0663193964981186
scene0013_02,531,3,4,0.1549912032715327,0.0032689437756547356,1.046136844443577
scene0013_02,533,3,4,0.15729322823101755,0.0013727322894774572,0.9397631704871179
scene0013_02,535,3,4,0.1590138681786133,0.0009788395744095495,0.9797738384466427
scene0013_02,538,3,4,0.1593028794572019,0.0038143649773955722,0.9430896300246262
scene0013_02,540,3,4,0.15744370803174124,0.0015187116634981024,0.9893926841907412
scene0013_02,542,3,4,0.1565432408048275,0.0010473320157171112,1.038494663058235
scene0013_02,544,3,4,0.15814057911334234,0.0031263894700602267,0.9854437537302625
scene0013_02,546,3,4,0.15572199497976347,0.002326996751218928,1.0304545164059709
scene0013_02,549,3,4,0.15438752497744757,0.0013564125944643074,1.089088380732328
scene0013_02,551,3,4,0.1551645160124806,0.00245118406870388,1.07127582467213
scene0013_02,553,4,5,0.16571672797939918,0.0013016392589832771,1.119842334641473
scene0013_02,555,4,5,0.16178125536585775,0.0023002029574232903,1.0415403829603762
scene0013_02,558,4,5,0.15863315814765655,0.0014537474786946436,0.9344274650185944
scene0013_02,560,4,5,0.15818144971364823,0.0015292862757474352,1.0771570329307565
scene0013_02,562,4,5,0.1564915266688055,0.000957772039932505,1.0151470218525689
scene0013_02,564,4,5,0.15615959031463666,0.0012974080984414498,1.0389965753181116
scene0013_02,566,4,5,0.15605067038394616,0.0007111882066492103,0.9997329022962066
scene0013_02,569,4,5,0.15524060724866895,0.0010900447629606416,1.0478864752660884
scene0013_02,571,4,5,0.15470092451719897,0.0011389599401482352,1.0543995304816296
scene0013_02,573,4,5,0.1544639208445684,0.0011098638255354753,1.098079528186521
scene0013_02,575,4,5,0.15427299948678042,0.0014581254319801426,1.0629171829020765
scene0013_02,577,4,5,0.15404876219489227,0.0018110187128917675,1.0424132888988695
scene0013_02,580,4,5,0.15595542368715398,0.0012904524035989955,1.0703203102798322
scene0013_02,582,4,5,0.1535333750283141,0.00148081902363794,0.9965036104120956
scene0013_02,584,4,5,0.15521935010236776,0.0015133655761711546,1.0308558462295379
scene0013_02,586,4,5,0.15488440562018702,0.0006196211868023657,1.1021172881306838
scene0013_02,589,4,5,0.15528688392595935,0.0016329973537045888,1.0750850288415474
scene0013_02,591,4,5,0.15313442875181071,0.0014019981112727308,1.024090553372548
scene0013_02,593,4,5,0.15241066046488339,0.001191502252870419,1.0299017270655304
scene0013_02,595,4,5,0.15066064781126054,0.0023092357775712116,1.0421681848940856
scene0013_02,597,4,5,0.14927662902187666,0.0010207770350648163,1.0376811514912327
scene0013_02,600,4,5,0.14774466686731935,0.0012090670815272325,0.9537507334411498
scene0013_02,602,4,5,0.15089842164264222,0.001974992265630194,0.9085545635633513
scene0013_02,604,4,5,0.14704147793191746,0.0012146076464988732,0.9851399743695967
scene0013_02,606,4,5,0.146168569597105,0.0013569497590221224,0.9413441320620646
scene0013_02,608,4,5,0.1451376698821153,0.0012786832719483808,1.0598052035022685
scene0013_02,611,4,5,0.14402809258179128,0.0009518872921419484,1.1218258786328783
scene0013_02,613,4,5,0.14580881137365365,0.0023323821348467987,1.1125647389915665
scene0013_02,615,4,5,0.14376068174967083,0.0013969900161322232,1.0341181623478382
scene0013_02,617,4,5,0.1442693853618725,0.0033506527140121714,1.003951774978097
scene0013_02,620,4,5,0.14287074206632466,0.0005893134203501884,1.0563789808669184
scene0013_02,622,4,5,0.14122934450581803,0.002431232232264969,1.06103144960615
scene0013_02,624,4,5,0.14243311825922378,0.0010854286579319668,1.1148528664973014
scene0013_02,626,4,5,0.1398099098865737,0.0037447595239883807,1.070093903523532
scene0013_02,628,4,5,0.13983269347938299,0.0025580250720867053,1.0953911802474385
scene0013_02,631,4,5,0.13896665293680333,0.002264356397311466,1.1255413801797403
scene0013_02,633,4,5,0.13912957971937434,0.00048456123432056,1.154478656657695
scene0013_02,635,4,5,0.13711735380952217,0.00263098035319839,1.190664361993674
scene0013_02,637,4,5,0.13598627647468464,0.0006500856984888118,1.105044694414963
scene0013_02,639,4,5,0.13558138314082835,0.0011337847847198502,1.1404854824334514
scene0013_02,642,4,5,0.13489106551962704,0.0029635129949083044,1.1478963837852258
scene0013_02,644,4,5,0.13382931143253163,0.001822077186541147,1.1385627139284082
scene0013_02,646,4,5,0.13296429186051972,0.00195278057140318,1.1309247336242643
scene0013_02,648,4,5,0.13320077896075255,0.0026195618552288615,1.195621904218571
scene0013_02,651,4,5,0.13383671995468294,0.003550262283786755,1.1234872575137438
scene0013_02,653,4,5,0.1328320300720065,0.0007343117682046178,1.215242447902182
scene0013_02,655,4,5,0.13133532192893616,0.002229514865068595,1.1971123047706684
scene0013_02,657,4,5,0.13055114006686908,0.00036645255756515927,1.2844359167487323
scene0013_02,659,4,5,0.13191921387477235,0.0014980464065063339,1.2062503777353553
scene0013_02,662,4,5,0.12916294008835205,0.00197480214242281,1.244777023799386
scene0013_02,664,5,6,0.2061234465690147,0.0027088981388098234,1.470734274538948
scene0013_02,666,5,6,0.19907066435441023,0.0012745739092471188,1.595625918951755
scene0013_02,668,5,6,0.19664588874398692,0.001589099762786195,1.5589820332598132
scene0013_02,670,5,6,0.19551714939618559,0.001073622391896816,1.5827711482156916
scene0013_02,673,5,6,0.19511293090571147,0.0008186615107068027,1.5238989040512108
scene0013_02,675,5,6,0.19616638827051358,0.0012967533162318997,1.5499003397082725
scene0013_02,677,5,6,0.19505957991631728,0.002993025031786706,1.5035095058224524
scene0013_02,679,5,6,0.19466169790665466,0.0011762447935629691,1.4591995783594518
scene0013_02,682,5,6,0.19202282372952328,0.0011300432336761,1.5550154489598926
scene0013_02,684,5,6,0.19174421535300468,0.0025033297204389644,1.6240478119009192
scene0013_02,686,5,6,0.19058731802699191,0.0015426335905225942,1.3904523407445495
scene0013_02,688,5,6,0.18790567585743434,0.001638599717972576,1.4044043993761433
scene0013_02,690,5,6,0.18808520102510162,0.001179311781273283,1.4430552619010686
scene0013_02,693,5,6,0.18696335239787865,0.0027972665464285986,1.518903736430533
scene0013_02,695,5,6,0.18706737933571072,0.0015672123855355626,1.4257521569331488
scene0013_02,697,5,6,0.18720497745139175,0.0007658948160811029,1.5374602168408307
scene0013_02,699,5,6,0.18728766633934169,0.0011252872691798821,1.4739163939837858
scene0013_02,701,5,6,0.18867462222038434,0.0020517346897637053,1.4677968857870967
scene0013_02,704,5,6,0.18611369305696357,0.0008422935776368046,1.4467770979096097
scene0013_02,706,5,6,0.18568725942360254,0.0007431781050187145,1.449616594541003
scene0013_02,708,5,6,0.18494751596103653,0.001817815097510785,1.2658763119001002
scene0013_02,710,5,6,0.18385968389948748,0.001401041307681509,1.302325874222523
scene0013_02,713,5,6,0.18376807650913274,0.0012338391234164349,1.4050839653544824
scene0013_02,715,5,6,0.1837897567784872,0.0021644420457879207,1.3511399306004501
scene0013_02,717,5,6,0.18313112117481778,0.0023098220573851387,1.4766130821075742
scene0013_02,719,5,6,0.18231392783253786,0.0018710892324817511,1.4684142001247382
scene0013_02,721,5,6,0.18176545092588658,0.0016874956370034467,1.4687717029434637
scene0013_02,724,5,6,0.18149311016478875,0.0016899545069863524,1.4083191010583467
scene0013_02,726,5,6,0.1812250926499862,0.0008214032408552657,1.4314194644815827
scene0013_02,728,5,6,0.18116109035603611,0.002671040345751772,1.4065078168273555
scene0013_02,730,5,6,0.18162392598806842,0.003963996071586791,1.3068857250032646
scene0013_02,732,5,6,0.17795719411526045,0.002960386327038153,1.3036758684655392
scene0013_02,735,5,6,0.17643232743432435,0.0017378725047493197,1.4363429877835387
scene0013_02,737,5,6,0.17544355741913398,0.0009324003849639916,1.398999759738541
scene0013_02,739,5,6,0.1750505578760737,0.001432393676769408,1.357712620273062
scene0013_02,741,5,6,0.17398338857197615,0.0007445210929078125,1.388768629817587
scene0013_02,744,5,6,0.17309386166538554,0.00150494530693845,1.4146483003042147
scene0013_02,746,5,6,0.170786413057059,0.002207859692943334,1.427994870575313
scene0013_02,748,5,6,0.17088506231371747,0.0008964184113256999,1.487104709492734
scene0013_02,750,5,6,0.17024872889928044,0.0014530083193702483,1.4549343736780131
scene0013_02,752,5,6,0.17037111047604936,0.0011456890703645743,1.4668068841669464
scene0013_02,755,5,6,0.16894005103392407,0.0010338725295460968,1.485568264272564
scene0013_02,757,5,6,0.16744651888056872,0.0011537207621594534,1.5821521094681517
scene0013_02,759,5,6,0.16699481122853532,0.0009402697707467374,1.5369902581279566
scene0013_02,761,5,6,0.16616671539370542,0.0011466976528355618,1.5447940173439332
scene0013_02,763,5,6,0.16584304606393396,0.00258187481632783,1.5337920706429924
scene0013_02,766,5,6,0.16573061882035667,0.00127396206532669,1.5418388803021326
scene0013_02,768,5,6,0.16432279812377493,0.0005051441497292735,1.6624376790831832
scene0013_02,770,5,6,0.16306229417486984,0.0026014954093783625,1.761581812804495
scene0013_02,772,5,6,0.1632262246940095,0.001984945244959164,1.6126526911429295
scene0013_02,775,6,7,0.17091901938460574,0.0016164705026475358,3.021634240492369
scene0013_02,777,6,7,0.16766910985175476,0.0020610092033124796,3.079408728206789
scene0013_02,779,6,7,0.16701365785847466,0.0029724030439389313,3.088743985877684
scene0013_02,781,6,7,0.1639462920710475,0.001988740294850753,2.9782197103079913
scene0013_02,783,6,7,0.1613906341356257,0.0007598085792471101,2.9710919580967836
scene0013_02,786,6,7,0.1592276368302714,0.001547285874682929,2.955776793648328
scene0013_02,788,6,7,0.15806438089197883,0.002295238537984244,2.913122655820922
scene0013_02,790,6,7,0.1570847220675443,0.0032428431726923925,2.8499900025629734
scene0013_02,792,6,7,0.15625808956735876,0.0036180166869951794,2.7922027006437213
scene0013_02,794,6,7,0.1576187905764036,0.0018833275888039752,2.8496929132692235
scene0013_02,797,6,7,0.15750964537562973,0.002432944719293303,2.8296661877772222
scene0013_02,799,6,7,0.15584768381437142,0.0022905772690249493,2.758341679595676
scene0013_02,801,6,7,0.1537814227971852,0.0029656088366819904,2.72736536199772
scene0013_02,803,6,7,0.15624937588365717,0.0010362166805123886,2.821131807322812
scene0013_02,806,6,7,0.1548589924190631,0.001500964435123024,2.828872119987369
scene0013_02,808,6,7,0.15347126525210475,0.0019122771196917708,2.8713640926623465
scene0013_02,810,6,7,0.15203445903171486,0.0022277738510167347,2.877019418276743
scene0013_02,812,6,7,0.1514029577714261,0.003073126468493738,2.802462503645033
scene0013_02,814,6,7,0.14655845096908804,0.002050728846357538,2.863356657979059
scene0013_02,817,6,7,0.14036265925670532,0.0016986474256151653,2.8023046480392173
scene0013_02,819,6,7,0.14040876425165028,0.002561769020397609,2.7720686023239303
scene0013_02,821,6,7,0.13947715676913064,0.002933541711467385,2.768821457541856
scene0013_02,823,6,7,0.13726028897215758,0.0034990186269457106,2.829200575213006
scene0013_02,825,6,7,0.1351557484520951,0.0036311100303399037,2.8333337679109794
scene0013_02,828,6,7,0.13369379467685283,0.002812962039973216,2.783023300020495
scene0013_02,830,6,7,0.13070401876013293,0.0017679851379868812,2.849275634842588
scene0013_02,832,6,7,0.1286801096717699,0.0010300559393312107,2.787262868158223
scene0013_02,834,6,7,0.1279732997524704,0.0012070795313274916,2.8549412043263507
scene0013_02,837,6,7,0.12496276522234606,0.0008122356458592876,2.880001974181658
scene0013_02,839,6,7,0.12383970865745775,0.0006119274933158595,2.861875768297941
scene0013_02,841,6,7,0.12346270890726252,0.000333505854815734,2.8381818514611497
scene0013_02,843,6,7,0.12179325947024633,0.0017207952114465636,2.948127054707976
scene0013_02,845,6,7,0.12397750775567562,0.004602885358229115,3.0251274371031442
scene0013_02,848,6,7,0.12126708937541042,0.003948604421193036,2.9431711662618283
scene0013_02,850,6,7,0.12025211590705287,0.003218169704985497,2.8667026203047485
scene0013_02,852,6,7,0.1189833258638785,0.0031971855864216126,2.893572702472374
scene0013_02,854,6,7,0.12328627865423081,0.002574892904399314,2.918387025253275
scene0013_02,856,6,7,0.1254132863128241,0.003265541836061878,2.880796696550292
scene0013_02,859,6,7,0.12882481858425954,0.002578253159721053,2.763129540984156
scene0013_02,861,6,7,0.1331450957388277,0.0021183316566988895,2.845035799398499
scene0013_02,863,6,7,0.13746768113427443,0.0022066490652242646,2.738195133562182
scene0013_02,865,6,7,0.14120101761747927,0.0017090383756027065,2.6166023976211643
scene0013_02,868,6,7,0.14187545773848798,0.0029089538376656492,2.751129085312971
scene0013_02,870,6,7,0.1426401754737241,0.001774567618196369,2.722539937269581
scene0013_02,872,6,7,0.14420117434655033,0.0020865830505494803,2.7347936969906512
scene0013_02,874,6,7,0.14971252329360418,0.0015967190681219373,2.8248271226269166
scene0013_02,876,6,7,0.15273038974123243,0.002732159898631704,2.967128439343509
scene0013_02,879,6,7,0.1535489578700313,0.0020487003194188625,2.9439323266460296
scene0013_02,881,6,7,0.1555371264556451,0.002674942040699145,2.850953254352913
scene0013_02,883,6,7,0.16098610281136627,0.001917571014270416,2.9248301269835686
scene0013_02,885,7,8,0.04415889293973141,0.00965420802388362,1.3135059738123007
scene0013_02,887,7,8,0.03459356767945665,0.0042319214011410575,1.4849868720892716
scene0013_02,890,7,8,0.0340355161199416,0.0033230431537017726,1.5056885043135284
scene0013_02,892,7,8,0.033965449694255856,0.004988327202135005,1.4388417006800311
scene0013_02,894,7,8,0.03448217154803701,0.002254705331232215,1.3983704713765772
scene0013_02,896,7,8,0.03434627557203851,0.0017797702099990845,1.3460820708338783
scene0013_02,899,7,8,0.033673155665642995,0.002476258451856411,1.377630866920149
scene0013_02,901,7,8,0.032935581429046845,0.001569104267346096,1.364889182040005
scene0013_02,903,7,8,0.03367792145699244,0.002219227531418684,1.2914215403907703
scene0013_02,905,7,8,0.03220057736533555,0.0022494202947407923,1.3031973259086085
scene0013_02,907,7,8,0.03174401677441363,0.002282277572571205,1.334421094377487
scene0013_02,910,7,8,0.03198336101730992,0.0018999159575442352,1.256304834009817
scene0013_02,912,7,8,0.03200646952403008,0.002458499402468937,1.2883871293393658
scene0013_02,914,7,8,0.03194526464618486,0.0036927961688658535,1.2688764035024438
scene0013_02,916,7,8,0.03210352520579307,0.004127811519719555,1.2007579341109458
scene0013_02,918,7,8,0.0321227756083885,0.002471464315995538,1.1304663810389401
scene0013_02,921,7,8,0.03302454590595105,0.0028715188082532803,1.1632907567709119
scene0013_02,923,7,8,0.032787777656326345,0.0034200185369712725,1.1306299407465308
scene0013_02,925,7,8,0.03294010428379757,0.0033482564356157748,1.1117300922640851
scene0013_02,927,7,8,0.033357295656280095,0.004553596006494052,1.2101170064864903
scene0013_02,930,7,8,0.03365168092669624,0.007954066685809351,1.0832027478643385
scene0013_02,932,7,8,0.03384896612196031,0.00645330855910749,1.0969176963488056
scene0013_02,934,7,8,0.033976768319475825,0.0070539910578792985,1.1474607227115283
scene0013_02,936,7,8,0.033779098699641796,0.0070553254815100995,1.127944882202418
scene0013_02,938,7,8,0.03373093185659726,0.0022525572750396023,1.098839421848325
scene0013_02,941,7,8,0.034457910889105325,0.0015455890791446288,1.069677195530479
scene0013_02,943,7,8,0.03383962669364793,0.002162045791328428,1.0337204439669483
scene0013_02,945,7,8,0.03357297117000657,0.0010931972311447702,1.0761723546130748
scene0013_02,947,7,8,0.03380654273908201,0.0020469194169665124,1.0343641760715094
scene0013_02,949,7,8,0.034704687583615335,0.0004031333345780664,1.0267635336566738
scene0013_02,952,7,8,0.03532245830142178,0.004978495157367437,1.0284098869118812
scene0013_02,954,7,8,0.0367580555196223,0.0064544633068414695,1.0960664131752338
scene0013_02,956,7,8,0.03717544599388578,0.0039937301270776835,1.0307718981948508
scene0013_02,958,7,8,0.0379366955995698,0.004936123896246551,1.0250371613568465
scene0013_02,961,7,8,0.03605455056358686,0.0015538542388610602,0.9402016078441701
scene0013_02,963,7,8,0.035846928419526636,0.0017016994482930653,0.9291551807864845
scene0013_02,965,7,8,0.036508160072238116,0.0038327453654725388,1.0177646372786846
scene0013_02,967,7,8,0.036447852088124066,0.004702563577847361,0.9174538330798674
scene0013_02,969,7,8,0.0372366234003374,0.00561649278448029,0.9907157014492859
scene0013_02,972,7,8,0.036470694273726956,0.005156695462390358,1.1107651854301144
scene0013_02,974,7,8,0.036123720966709016,0.007891651261412289,1.1476432641883585
scene0013_02,976,7,8,0.03616394825127378,0.004955736989125811,1.13036372162018
scene0013_02,978,7,8,0.038198931426829064,0.003442365489556508,1.1245036882945136
scene0013_02,980,7,8,0.03708521078032856,0.002611411862105497,1.0818690960209667
scene0013_02,983,7,8,0.03719202727130533,0.007875216367442229,1.0917782087394547
scene0013_02,985,7,8,0.038637891951464276,0.006442660025401407,1.230180191761681
scene0013_02,987,7,8,0.03873596168099436,0.003610933532362526,0.9421252537513028
scene0013_02,989,7,8,0.038359119944348374,0.00269960487400587,1.0571899443670532
scene0013_02,992,7,8,0.04112761430531253,0.006809683464812277,0.8675957185337342
scene0013_02,994,7,8,0.043523844142732915,0.007659262397973586,0.8159832639321456
scene0029_01,221,0,1,0.18077240909015146,0.019301946537632206,5.733875058889506
scene0029_01,225,0,1,0.17821997940090784,0.02460353179658282,5.772566766986673
scene0029_01,230,0,1,0.17276568792294555,0.018212469184564515,5.724679331536309
scene0029_01,234,0,1,0.1720492345450707,0.01498444184291939,5.857288888659353
scene0029_01,239,0,1,0.1707319547210906,0.01781218265821597,5.794527434048214
scene0029_01,243,0,1,0.1722395345966834,0.009091422683119816,5.57775186366106
scene0029_01,248,0,1,0.17180846442815312,0.006220819920412632,5.4419694693222365
scene0029_01,252,0,1,0.16088074425163756,0.009125915806717093,5.362851575131769
scene0029_01,256,0,1,0.15744452593658764,0.01270629460228023,5.282976175599834
scene0029_01,261,0,1,0.15158931465785463,0.012111583071446674,5.743132005265143
scene0029_01,265,0,1,0.15145212855053813,0.021967448770589523,5.758010657414384
scene0029_01,270,0,1,0.14751208174873698,0.015429437652192369,5.585440653066946
scene0029_01,274,0,1,0.15297668875329418,0.021756900652202992,5.607411388564937
scene0029_01,279,0,1,0.14971948112662958,0.019929133126438844,5.741507049354008
scene0029_01,283,0,1,0.1452368988129007,0.014503763611635814,5.5116961967984475
scene0029_01,288,0,1,0.13604676291155515,0.015575327146774912,5.308969322637395
scene0029_01,292,0,1,0.132453616550271,0.01646984245090684,5.251736168834908
scene0029_01,296,0,1,0.12705102547883262,0.013201909600036617,5.052800321704987
scene0029_01,301,0,1,0.12699157460314425,0.013851545685892957,5.087214832941258
scene0029_01,305,0,1,0.1256592864656516,0.019006772556713458,4.941334473076657
scene0029_01,310,0,1,0.12403003883691643,0.021071156603453357,4.849499433068074
scene0029_01,314,0,1,0.12318813628497671,0.018334194070255404,4.891493037351092
scene0029_01,319,0,1,0.12326333620895635,0.023058921420825208,4.977332800565825
scene0029_01,323,0,1,0.12436059236050478,0.022752840498751682,4.932427321111692
scene0029_01,327,0,1,0.1238056748894738,0.011934892605266997,5.084961812079127
scene0029_01,332,0,1,0.12305421987964726,0.021585344309666986,4.967638658318164
scene0029_01,336,0,1,0.12337689821155828,0.01822846324722297,4.9099068858775725
scene0029_01,341,0,1,0.12281631705533758,0.012154406425558085,4.634250625921025
scene0029_01,345,0,1,0.12147233148243242,0.012995672466736137,4.452846996399799
scene0029_01,350,0,1,0.12060237735593526,0.009631472754894205,4.418684265738608
scene0029_01,354,0,1,0.11973898085885926,0.008708134792607715,4.41290765839476
scene0029_01,358,0,1,0.12095652837647508,0.009275989874194097,4.3007029447663845
scene0029_01,363,0,1,0.1220236676217673,0.009118689294858484,3.961262660689074
scene0029_01,367,0,1,0.1214048621838082,0.009913669628261908,3.884198110409516
scene0029_01,372,0,1,0.12078449740595887,0.013675110527704657,3.830540734476077
scene0029_01,376,0,1,0.12059357234428003,0.01054746387191302,3.9191059761764837
scene0029_01,381,0,1,0.12323150690640527,0.007274130751578974,3.830038304284224
scene0029_01,385,0,1,0.12075046797093325,0.015218812902510594,3.685916724513119
scene0029_01,389,0,1,0.12264171409539859,0.03780809337949176,3.9619303000526487
scene0029_01,394,0,1,0.12415871015342717,0.01958949589527543,4.253615755267555
scene0029_01,398,0,1,0.12315218304981213,0.04313644157272807,3.994434024153051
scene0029_01,403,0,1,0.12302453198932817,0.036610504916740325,4.170691463381512
scene0029_01,407,0,1,0.12131368203083326,0.0297285281574039,4.2686089409102195
scene0029_01,412,0,1,0.12195094175722021,0.029816261298655427,4.259242608464667
scene0029_01,416,0,1,0.12153508674854296,0.03194139323079286,4.24275503466782
scene0029_01,420,0,1,0.12257890626938772,0.019479059820377155,4.20467332900201
scene0029_01,425,0,1,0.12038661529270733,0.031697314927239546,4.26573715936406
scene0029_01,429,0,1,0.1203702262434041,0.028733729688122434,4.3487669552294745
scene0029_01,434,0,1,0.12223522408580534,0.031158194183836987,4.414981480160905
scene0029_01,438,0,1,0.12223031237929494,0.027187998538915747,4.378902467861249
scene0029_01,443,1,2,0.3448821755938871,0.0182404165168074,15.704358300753924
scene0029_01,447,1,2,0.3395410571195353,0.010094925856777497,16.04908752307712
scene0029_01,451,1,2,0.34115282210715125,0.011213113143931424,16.02196054470797
scene0029_01,456,1,2,0.3359361800455263,0.012192810936237355,15.85397198331967
scene0029_01,460,1,2,0.33416202059265654,0.013136156934896065,15.920452283269027
scene0029_01,465,1,2,0.3356519669581737,0.013469957183322069,16.129641452144895
scene0029_01,469,1,2,0.3316690904404833,0.016503893698675748,15.778728637599583
scene0029_01,474,1,2,0.32783388286716586,0.01072357606879479,16.22236389563929
scene0029_01,478,1,2,0.3258361295677592,0.012627515556531028,15.871198614071947
scene0029_01,482,1,2,0.3180632721915606,0.016622489904024013,16.127973886698225
scene0029_01,487,1,2,0.3074771801580314,0.013664958469087685,16.082630077094162
scene0029_01,491,1,2,0.30390651924986833,0.0131884774659382,16.013556284542886
scene0029_01,496,1,2,0.2979837215066926,0.012893130884926062,15.874924771610415
scene0029_01,500,1,2,0.29391253189567657,0.014998634793307198,15.384652764518489
scene0029_01,505,1,2,0.2947364963324177,0.02161254754923377,15.929785621527904
scene0029_01,509,1,2,0.2898514799533809,0.022848979231055996,15.773629033275583
scene0029_01,513,1,2,0.2922460032887775,0.024600289149921125,16.165344714558675
scene0029_01,518,1,2,0.2938473602909837,0.008028850150996426,16.121550070924727
scene0029_01,522,1,2,0.29335180034504593,0.008940993493688456,16.471727692761235
scene0029_01,527,1,2,0.2908883111165941,0.009615285297392064,16.24934376591789
scene0029_01,531,1,2,0.2925551376430773,0.009690613905457795,16.090071035191695
scene0029_01,536,1,2,0.29144567761968454,0.00792536463662614,15.515197089362845
scene0029_01,540,1,2,0.28900661163078056,0.005822322686172299,15.80463618694022
scene0029_01,544,1,2,0.28912819471445306,0.008826582700801269,15.804974142724735
scene0029_01,549,1,2,0.28714808481278786,0.015778341333205447,15.742502062841647
scene0029_01,553,1,2,0.2811889325782313,0.029425647925653504,14.653171383078039
scene0029_01,558,1,2,0.28790374021551024,0.012124204191203788,14.816479013911737
scene0029_01,562,1,2,0.28470146778198,0.015905072711109212,14.667859507371817
scene0029_01,567,1,2,0.2839671057137596,0.016571923202233083,14.629473105035025
scene0029_01,571,1,2,0.2791434539374099,0.026607829125699988,13.714816813981628
scene0029_01,576,1,2,0.27797294182201016,0.02857041961454817,13.996433293523905
scene0029_01,580,1,2,0.272707507641606,0.022737312393965026,13.694906908551813
scene0029_01,584,1,2,0.26969183955305354,0.012493475403590762,13.959118949917977
scene0029_01,589,1,2,0.26977074226235465,0.021633639609455677,13.17834428636853
scene0029_01,593,1,2,0.2687038888815111,0.012858131833033493,13.685904530769117
scene0029_01,598,1,2,0.2702233093802324,0.012192968126328427,14.017989242175247
scene0029_01,602,1,2,0.26278269099604756,0.012775417786391468,13.106661864644618
scene0029_01,607,1,2,0.25574511113339093,0.02489721461712056,12.89123548092368
scene0029_01,611,1,2,0.2584911241709792,0.026326485601985614,12.611939627778352
scene0029_01,615,1,2,0.262447976152579,0.013817416266134409,13.30662850025123
scene0029_01,620,1,2,0.2755661246300104,0.018193416689773777,13.8837057543457
scene0029_01,624,1,2,0.2814530195761704,0.014345252552413808,14.157842999566931
scene0029_01,629,1,2,0.287171903146866,0.014400266117986935,14.877853239768328
scene0029_01,633,1,2,0.28843331520295146,0.01535929584824277,15.237237285898798
scene0029_01,638,1,2,0.28972100367474307,0.01440383459285767,14.960871191963069
scene0029_01,642,1,2,0.2922119488601447,0.011057984799918869,15.229917049100246
scene0029_01,646,1,2,0.29387563799486816,0.011956484849987906,15.516774364670313
scene0029_01,651,1,2,0.2985219482001755,0.02583016355933774,15.956944057375669
scene0029_01,655,1,2,0.2988642615450594,0.026345421628435457,15.814117357779391
scene0029_01,660,1,2,0.3011733452014451,0.030087810428503173,16.259925382182363
scene0029_01,664,2,3,0.08667020512700996,0.019834193960056187,6.93529399519438
scene0029_01,669,2,3,0.08969038416203223,0.02211576992076157,7.224227247654589
scene0029_01,673,2,3,0.07886850171153803,0.020578364506266406,6.997743932116697
scene0029_01,677,2,3,0.0772256572441482,0.015075157739502222,6.948219434352705
scene0029_01,682,2,3,0.07352267702096027,0.013141908210640527,7.3848920470944375
scene0029_01,686,2,3,0.07079963183935944,0.008130765274430067,7.2262237038566255
scene0029_01,691,2,3,0.06970483194350008,0.010260959464841056,7.163397602036662
scene0029_01,695,2,3,0.06960845884523925,0.009737878970175176,7.130174071508286
scene0029_01,700,2,3,0.06841105179064577,0.011330070088666953,7.164448672037902
scene0029_01,704,2,3,0.06675399402617277,0.015067611968809074,7.176795059035976
scene0029_01,708,2,3,0.06410154679255675,0.007609039735024747,7.539335677946207
scene0029_01,713,2,3,0.06385717320671092,0.006529002452797652,7.529489266286594
scene0029_01,717,2,3,0.06409541363986904,0.007234689779503721,7.4507733657821795
scene0029_01,722,2,3,0.06219239764704998,0.007772903684910505,7.6513997174274495
scene0029_01,726,2,3,0.060434383260348556,0.011173251104902457,8.10184795923756
scene0029_01,731,2,3,0.05932255289305177,0.01571811204171032,8.138466211453053
scene0029_01,735,2,3,0.06047096457496126,0.014732353741381718,8.125540369932724
scene0029_01,739,2,3,0.05904361292540483,0.015865331771756308,8.114310975987893
scene0029_01,744,2,3,0.05751679290580625,0.027471495326138427,8.765373824092075
scene0029_01,748,2,3,0.05706066232638374,0.015894517384263528,8.249757310931491
scene0029_01,753,2,3,0.056617250586379564,0.02666174263095694,8.572544063037277
scene0029_01,757,2,3,0.05616700575959732,0.014568632686836312,8.44165218788849
scene0029_01,762,2,3,0.0550555755677502,0.014353287482394296,8.370078785813142
scene0029_01,766,2,3,0.054904776471507155,0.012344905203360956,8.233705744966514
scene0029_01,770,2,3,0.0564458187499004,0.007357130212005066,8.192024652954577
scene0029_01,775,2,3,0.059289025218231206,0.0044892802414056125,8.076764931381176
scene0029_01,779,2,3,0.060778622280736494,0.00838567888662623,8.108584237056128
scene0029_01,784,2,3,0.05956278779658053,0.0036012412411864725,7.971908551865023
scene0029_01,788,2,3,0.05990943866305709,0.0030021311678875492,8.02023401338271
scene0029_01,793,2,3,0.06155227907041483,0.006702257233967116,7.8859214206153565
scene0029_01,797,2,3,0.06151985408157756,0.006347015941614097,7.990860436946101
scene0029_01,801,2,3,0.062445661507103845,0.007816513289344516,7.919775923831738
scene0029_01,806,2,3,0.06135847437186681,0.006272111742481581,7.824488103038749
scene0029_01,810,2,3,0.06312923839643625,0.00589365342803284,7.455413407542022
scene0029_01,815,2,3,0.06413030952823195,0.009927635793346394,7.4616317460219
scene0029_01,819,2,3,0.0622028816762068,0.004525581206917628,7.736838362946426
scene0029_01,824,2,3,0.06035926691398841,0.007473852723785971,8.010904138206902
scene0029_01,828,2,3,0.05935945277235055,0.00753596112909066,8.08632177939629
scene0029_01,833,2,3,0.05762427774599588,0.01120124302742993,8.378613844111774
scene0029_01,837,2,3,0.057038135281070934,0.010474173882466523,8.391623095847988
scene0029_01,841,2,3,0.05487077936511198,0.008759790237310518,8.426365081198021
scene0029_01,846,2,3,0.054600228102467785,0.004249748228859424,8.285327656006144
scene0029_01,850,2,3,0.05588468214992226,0.006895585283559892,8.26740903106047
scene0029_01,855,2,3,0.05484189538126938,0.008940684863458094,8.36077440425571
scene0029_01,859,2,3,0.053502639602304836,0.010875623310581062,8.203112025821756
scene0029_01,864,2,3,0.054193890389350075,0.014436797786450134,8.161921405782362
scene0029_01,868,2,3,0.05483612865520904,0.014170693794996587,8.371021531155638
scene0029_01,872,2,3,0.05367531620132049,0.010539504915104208,8.47635095532692
scene0029_01,877,2,3,0.054182805689765745,0.01570054879323641,8.241377299060638
scene0029_01,881,2,3,0.05475212042825628,0.017851236537193244,8.399625463172734
scene0029_01,886,3,4,0.19181327443461837,0.013234518956701151,6.277393382083981
scene0029_01,890,3,4,0.18666190043008468,0.009910407687126685,6.323426961440752
scene0029_01,895,3,4,0.18373220824301828,0.0109635502213165,6.281831225052462
scene0029_01,899,3,4,0.18238993276316517,0.011502601610063834,6.431616441059575
scene0029_01,903,3,4,0.17889381835799867,0.0069533920352021555,6.531741718924434
scene0029_01,908,3,4,0.1749888081387193,0.0036052636987827682,6.600197984908413
scene0029_01,912,3,4,0.17201103275057872,0.0029070535934045917,6.508311101351238
scene0029_01,917,3,4,0.17139900619437431,0.004533500604271413,6.676776534654087
scene0029_01,921,3,4,0.17248036288421453,0.006062045821894026,6.786249486673856
scene0029_01,926,3,4,0.17213362817960998,0.007595472015246215,6.836140449491528
scene0029_01,930,3,4,0.17067045459512586,0.008836707758553278,6.903559471861214
scene0029_01,934,3,4,0.16959540754961633,0.009992761741596374,6.968836098246737
scene0029_01,939,3,4,0.17183772927396124,0.012556369813329532,7.158318637111926
scene0029_01,943,3,4,0.17347558930912488,0.012660864037026126,7.27134640050871
scene0029_01,948,3,4,0.17512133763539683,0.012650160650244002,7.320136927600138
scene0029_01,952,3,4,0.17405897536577875,0.013661953209956767,7.24527203190155
scene0029_01,957,3,4,0.17480869365908658,0.01121446891087402,7.236914536938663
scene0029_01,961,3,4,0.17203242232854488,0.010322236228048435,7.077798323793024
scene0029_01,965,3,4,0.17252667882758277,0.013443052354282474,7.019288296850809
scene0029_01,970,3,4,0.17396894011559527,0.015036417841804815,7.09737334270258
scene0029_01,974,3,4,0.1768982491905351,0.01565647037259766,7.15305947492454
scene0029_01,979,3,4,0.17535396239401502,0.014963340682784996,7.216747801919736
scene0029_01,983,3,4,0.1799283779367663,0.014891675414513666,7.1930101704826095
scene0029_01,988,3,4,0.18489385675948733,0.01647962271386766,7.355944569363535
scene0029_01,992,3,4,0.1842193504567482,0.019077562590352832,7.589591978466286
scene0029_01,996,3,4,0.1749372383171025,0.015772206890220863,7.606013711531212
scene0029_01,1001,3,4,0.17132284125944042,0.01345987400203768,7.711392004477756
scene0029_01,1005,3,4,0.17174748006388874,0.013160954511198504,7.808574217692796
scene0029_01,1010,3,4,0.16828095443632374,0.010795450782266751,7.952470193747156
scene0029_01,1014,3,4,0.16893663162889083,0.014391002569623699,7.908775535508402
scene0029_01,1019,3,4,0.1708218609604648,0.01491425378767526,7.627590458575159
scene0029_01,1023,3,4,0.17017290573445154,0.010384288660788756,7.649286625821323
scene0029_01,1027,3,4,0.17331604227914543,0.004541218496441887,7.64632541903711
scene0029_01,1032,3,4,0.16913073059048622,0.0019246193533288634,7.784519868022732
scene0029_01,1036,3,4,0.16902326701271408,0.00646153742765222,7.833872490786645
scene0029_01,1041,3,4,0.1674441653688451,0.002451219523391231,7.9367260797837105
scene0029_01,1045,3,4,0.16535593322526365,0.007797905585260453,7.823512628672272
scene0029_01,1050,3,4,0.16765562707721682,0.011326403250153291,8.065118146706867
scene0029_01,1054,3,4,0.16702453539213646,0.010637080273179073,8.233109017397865
scene0029_01,1058,3,4,0.16562674543719647,0.01469734713479357,8.250525011912643
scene0029_01,1063,3,4,0.16932320233967502,0.030039032033703724,8.375349548441072
scene0029_01,1067,3,4,0.1674484466144618,0.013777379092447398,8.366300595472863
scene0029_01,1072,3,4,0.16656110091502385,0.008165745056347243,8.81034380270078
scene0029_01,1076,3,4,0.1639121354047749,0.01932981286324012,8.766029316921783
scene0029_01,1081,3,4,0.16510117236742627,0.01664291371687367,9.166949369526865
scene0029_01,1085,3,4,0.16485331872278663,0.023358478995135348,9.260761393309092
scene0029_01,1089,3,4,0.16641528067871414,0.017685107382923247,9.273404728846932
scene0029_01,1094,3,4,0.16966172059879348,0.02382616979983797,9.402304453745657
scene0029_01,1098,3,4,0.171673318898921,0.024128741947150197,9.358785929679696
scene0029_01,1103,3,4,0.17667288287443172,0.02656196025149399,9.376448739078509
scene0029_01,1107,4,5,0.5002470021203778,0.013835508183297967,7.028366750700988
scene0029_01,1112,4,5,0.4888288541030088,0.013933125794069075,6.923883140700988
scene0029_01,1116,4,5,0.4839795800104366,0.009093077818639942,6.696999802479213
scene0029_01,1121,4,5,0.48044985247323735,0.0055658102940068675,6.6273249564062215
scene0029_01,1125,4,5,0.48163357187128886,0.01314881208347679,6.534435497680921
scene0029_01,1129,4,5,0.4806890304349941,0.004505915453614613,6.492723546630728
scene0029_01,1134,4,5,0.48431560098036863,0.008415629626430901,6.375239374134831
scene0029_01,1138,4,5,0.4826562198304296,0.009251494530418831,6.464850672511802
scene0029_01,1143,4,5,0.48323519615231403,0.007582092123618732,6.312303003588608
scene0029_01,1147,4,5,0.4865965720445573,0.008939069409876346,6.340912190291857
scene0029_01,1152,4,5,0.48475215157212315,0.012126884579648868,6.436714979909767
scene0029_01,1156,4,5,0.4875016837783255,0.009248940201358023,6.487180460356016
scene0029_01,1160,4,5,0.49394375521735134,0.011615874274668338,6.589378208664605
scene0029_01,1165,4,5,0.4973826834099093,0.012849182668158786,7.027790615881397
scene0029_01,1169,4,5,0.499401380078216,0.008228725421557103,7.286793511826931
scene0029_01,1174,4,5,0.5100192902647944,0.012025740049790155,6.809357546467749
scene0029_01,1178,4,5,0.5105554250513463,0.01496568431489349,6.819694697730427
scene0029_01,1183,4,5,0.5073113360518081,0.009128933754507096,6.910692540845169
scene0029_01,1187,4,5,0.510869117579739,0.010185221024183953,6.7319503767713975
scene0029_01,1191,4,5,0.5136529172603254,0.012095485938572282,6.581704011986267
scene0029_01,1196,4,5,0.5105901853525074,0.01135534942429302,6.471304340471128
scene0029_01,1200,4,5,0.5026126451737584,0.014086542462826564,6.871853672482116
scene0029_01,1205,4,5,0.5102300637598303,0.008150854416562905,6.355182457127705
scene0029_01,1209,4,5,0.5166311900742218,0.012694692457767916,6.506705709336005
scene0029_01,1214,4,5,0.5202949613050377,0.0069530559051749746,6.593482389939633
scene0029_01,1218,4,5,0.5221731640635672,0.010992160663816485,6.499343711964464
scene0029_01,1222,4,5,0.5280490091457744,0.013458992988373135,6.524583901773768
scene0029_01,1227,4,5,0.537245941607308,0.006487720473079717,6.229535771924655
scene0029_01,1231,4,5,0.5415015304002669,0.010587685571911637,6.408291133865002
scene0029_01,1236,4,5,0.5363252463664258,0.005792854297481864,6.161110642606292
scene0029_01,1240,4,5,0.5272793858057425,0.01240360972976347,6.167158795336024
scene0029_01,1245,4,5,0.5254680871605084,0.008686627148720464,5.991549151307949
scene0029_01,1249,4,5,0.5185050743499973,0.008923509102327972,6.000407894942816
scene0029_01,1253,4,5,0.5149113165550354,0.009941914378648817,5.943101655821145
scene0029_01,1258,4,5,0.5053881408548214,0.0028352336468156804,6.175056728783477
scene0029_01,1262,4,5,0.5090330638485848,0.01214820692042956,5.792596976126754
scene0029_01,1267,4,5,0.5090861265980037,0.0036883269427749714,6.092681351139832
scene0029_01,1271,4,5,0.5064412700121872,0.008856424197437542,6.1043386987273776
scene0029_01,1276,4,5,0.5022816439450791,0.013911379261567415,6.449712352832952
scene0029_01,1280,4,5,0.4989239411944334,0.005619426764611702,6.168841475448004
scene0029_01,1284,4,5,0.4934822233601852,0.011008614073949286,6.304943480998132
scene0029_01,1289,4,5,0.4893022320769296,0.01398614768171443,6.018504375380893
scene0029_01,1293,4,5,0.48827344645229176,0.011922691723246606,5.980130000674933
scene0029_01,1298,4,5,0.487531049478076,0.010388307649147534,5.9830121892421095
scene0029_01,1302,4,5,0.4870796971404373,0.009762075500517357,5.970850202605246
scene0029_01,1307,4,5,0.4840474390910887,0.013612916316536623,5.886815212369483
scene0029_01,1311,4,5,0.48478240018318597,0.005265611631993399,6.03774332761635
scene0029_01,1315,4,5,0.487507051538679,0.007529380026853191,5.993228199844759
scene0029_01,1320,4,5,0.49444642454308985,0.01573653295879036,5.82190540492106
scene0029_01,1324,4,5,0.4939916214428821,0.016030648825113975,5.794867319149677
scene0029_01,1329,5,6,0.10044004874996915,0.004100807563920738,1.7367012043657417
scene0029_01,1333,5,6,0.09586893578090017,0.00634564716895584,1.7313348908212576
scene0029_01,1338,5,6,0.09444992872768354,0.004356616720321256,1.6986392533960433
scene0029_01,1342,5,6,0.09388556444137774,0.005943075847482473,1.7947942915869917
scene0029_01,1346,5,6,0.09326981020948333,0.005424429768394174,1.8889903777369557
scene0029_01,1351,5,6,0.08931821809533225,0.006413616989886064,2.017872975251677
scene0029_01,1355,5,6,0.089297115953892,0.00716139221610721,2.0472686822785118
scene0029_01,1360,5,6,0.08997921606080717,0.011033141068678962,2.124534455686619
scene0029_01,1364,5,6,0.08973286857823015,0.008240515341906377,1.9387279324083877
scene0029_01,1369,5,6,0.0888611726906332,0.007445174983170954,1.8350288743966754
scene0029_01,1373,5,6,0.08912100445172788,0.009358623468051082,1.8445422298598595
scene0029_01,1377,5,6,0.08771097653094018,0.008407809603529812,1.8787313883018473
scene0029_01,1382,5,6,0.08618090257945887,0.004128841607828486,1.7874053978639308
scene0029_01,1386,5,6,0.08570785401993031,0.003130261205209396,1.714009513053397
scene0029_01,1391,5,6,0.08618080966297326,0.006010429386328994,1.7571081464558438
scene0029_01,1395,5,6,0.08593330453239856,0.005651042221848584,1.7878560701406971
scene0029_01,1400,5,6,0.08496797301381531,0.005719610391115873,1.7666725919414181
scene0029_01,1404,5,6,0.08670148940443911,0.006390589268483964,1.8735499355880825
scene0029_01,1409,5,6,0.08543939953065482,0.00344396183015456,2.0378804740983156
scene0029_01,1413,5,6,0.0862873972632251,0.004112439410592887,1.9206827629726626
scene0029_01,1417,5,6,0.08625892677673264,0.0023308857041711597,1.9290311795635993
scene0029_01,1422,5,6,0.08558131723961315,0.0041707393788671665,1.9738168049726101
scene0029_01,1426,5,6,0.0844394734607743,0.005056968615727928,2.0595373766216087
scene0029_01,1431,5,6,0.0845018696612011,0.005577351114369867,2.1364447917094265
scene0029_01,1435,5,6,0.08354356399364171,0.0075456227290080615,2.134059773719191
scene0029_01,1440,5,6,0.0828315094245764,0.004232927869582583,2.084134089543498
scene0029_01,1444,5,6,0.08231520463307795,0.00603343760453814,2.0700588238261997
scene0029_01,1448,5,6,0.08203089725403245,0.00552358686741254,2.0674153011011898
scene0029_01,1453,5,6,0.08049450644646372,0.006919773991134509,2.0281288553506114
scene0029_01,1457,5,6,0.0820223395799875,0.009196851687816901,2.098402132110055
scene0029_01,1462,5,6,0.0812355413016197,0.011257857265668435,2.0401547804785896
scene0029_01,1466,5,6,0.07971041163453141,0.01072316839857589,2.078653951794431
scene0029_01,1471,5,6,0.07875866062041892,0.008899886748520975,1.9979250235044148
scene0029_01,1475,5,6,0.07839390380113553,0.007016944865318423,2.1423878361561535
scene0029_01,1479,5,6,0.07743679845787443,0.005003004995212219,2.0619601330173154
scene0029_01,1484,5,6,0.07801835830853665,0.0023603810502419525,2.1707528122561457
scene0029_01,1488,5,6,0.07710096026067315,0.001263117342624486,2.2615818718965017
scene0029_01,1493,5,6,0.07678241246184192,0.0029883278669445056,2.3143904844776904
scene0029_01,1497,5,6,0.07657870307075787,0.0026657202792546874,2.107830083117217
scene0029_01,1502,5,6,0.07654516665110578,0.0025823946556935654,2.0669863095439274
scene0029_01,1506,5,6,0.07493934503239086,0.004241867899116619,2.1146300768208435
scene0029_01,1510,5,6,0.07364361021322718,0.0034917705589374384,2.0951556721829645
scene0029_01,1515,5,6,0.07266104498163506,0.0054368639418925935,2.2310683067295574
scene0029_01,1519,5,6,0.07296774883920387,0.007487361248407304,2.1423375085915612
scene0029_01,1524,5,6,0.07120307237857326,0.005959064534315711,2.2639442946287245
scene0029_01,1528,5,6,0.07168533829247647,0.007555471505940717,2.2650729455610827
scene0029_01,1533,5,6,0.07048058756366116,0.003345043547117778,2.178241451213769
scene0029_01,1537,5,6,0.07014041348729305,0.006603734869801552,2.3036522037432463
scene0029_01,1541,5,6,0.06960932831999522,0.007731216103648148,2.327306399323013
scene0029_01,1546,5,6,0.07201198641714646,0.006582855920313314,2.114503908272732
scene0029_01,1550,6,7,0.1741802598271589,0.0032305739442310888,6.902202981683489
scene0029_01,1555,6,7,0.16862708506303892,0.006684522672957257,7.154924882051247
scene0029_01,1559,6,7,0.16881946337870413,0.003374104839671845,7.1208005087837005
scene0029_01,1564,6,7,0.16998236733929484,0.004439131085340637,7.224910729327093
scene0029_01,1568,6,7,0.17193867313797506,0.0034682886388449916,7.07345508331256
scene0029_01,1572,6,7,0.17365383166746362,0.008137719615277244,6.600804241068759
scene0029_01,1577,6,7,0.17294797072098012,0.009235384887731894,6.703737118834227
scene0029_01,1581,6,7,0.17133229630916103,0.007361768953747903,6.678155792726349
scene0029_01,1586,6,7,0.17019947792331058,0.006049250726786951,6.796510915825095
scene0029_01,1590,6,7,0.1688807152811057,0.0054407388618483475,6.8794305039394175
scene0029_01,1595,6,7,0.16970777342550936,0.009085050102906368,6.70190476238097
scene0029_01,1599,6,7,0.16895225496222954,0.006952019252030005,6.72161222828318
scene0029_01,1603,6,7,0.16740605207461656,0.004500971297734283,6.8690622894457505
scene0029_01,1608,6,7,0.16890610801082506,0.0036408982547631043,6.8936855131482195
scene0029_01,1612,6,7,0.16667163014347564,0.0036503780686432947,7.048135947220128
scene0029_01,1617,6,7,0.16653038599330205,0.0026113197093800633,7.24972494345488
scene0029_01,1621,6,7,0.16540618068558477,0.0033570404706989485,7.338886084228814
scene0029_01,1626,6,7,0.16519229883278452,0.006001501949326533,7.4435095751886795
scene0029_01,1630,6,7,0.1663520868000682,0.006467184746488334,7.423871197396906
scene0029_01,1634,6,7,0.16432803160676512,0.005706294261690533,7.446011687530138
scene0029_01,1639,6,7,0.16408288904046187,0.006880675782989348,7.461431215219164
scene0029_01,1643,6,7,0.16246322341374908,0.01052480999209916,7.759743072340021
scene0029_01,1648,6,7,0.16266232329202945,0.009725017081396156,7.620212686093404
scene0029_01,1652,6,7,0.16139770636597017,0.009235269889825648,7.675654572172492
scene0029_01,1657,6,7,0.16064761568314878,0.007684033761845001,7.540462774152461
scene0029_01,1661,6,7,0.15889280817447504,0.000950097311190478,7.737331562273917
scene0029_01,1666,6,7,0.15887363173724112,0.0029582551090577905,7.69644570769685
scene0029_01,1670,6,7,0.1572413041346391,0.003815544312181468,7.507844176972857
scene0029_01,1674,6,7,0.1557992313547003,0.0034874482857075065,7.6944533365250285
scene0029_01,1679,6,7,0.15351489211855618,0.003631551563332725,7.751347831108899
scene0029_01,1683,6,7,0.1516720819083497,0.006073467233637626,7.521028761728953
scene0029_01,1688,6,7,0.15640483858622145,0.005343753137053682,7.41351891725313
scene0029_01,1692,6,7,0.15488320906038822,0.004882867970781261,7.397413744697148
scene0029_01,1697,6,7,0.15268896999331893,0.005824801200835906,7.475797438906269
scene0029_01,1701,6,7,0.1501463453139502,0.007737113650820167,7.390311681589462
scene0029_01,1705,6,7,0.14954455357975305,0.009819890199656279,7.416147150833256
scene0029_01,1710,6,7,0.14938830607035103,0.009289182776379929,7.311458224369381
scene0029_01,1714,6,7,0.14892517550797724,0.005434283044907385,7.3003120107901545
scene0029_01,1719,6,7,0.1482332797739604,0.002635966050636655,7.451777799892494
scene0029_01,1723,6,7,0.1491607920313759,0.003392523786930664,7.3224799081010525
scene0029_01,1728,6,7,0.14827554096533668,0.0030321090934933887,7.499513117672749
scene0029_01,1732,6,7,0.15027694033111172,0.0041666746954136065,7.4333422213763605
scene0029_01,1736,6,7,0.15336461178536775,0.006447480171787686,7.433194425915726
scene0029_01,1741,6,7,0.15245202934488344,0.008350118703021646,7.355073830849666
scene0029_01,1745,6,7,0.15361677054957046,0.006453883613752528,7.226107975592616
scene0029_01,1750,6,7,0.1574487573443466,0.0025695218413673213,7.052486622801239
scene0029_01,1754,6,7,0.15851119874827713,0.0032536273059108134,7.03443806952864
scene0029_01,1759,6,7,0.1577453409910139,0.005798138541443308,7.130681498523687
scene0029_01,1763,6,7,0.15973811317924658,0.007623651269618973,7.221404779809751
scene0029_01,1767,6,7,0.16239447598419732,0.0030095777719744217,7.071941306103756
scene0029_01,1772,7,8,0.057899579096969855,0.003370607260575774,6.772188919911458
scene0029_01,1776,7,8,0.052460268414057376,0.006929660541208161,6.9844712645768565
scene0029_01,1781,7,8,0.052346623909385936,0.006221645420765382,6.879600450909762
scene0029_01,1785,7,8,0.050365225675552905,0.003918466099116871,6.90095102037016
scene0029_01,1790,7,8,0.050648821319748016,0.006956209945250911,6.807352735840605
scene0029_01,1794,7,8,0.050139589053140754,0.004172801434588993,6.838870016988307
scene0029_01,1798,7,8,0.052456375409511424,0.005995762009358566,6.7789334530649885
scene0029_01,1803,7,8,0.052932481490087224,0.003705624842226686,6.718575627023046
scene0029_01,1807,7,8,0.05251834488977514,0.004418940048169127,6.644581524990645
scene0029_01,1812,7,8,0.050506872241923406,0.0024489482042962148,6.406756152293847
scene0029_01,1816,7,8,0.049980353119438936,0.0013795814654370584,6.297321026502957
scene0029_01,1821,7,8,0.049055056384993856,0.002309215647959739,6.250330838967794
scene0029_01,1825,7,8,0.04837062212215548,0.0017143613122548214,6.1457510137848494
scene0029_01,1829,7,8,0.04727999618022127,0.0027997315843446874,6.047546434417047
scene0029_01,1834,7,8,0.04616897609539594,0.005761270757299848,5.9075983186008285
scene0029_01,1838,7,8,0.04462901204366354,0.004125361706277705,5.720079188639894
scene0029_01,1843,7,8,0.04429983424903794,0.005977128762881991,5.585816657067828
scene0029_01,1847,7,8,0.04499825032604199,0.004788570162794902,5.593678523849144
scene0029_01,1852,7,8,0.042267389997800775,0.002535818788756354,5.289666605551139
scene0029_01,1856,7,8,0.04236407558578381,0.0034611573170541827,5.384884543959247
scene0029_01,1860,7,8,0.043009908348657255,0.002853007869432705,5.303896535800519
scene0029_01,1865,7,8,0.04247093989394046,0.00468714673363827,5.149003751280579
scene0029_01,1869,7,8,0.041500463773981866,0.0041341083374819496,5.0472490805422545
scene0029_01,1874,7,8,0.04111014899387744,0.006734147372528233,5.0771439614663745
scene0029_01,1878,7,8,0.04190459659307044,0.007286535341261939,4.9048545259497285
scene0029_01,1883,7,8,0.03937581740221141,0.007727392375660031,4.808450530670551
scene0029_01,1887,7,8,0.03870405409104205,0.0081100690378531,4.6362889419885915
scene0029_01,1891,7,8,0.040021756874766945,0.005043398259068613,4.882893651787955
scene0029_01,1896,7,8,0.040536717598985805,0.0021579525206254766,4.881431781575214
scene0029_01,1900,7,8,0.04261888497061994,0.006588313428554479,4.841547170625836
scene0029_01,1905,7,8,0.04026758549152343,0.002652915535849743,4.804547778602994
scene0029_01,1909,7,8,0.040230250618650376,0.00924995123670749,4.754239186825521
scene0029_01,1914,7,8,0.039546368306323854,0.00751647046631743,4.701407537952415
scene0029_01,1918,7,8,0.038458534358635,0.0064374721616256,4.657921011618193
scene0029_01,1922,7,8,0.03832683316047736,0.004167311869552828,4.5230995363308475
scene0029_01,1927,7,8,0.03897124031140953,0.003581339578337649,4.6368737605464165
scene0029_01,1931,7,8,0.037694858508301454,0.006723403745324972,4.295600273899908
scene0029_01,1936,7,8,0.038181988642923326,0.007714520908894379,4.347706110912754
scene0029_01,1940,7,8,0.03787626134331834,0.0017520914087889848,4.442699604094408
scene0029_01,1945,7,8,0.037450165190326956,0.00429904895481146,4.440581459711218
scene0029_01,1949,7,8,0.03977385545848555,0.0030160418313724268,4.570969176207571
scene0029_01,1954,7,8,0.03973711413918213,0.002964678441568656,4.4813475291419556
scene0029_01,1958,7,8,0.039028059409511595,0.007245385373197744,4.689975947129789
scene0029_01,1962,7,8,0.03965429183781044,0.008329295352596331,4.87850613174363
scene0029_01,1967,7,8,0.039505587454600644,0.006724260710650112,4.774623919684663
scene0029_01,1971,7,8,0.04191792800830807,0.008886736673227391,4.7955572553920955
scene0029_01,1976,7,8,0.04368912090399846,0.010211197573516038,4.881179846596169
scene0029_01,1980,7,8,0.043095646213469396,0.009691086956226018,4.835938494150381
scene0029_01,1985,7,8,0.04173588035221154,0.008175992785571767,4.683651975496305
scene0029_01,1989,7,8,0.04400640762584285,0.009297311356805229,4.693359607287826
