scene,frame_id,sequence_index,local_observation_count,selected_local_window_index,selected_boundary_distance,global_local_token_cosine,global_local_pose_translation,global_local_pose_rotation_deg,local_local_token_cosine,local_local_pose_translation,local_local_pose_rotation_deg,token_local_reliable,pose_local_reliable
scene0000_00,0,0,1,0,0,0.08107804659542495,0.03243921981710361,7.9865428013572375,,,,,
scene0000_00,11,1,1,0,1,0.13582893549422959,0.035342136810647316,6.988049332431518,,,,,
scene0000_00,22,2,1,0,2,0.10570829584830477,0.05000531452190521,6.687892921400624,,,,,
scene0000_00,33,3,1,0,3,0.0939727126885338,0.038610610263486424,6.738471055268857,,,,,
scene0000_00,44,4,1,0,4,0.08147185401360113,0.05569030089475796,7.214506892388135,,,,,
scene0000_00,55,5,1,0,5,0.07940443469450309,0.05730030457247568,7.307465708961058,,,,,
scene0000_00,67,6,1,0,6,0.08592900665693892,0.045367325446348895,7.24104409675354,,,,,
scene0000_00,78,7,1,0,7,0.08990455131245145,0.045904768579852345,6.996281870956117,,,,,
scene0000_00,89,8,1,0,8,0.09786029963644294,0.03050638557884196,7.455890425912111,,,,,
scene0000_00,100,9,1,0,9,0.09467464535376269,0.027989477057155474,7.3544975974099716,,,,,
scene0000_00,111,10,1,0,10,0.08617893960035061,0.0320278534955258,6.737198106432044,,,,,
scene0000_00,122,11,1,0,11,0.09347358075303369,0.037012056494973244,5.838130946660239,,,,,
scene0000_00,134,12,1,0,12,0.09502316033837666,0.025838423674138175,6.2783069815068275,,,,,
scene0000_00,145,13,1,0,13,0.10075821243621164,0.02976029907977072,5.240027678329238,,,,,
scene0000_00,156,14,1,0,14,0.09478753700684661,0.035520891578283226,5.439753721095357,,,,,
scene0000_00,167,15,1,0,15,0.10937720332915235,0.01616460011042603,6.99723495199471,,,,,
scene0000_00,178,16,1,0,16,0.10404636280210189,0.015359266569544134,6.563416347041682,,,,,
scene0000_00,189,17,1,0,17,0.10254089843631586,0.03068813771823306,6.591327558712835,,,,,
scene0000_00,201,18,1,0,18,0.09697245581015101,0.033860008019605425,6.495377112635273,,,,,
scene0000_00,212,19,1,0,19,0.0963722829270327,0.020157324612688533,6.110670966831521,,,,,
scene0000_00,223,20,1,0,20,0.09683346309732632,0.02903220108975057,6.7042110120079395,,,,,
scene0000_00,234,21,1,0,21,0.0995837690433432,0.03617093421764011,6.5432486403871275,,,,,
scene0000_00,245,22,1,0,22,0.11191178694635562,0.05150919252156227,6.800350438638719,,,,,
scene0000_00,257,23,1,0,23,0.09769960248404153,0.06990326585500761,7.702659649817005,,,,,
scene0000_00,268,24,1,0,24,0.0948805615759567,0.08692149455092466,8.033408864518336,,,,,
scene0000_00,279,25,1,0,25,0.10000423336866249,0.10904860690243245,9.672752617357467,,,,,
scene0000_00,290,26,1,0,26,0.10175455410954526,0.07499496951724509,6.617424059322596,,,,,
scene0000_00,301,27,1,0,27,0.10545389678958994,0.06811825481496023,6.736689214455157,,,,,
scene0000_00,312,28,1,0,28,0.11024958843726063,0.057430749546321894,5.650682588689196,,,,,
scene0000_00,324,29,1,0,29,0.11055328844341306,0.04712084660726488,6.4813654849590785,,,,,
scene0000_00,335,30,1,0,30,0.11196772951153589,0.013537109499931609,5.174540576282617,,,,,
scene0000_00,346,31,1,0,31,0.1184919540991719,0.012988780184907253,5.070980361873118,,,,,
scene0000_00,357,32,1,0,32,0.10007817291159293,0.012023276833560819,6.743875105049835,,,,,
scene0000_00,368,33,1,0,33,0.10386450043647966,0.018740884426438884,6.8650017638801115,,,,,
scene0000_00,379,34,1,0,34,0.1107561341603519,0.04498194434977559,4.710555195466793,,,,,
scene0000_00,391,35,1,0,35,0.1229547800410753,0.058139021750063156,4.006849223177921,,,,,
scene0000_00,402,36,1,0,36,0.12125750252451084,0.06177132098175495,4.234407560329041,,,,,
scene0000_00,413,37,1,0,37,0.11470452939213471,0.02184147028804854,6.918689138386861,,,,,
scene0000_00,424,38,1,0,38,0.12017353024564748,0.03450901407165035,8.752399188716879,,,,,
scene0000_00,435,39,1,0,39,0.12531351274394198,0.055600504713265955,6.147787580995091,,,,,
scene0000_00,447,40,1,0,40,0.12242398774240049,0.06774824194108577,5.235163146117976,,,,,
scene0000_00,458,41,1,0,41,0.12966241868408868,0.07712227009361199,5.539829040148218,,,,,
scene0000_00,469,42,1,0,42,0.12599095546507244,0.048578815265541406,6.637317711114964,,,,,
scene0000_00,480,43,1,0,43,0.12475818842429809,0.0523965197373412,4.207077409931031,,,,,
scene0000_00,491,44,1,0,44,0.1250994342195083,0.045089261157888846,3.496250985726268,,,,,
scene0000_00,502,45,1,0,45,0.11959191957477033,0.013416420844029718,6.089577656200189,,,,,
scene0000_00,514,46,1,0,46,0.13662440814683818,0.03330489473100548,3.099111648539875,,,,,
scene0000_00,525,47,1,0,47,0.12609440917806203,0.040110913603023844,1.9717472734002965,,,,,
scene0000_00,536,48,1,0,48,0.11081560127496926,0.0323799077939631,3.896592478012262,,,,,
scene0000_00,547,49,1,0,49,0.11676422890690297,0.027384875828080184,3.6281095879888965,,,,,
scene0000_00,558,50,2,0,49,0.1534202775994195,0.06716091717578762,24.706885523955762,0.09672243620223442,0.013969869352265574,0.17464896274725944,True,True
scene0000_00,569,51,2,0,48,0.16022890727195943,0.06425303725117532,24.883025049068628,0.09490918155640471,0.006603568105456417,0.29135968083656094,True,True
scene0000_00,581,52,2,0,47,0.14839393240630383,0.08201886233058107,24.36875159008364,0.09333227143881695,0.0069056838313964666,0.2815697849503864,True,True
scene0000_00,592,53,2,0,46,0.1697072574428256,0.05818095524109227,24.535492239839293,0.09260039872044579,0.008007986482291615,0.3165546148870418,True,True
scene0000_00,603,54,2,0,45,0.16076770099546012,0.05911674375898898,24.17984488597651,0.09062143415463786,0.005524368868200323,0.2918349704895062,True,True
scene0000_00,614,55,2,0,44,0.16066334129417081,0.08089294944946168,24.043784984128354,0.08972322146991796,0.008752685377433568,0.3827841926614549,True,True
scene0000_00,625,56,2,0,43,0.17768112744672937,0.06779107097055834,24.09057530524116,0.09012608312799364,0.010953851513991468,0.302200614391882,True,True
scene0000_00,637,57,2,0,42,0.18726457377787314,0.07537433654666481,24.34992676041701,0.08682047018750572,0.005629805312202445,0.2897615898488921,True,True
scene0000_00,648,58,2,0,41,0.21132947940155639,0.08245526318791271,27.773556253920702,0.08495919596429069,0.002334513974141574,0.31403631007608257,True,True
scene0000_00,659,59,2,0,40,0.23908063692357107,0.13179097710291163,31.888279817140905,0.08983329636539072,0.014483374075628715,0.40273020035971696,True,True
scene0000_00,670,60,2,0,39,0.20965540926757148,0.11542216519179194,25.319313012267134,0.09016768171120226,0.007759895847215069,0.2501204244750993,True,True
scene0000_00,681,61,2,0,38,0.20584471699000023,0.09026795642844364,24.381612332270873,0.0916954827657479,0.007183291787571011,0.20351713156526097,True,True
scene0000_00,692,62,2,0,37,0.19369295765417766,0.0935310576642954,24.481383902906543,0.08868327469161164,0.007598119250379419,0.6168700825486615,True,True
scene0000_00,704,63,2,0,36,0.19366403535437576,0.0639121211835106,25.269013495540648,0.08701704013971545,0.005970099421681319,0.5733072335151256,True,True
scene0000_00,715,64,2,0,35,0.1973101211331122,0.03727282048720263,24.34133170827935,0.08783059066406262,0.008616633340639572,0.4693047725602256,True,True
scene0000_00,726,65,2,0,34,0.2033288839268299,0.03424179621951696,24.437961324359446,0.08979655610926418,0.009685556363634816,0.47855110238956067,True,True
scene0000_00,737,66,2,0,33,0.19464916432443008,0.07549643145144605,26.299063525752736,0.0875589069663203,0.009735025199446546,0.3355834481610901,True,True
scene0000_00,748,67,2,0,32,0.1677866204633537,0.05900400576949377,24.183538432107323,0.08302288544526881,0.007755663862190567,0.6102844679310936,True,True
scene0000_00,759,68,2,0,31,0.1603141323672217,0.09268527775024601,24.183161573132715,0.07999404816913902,0.01163459463173591,0.6415073658914167,True,True
scene0000_00,771,69,2,0,30,0.16646790145472368,0.11334570878384613,24.38837516611641,0.07806679113371517,0.00586238980929903,0.7822294003832722,True,True
scene0000_00,782,70,2,0,29,0.15997658910701335,0.12265303541254681,24.34857484509195,0.07703078419645215,0.006784095654471541,0.6153421998743136,True,True
scene0000_00,793,71,2,0,28,0.1531386985129739,0.15054019534610574,24.336983807574512,0.07755826862993764,0.004303536470109412,0.6705452535812965,True,True
scene0000_00,804,72,2,0,27,0.1581025081198762,0.14696302611342132,24.480970546846706,0.0789325659611444,0.005226177893342085,0.7584247172798739,True,True
scene0000_00,815,73,2,0,26,0.16090506801794818,0.1327052116836936,24.231269177131914,0.08055394398659077,0.007168420026816682,0.6104747859258685,True,True
scene0000_00,827,74,2,0,25,0.18764851392655246,0.11780564555753502,26.522877562812123,0.08283743501521479,0.011132530521660392,0.5185928234315769,True,True
scene0000_00,838,75,2,1,25,0.1808896479396132,0.0960888367303152,25.64402358695144,0.08555835132163603,0.015952910387470327,0.3853510407852988,True,True
scene0000_00,849,76,2,1,26,0.18555530603545273,0.07241358728308774,24.700728363763112,0.0863792544065729,0.0071905888412012245,0.30849039352483165,True,True
scene0000_00,860,77,2,1,27,0.20593849872547004,0.08723563398380303,24.764342905791313,0.08750465080588699,0.006848278165850449,0.2896698379518168,True,True
scene0000_00,871,78,2,1,28,0.2193715572795239,0.06786995743792418,25.572666018453575,0.09098906633127812,0.007907439107434423,0.482395713434805,True,True
scene0000_00,882,79,2,1,29,0.2349948974669765,0.09022510469466166,29.310186363372946,0.09402323679766644,0.018007546695985328,0.5573678910212293,True,True
scene0000_00,894,80,2,1,30,0.23384584266943553,0.1255019274634365,32.60534510085968,0.09852852189653749,0.017680245375216272,0.4985985869626611,True,True
scene0000_00,905,81,2,1,31,0.22484719725580815,0.16520739746218796,29.85061008610913,0.10269633727246563,0.011896593406267603,0.30935567510228634,True,True
scene0000_00,916,82,2,1,32,0.22269185615697812,0.1718624238063031,29.22699488004428,0.10122057397902984,0.00248728111247172,0.4952749420883404,True,True
scene0000_00,927,83,2,1,33,0.22051369924958286,0.21189623247109918,27.30893647395359,0.10407012297408691,0.005586475314869579,0.35556355251123084,True,True
scene0000_00,938,84,2,1,34,0.21184441167323992,0.265984528134114,26.864555146707453,0.10306471900206671,0.005193067886041792,0.4057479910824315,True,True
scene0000_00,949,85,2,1,35,0.20732445168135027,0.3262797328616611,29.221251993951693,0.10806068556097537,0.025998654665720235,0.26328575411973754,True,False
scene0000_00,961,86,2,1,36,0.1915786254414631,0.3596635703423209,29.100844072032878,0.10272013789503887,0.016143229294759476,0.18336232660395646,True,True
scene0000_00,972,87,2,1,37,0.19159196709334103,0.35402613903526997,32.29952783672322,0.10047751575155872,0.017031769194036827,0.6459600140976521,True,True
scene0000_00,983,88,2,1,38,0.19575411591916553,0.33719777281362195,30.14614333276936,0.09776206688987477,0.005864292484139461,1.0332884867055332,True,True
scene0000_00,994,89,2,1,39,0.2143343225378454,0.33082985254517583,32.474157444677004,0.10117579999738757,0.008952863774397567,0.7917106213543276,True,True
scene0000_00,1005,90,2,1,40,0.2067871619261566,0.30560131786007166,28.84334023859351,0.10453353898040851,0.005564582437150049,0.32856265683242436,True,True
scene0000_00,1017,91,2,1,41,0.21147376110995186,0.2893076261994942,31.6021018216726,0.1070810790568808,0.01538879338233623,0.33614780818590095,True,True
scene0000_00,1028,92,2,1,42,0.2147522482189007,0.28041151529519365,31.797734228767634,0.10557291157113546,0.013823642685135371,0.4422543190318565,True,True
scene0000_00,1039,93,2,1,43,0.21210440640264328,0.24895312130517672,27.89609955259975,0.1082150174975427,0.005890134774491062,0.42917779867541805,True,True
scene0000_00,1050,94,2,1,44,0.22131781262460615,0.19940525324118005,30.29895143587475,0.10768020187433214,0.014555977157513559,0.27313951863381913,True,True
scene0000_00,1061,95,2,1,45,0.21982798177167195,0.1701649041965041,33.32918623603307,0.10622350207225173,0.007449280525424482,0.5746551507724494,True,True
scene0000_00,1072,96,2,1,46,0.21829243194706704,0.15433606151661028,32.55020516445931,0.10315949233067956,0.008424815091368748,0.542802595163901,True,True
scene0000_00,1084,97,2,1,47,0.22003601983976406,0.14924750671017467,30.062375502431028,0.10183581059934887,0.007233502648539835,0.5988812446691638,True,True
scene0000_00,1095,98,2,1,48,0.24529540525120358,0.1314955160078649,32.92809168697001,0.10249920239707755,0.003765962046887559,0.36366015605346313,True,True
scene0000_00,1106,99,2,1,49,0.2604518024322879,0.14645318047118222,35.85199228140956,0.11091858759757245,0.007947752023654069,0.34126102764410876,True,True
scene0000_00,1117,100,2,1,49,0.4590239976333129,0.15013275986552038,113.2743647485934,0.22181518735343198,0.0069290190258740015,2.1024978987458285,True,True
scene0000_00,1128,101,2,1,48,0.46257896496735956,0.19313463410645273,112.34832816102546,0.22874220504875054,0.003928535954711344,2.0547841545911365,True,True
scene0000_00,1139,102,2,1,47,0.42117590372255664,0.1864580097347655,106.87446314479708,0.23499146816637628,0.010554198474973723,2.166599986068611,True,True
scene0000_00,1151,103,2,1,46,0.4575518591132246,0.24975793453719403,110.95963800828922,0.23776777861951626,0.017484644675535458,2.3789688122563044,True,True
scene0000_00,1162,104,2,1,45,0.4204617134169456,0.19733623364141736,106.61295337864489,0.2334179953177885,0.013936746759143104,2.36753794820862,True,True
scene0000_00,1173,105,2,1,44,0.4414560497625666,0.23165272217591765,108.47014448194844,0.2299453147980446,0.017002156420367454,2.406955153084462,True,True
scene0000_00,1184,106,2,1,43,0.45643885324310074,0.22758519013749395,109.4673486527568,0.22805540669053315,0.015461012056199602,2.583641921916169,True,True
scene0000_00,1195,107,2,1,42,0.4170577665576448,0.3102172462094587,108.08909027530721,0.22593004507450087,0.01633495830290825,2.372561335673545,True,True
scene0000_00,1207,108,2,1,41,0.3941739050671548,0.358464580170783,108.21282191057222,0.22235223763874623,0.021476311295262385,2.516369878623946,True,False
scene0000_00,1218,109,2,1,40,0.40575573669506565,0.3113602000066739,107.21541079771711,0.22399070335375681,0.026190260799649888,2.545964197123963,True,False
scene0000_00,1229,110,2,1,39,0.4116140173375913,0.3792912046774001,111.40674949573943,0.22096677368280027,0.02359774962630074,2.5366397374370973,True,False
scene0000_00,1240,111,2,1,38,0.44944508630326846,0.27255568774238415,113.76036252210207,0.22018951334803005,0.028040624278662607,2.574287114193299,True,False
scene0000_00,1251,112,2,1,37,0.4443338556536546,0.31602359325097973,112.75325295747753,0.22701951657613728,0.02305168910220844,2.7030550139374427,True,False
scene0000_00,1262,113,2,1,36,0.5285340494686657,0.32408680368227155,127.31389250426588,0.22736994725254112,0.017357874893967784,2.366358812095719,True,True
scene0000_00,1274,114,2,1,35,0.5394577131479602,0.2859516227901302,128.65728749407856,0.22701315874502415,0.01954909172824509,2.5394375880701796,True,True
scene0000_00,1285,115,2,1,34,0.5208261211576577,0.3114158766467667,125.5927469649734,0.22535788522111044,0.025384527762874382,2.622309095277214,True,False
scene0000_00,1296,116,2,1,33,0.5441785380938817,0.24856106925570715,126.79453627247912,0.23008521939947113,0.025925181953769083,2.5149741586372407,True,False
scene0000_00,1307,117,2,1,32,0.5818228824028444,0.27135991532782155,131.79044127155362,0.22934620070394884,0.015460886726572138,2.370393131719264,True,True
scene0000_00,1318,118,2,1,31,0.4265706368885503,0.2419244723629858,110.364467899008,0.2320848249510047,0.019723251774929677,2.269444461542908,True,True
scene0000_00,1329,119,2,1,30,0.4014178019377752,0.30675460894427564,106.26071133506672,0.23000795903425364,0.015731290789544067,2.0881280911341302,True,True
scene0000_00,1341,120,2,1,29,0.42089637757939047,0.2945538249362373,106.06798233894821,0.22591860403677355,0.012142547301050972,2.071749945086053,True,True
scene0000_00,1352,121,2,1,28,0.4659324827345236,0.5521977367745369,103.48114819314014,0.22905779484984,0.009596591491795902,2.316718950934831,True,True
scene0000_00,1363,122,2,1,27,0.5143198667182622,0.6161564257776735,93.87119239457017,0.2323329893778192,0.014612360007543571,2.302002400528293,True,True
scene0000_00,1374,123,2,1,26,0.435413196137704,0.3466666746413581,95.98229833487376,0.23172401516524443,0.01743376177784368,2.3569177275511253,True,True
scene0000_00,1385,124,2,1,25,0.4568547359939133,0.2811854518727797,105.06172486776845,0.23091423180574822,0.016258342924475578,2.637458069154964,True,True
scene0000_00,1397,125,2,2,25,0.4124780152534905,0.4138597826778571,97.30484338961504,0.2347157679226154,0.008933674948520508,2.2470806723415886,True,True
scene0000_00,1408,126,2,2,26,0.5091497669549043,0.9637294454714223,109.20386708641419,0.23838132523473643,0.007779701087895001,2.1307052155303947,True,True
scene0000_00,1419,127,2,2,27,0.5313525513887459,1.0498091217364645,120.58694284811274,0.24157298682955086,0.01029992951456717,2.147309762717266,True,True
scene0000_00,1430,128,2,2,28,0.5561187517795969,1.0030601405233328,141.54913263637343,0.2487813564163316,0.009583582560924151,1.9776405701016082,True,True
scene0000_00,1441,129,2,2,29,0.3826371533080436,0.6521713076800522,98.03708720958943,0.25429955344417454,0.00737576550829625,2.00190166387254,True,True
scene0000_00,1452,130,2,2,30,0.4233118899574849,0.8419772593997168,100.00918045904054,0.24337491108199072,0.015179754125353977,2.730986877246703,True,True
scene0000_00,1464,131,2,2,31,0.34821409588323904,0.4633306900997063,104.6041254924396,0.24224650126591163,0.029325832312651498,3.376280612774339,True,False
scene0000_00,1475,132,2,2,32,0.40157054593011576,0.4957621683143508,107.20102483306573,0.23939435003902987,0.037340658724132704,3.475194101914708,True,False
scene0000_00,1486,133,2,2,33,0.38402354846520137,0.33410216211711735,111.07621595336423,0.23801256269568705,0.05948035535533364,4.807090497383579,True,False
scene0000_00,1497,134,2,2,34,0.35469900320119807,0.3444812598899184,107.54975424516348,0.24103800474697823,0.06224146458578968,4.97808110743578,True,False
scene0000_00,1508,135,2,2,35,0.34517914940469213,0.48017734915264826,97.93266693601899,0.24492251531240994,0.020644626382612608,3.5267458566494883,True,False
scene0000_00,1519,136,2,2,36,0.488237626955115,0.9487605030484609,114.62016106213896,0.2514311431002585,0.022637647609480283,2.7000679549286084,True,False
scene0000_00,1531,137,2,2,37,0.4765281645237868,0.9079937054405282,101.42967111545494,0.24579520825963086,0.006317742707011579,1.6811578304789148,True,True
scene0000_00,1542,138,2,2,38,0.4977902164819159,0.9545643861468427,112.25267100122079,0.24897276885979824,0.004324869060762888,1.883732830016506,True,True
scene0000_00,1553,139,2,2,39,0.43561107053582804,0.6637357069891008,96.90212918583686,0.23534987801628726,0.006233859372140632,1.9440017013535476,True,True
scene0000_00,1564,140,2,2,40,0.5082923477238577,0.8436916988633634,114.79572766578382,0.2348465630787686,0.007194838215347579,2.343256586127485,True,True
scene0000_00,1575,141,2,2,41,0.6009582953032213,0.6926560227618985,175.67672603048266,0.244882284435197,0.020666539316707765,2.410118597644053,True,False
scene0000_00,1587,142,2,2,42,0.5850642618476595,0.8453132069273392,157.3554495397633,0.2395414606648889,0.021006720819585843,2.586086199353105,True,False
scene0000_00,1598,143,2,2,43,0.5236891347794417,0.6726521979890376,127.32898787803427,0.23656091872017537,0.013992346803822884,1.8990103733939228,True,True
scene0000_00,1609,144,2,2,44,0.405249039967991,0.2901155964974165,94.29105042986455,0.2210273779726517,0.005766312836253693,3.4074331508225226,True,True
scene0000_00,1620,145,2,2,45,0.4686419476233316,0.3904995037832177,98.90542182931539,0.222214992318573,0.016346164182654627,3.8845822287833847,True,True
scene0000_00,1631,146,2,2,46,0.47625025136403937,0.40438580374845834,100.75625807529418,0.2196823375667567,0.02628330600440594,3.4107946931189304,True,False
scene0000_00,1642,147,2,2,47,0.4170051527177448,0.3547495200263845,88.42257447654798,0.22508109552039546,0.05582518970281717,4.560613660510714,True,False
scene0000_00,1654,148,2,2,48,0.5074816328322382,0.7615903878385145,124.29819169705421,0.24007211535340112,0.04894476852788967,2.677806584665999,True,False
scene0000_00,1665,149,2,2,49,0.560659695616952,0.6743978041962688,170.58898014475346,0.26927045767682745,0.04831544285458431,2.4351011234800333,True,False
scene0000_00,1676,150,2,2,49,0.4647513654862811,0.28460942344787066,140.069435161824,0.22959912347837474,0.022311234831512164,2.148865240040204,True,False
scene0000_00,1687,151,2,2,48,0.3705339055199288,0.2647132657586611,142.38867191734687,0.23061387878501793,0.020203962972100746,2.3228825731287728,True,False
scene0000_00,1698,152,2,2,47,0.34465726199995184,0.3004411140159836,143.00343960795988,0.22837315227518773,0.0196380328081177,2.3688696704302203,True,True
scene0000_00,1709,153,2,2,46,0.3316394825039698,0.3423427213903735,142.4883436189752,0.22131597083598153,0.02126355908186506,2.282018196050469,True,False
scene0000_00,1721,154,2,2,45,0.32207656474253626,0.331528670846882,143.58785809779837,0.21691834481626437,0.016266504819882614,2.226067789840158,True,True
scene0000_00,1732,155,2,2,44,0.3114888508661226,0.31076193112525974,143.6135873984569,0.21664310597738368,0.018808998934392408,2.2353036018022707,True,True
scene0000_00,1743,156,2,2,43,0.3405147086402789,0.3191449773373607,141.79717137219436,0.2173859035881026,0.018936176375661435,2.04670630185133,True,True
scene0000_00,1754,157,2,2,42,0.340583385635267,0.32096437239028686,142.37617665219406,0.21491280169044957,0.016722936872774374,1.9968285431599377,True,True
scene0000_00,1765,158,2,2,41,0.3381069638578912,0.3678598769602613,142.2584792324319,0.223657268420433,0.017973438271183563,1.8443648985325276,True,True
scene0000_00,1777,159,2,2,40,0.3626235729076145,0.4543256276965096,142.4630472098723,0.23365012345211644,0.014066231809235096,2.057494739000422,True,True
scene0000_00,1788,160,2,2,39,0.37465857708178796,0.3821712263056273,143.12929319076426,0.22915319558946767,0.017736886783090537,2.4358073166509837,True,True
scene0000_00,1799,161,2,2,38,0.38159324567921765,0.36616228350560254,142.42540110222268,0.22931845958499497,0.009740910129578128,2.237915207882322,True,True
scene0000_00,1810,162,2,2,37,0.36956327394012223,0.3440883740427043,143.54377380088988,0.22605719043806327,0.01151925818430438,2.403155459389762,True,True
scene0000_00,1821,163,2,2,36,0.35906946526497413,0.3965458205985859,143.7853341171202,0.2237431605010315,0.009564558275226875,2.2643597014570584,True,True
scene0000_00,1832,164,2,2,35,0.3688557216053714,0.3824635123282015,143.1268097299166,0.221991328970487,0.01035659874308802,2.4002520590069327,True,True
scene0000_00,1844,165,2,2,34,0.3522089357068383,0.4247703692509254,142.4100827669197,0.23048126740064867,0.006006836947387575,2.017834161033643,True,True
scene0000_00,1855,166,2,2,33,0.41381349258630534,0.3922011796218925,139.54489459484282,0.22746039472831714,0.0049201319070039055,2.0507782593160004,True,True
scene0000_00,1866,167,2,2,32,0.43876688436637507,0.3852483455604624,137.6682336930103,0.22791931906669427,0.020600236639169274,2.515487245959935,True,False
scene0000_00,1877,168,2,2,31,0.5055899141673947,0.3977184720729501,134.99657006359612,0.22826068613177886,0.020116638883208946,2.742257282356308,True,False
scene0000_00,1888,169,2,2,30,0.6245538794982671,0.37829522114523867,138.06430668315397,0.2231212497765649,0.011760733875746311,2.3560370805656565,True,True
scene0000_00,1899,170,2,2,29,0.6562481708613788,0.38807493521789715,136.4372651573359,0.21984444553449634,0.00818431192794858,2.304332769218376,True,True
scene0000_00,1911,171,2,2,28,0.6955994826681388,0.5358044938181651,135.94899098816387,0.2213224503705904,0.007766130031793637,2.000842081446886,True,True
scene0000_00,1922,172,2,2,27,0.7069941405152591,0.6145902434118042,136.39426753438335,0.22333326116369934,0.01591610102335744,2.4065459322084024,True,True
scene0000_00,1933,173,2,2,26,0.7156237057707366,0.5779972986325641,136.25300979999287,0.2174898053522223,0.01744362815441652,2.351278884374385,True,True
scene0000_00,1944,174,2,2,25,0.7096084685420221,0.5438834871279931,135.75996297085254,0.22197067603817344,0.016104450375895602,2.3148145682176877,True,True
scene0000_00,1955,175,2,3,25,0.7013935596714838,0.5673677691972515,136.46585210704797,0.22312504025441204,0.017354989484098124,2.1763551723977104,True,True
scene0000_00,1967,176,2,3,26,0.7078866642245426,0.5459052847273868,137.01446797655467,0.22196993869267068,0.017334537078466945,2.3317120530619886,True,True
scene0000_00,1978,177,2,3,27,0.7161535932996888,0.5947404898130113,136.76818413204865,0.2255510643467169,0.012626723016594373,2.066900941353265,True,True
scene0000_00,1989,178,2,3,28,0.7228969862623535,0.6074577711984208,136.56274999017924,0.22255610212531152,0.01955340425730523,2.5003718076097012,True,True
scene0000_00,2000,179,2,3,29,0.7214077751427048,0.5987117047765924,136.28772950536572,0.22432385114875242,0.01640895733990233,2.420665371314334,True,True
scene0000_00,2011,180,2,3,30,0.729483077459403,0.5959596679163814,136.5724294994699,0.23502486382418497,0.0160329015852319,2.169935642629914,True,True
scene0000_00,2022,181,2,3,31,0.7159391724022972,0.5310141842665735,136.12910201664826,0.2486454476963924,0.015192620765180477,2.4319937580282267,True,True
scene0000_00,2034,182,2,3,32,0.7177608833894906,0.4690035172948289,136.54909542158987,0.2482689979779349,0.010785025704369925,2.7586808300452104,True,True
scene0000_00,2045,183,2,3,33,0.6302068468648073,0.4180020962321398,135.7557279321968,0.419469593531116,0.011405348270391137,3.19877527564183,True,True
scene0000_00,2056,184,2,3,34,0.628930776785334,0.4138286043072774,136.31673384348204,0.4523697206048869,0.01467427223330141,3.034861432592156,True,True
scene0000_00,2067,185,2,3,35,0.6178868146833532,0.3878593704477443,135.74021429866494,0.4922751988875783,0.017883673071856076,3.586459729260712,False,True
scene0000_00,2078,186,2,3,36,0.6136195386744103,0.3632153282104751,136.0304752731106,0.5110483407889838,0.021562334262557697,3.9579966299649914,False,False
scene0000_00,2089,187,2,3,37,0.6081726782240304,0.3431898209143594,136.32597210061948,0.5097100377789652,0.020849884192901087,3.073321449950282,False,False
scene0000_00,2101,188,2,3,38,0.6130958771661218,0.31268138233433646,136.6801591463982,0.5228280551182249,0.02087668149242946,3.1622388640225654,False,False
scene0000_00,2112,189,2,3,39,0.6051214505089149,0.2819032243435954,136.1486052348866,0.5451706162135209,0.022098361072742278,4.227908955772142,False,False
scene0000_00,2123,190,2,3,40,0.6057551383361204,0.2833971018330089,136.90392965331142,0.5678437158752938,0.03182784314159014,2.74665453005181,False,False
scene0000_00,2134,191,2,3,41,0.599604449303659,0.2789905686292037,136.72687719353593,0.5723443399376931,0.014626906553059961,2.2429311844265447,False,True
scene0000_00,2145,192,2,3,42,0.6037582945586751,0.22901036343443776,137.08846403631082,0.5631877169872239,0.019556775456130496,2.9623242042807725,False,True
scene0000_00,2157,193,2,3,43,0.5947311580847131,0.194472333932766,136.7769290739765,0.5383200542263484,0.012769564753899464,2.638519952679775,False,True
scene0000_00,2168,194,2,3,44,0.5364508298362373,0.17201775692765092,135.93551302173756,0.3162662540846618,0.015138936588534654,4.027946821642296,True,True
scene0000_00,2179,195,2,3,45,0.5206874025322741,0.16352004826848154,135.66660717263966,0.2528703213004386,0.024594782314527185,3.414049013363425,True,False
scene0000_00,2190,196,2,3,46,0.5223155105212091,0.18273769142742552,136.20715178471903,0.2343324991637511,0.019483442023421827,2.494613686795782,True,True
scene0000_00,2201,197,2,3,47,0.5280508230932888,0.19550005000790088,135.9910666071355,0.20941200477156297,0.02324315690041645,3.1480991812442998,True,False
scene0000_00,2212,198,2,3,48,0.5289495751225907,0.20328258586076497,136.2058271515904,0.2016511497133815,0.023726520303041804,3.4890396613058763,True,False
scene0000_00,2224,199,2,3,49,0.5549708435512946,0.2131867021898885,136.4510937104485,0.2199329568469086,0.029629309246037485,3.1077704165265128,True,False
scene0000_00,2235,200,2,3,49,0.407324852730829,0.056226481715587986,56.11298091918605,0.6158427665738658,0.039116387261682956,5.6314993862713445,False,False
scene0000_00,2246,201,2,3,48,0.40800936766705914,0.0640947708836588,56.466808339160664,0.6255856175089105,0.0426446677188044,6.046945557172414,False,False
scene0000_00,2257,202,2,3,47,0.4105440314420264,0.07404894339039113,56.77897776468134,0.6340166303021314,0.043278500128806234,5.088263179982698,False,False
scene0000_00,2268,203,2,3,46,0.3976517499696304,0.07703258606942891,56.849952536839574,0.623777781706583,0.05958339305883601,7.442983570334853,False,False
scene0000_00,2279,204,2,3,45,0.3894528495803502,0.08860134939128722,55.327447920468636,0.6174359809753533,0.0654942759474376,6.58849292752617,False,False
scene0000_00,2291,205,2,3,44,0.38615653504248343,0.08492623050364403,55.45753413619767,0.6090633524660205,0.04206370780599307,7.589789959426577,False,False
scene0000_00,2302,206,2,3,43,0.39226333812414754,0.10335453415268853,55.02130435266588,0.6156703493818682,0.03902134317791262,6.938875566927529,False,False
scene0000_00,2313,207,2,3,42,0.38734157974952144,0.10610656993331108,54.937263124790476,0.632717641160541,0.047012939012479514,7.414179075936159,False,False
scene0000_00,2324,208,2,3,41,0.40425047728576824,0.11056733528546461,54.31335386379762,0.6877989261342012,0.026341759875647037,5.704493059178208,False,False
scene0000_00,2335,209,2,3,40,0.44943659791179386,0.10896107372891758,55.39318868336085,0.8167980968920144,0.021496165703973443,2.746261269804332,False,False
scene0000_00,2347,210,2,3,39,0.4613151064706092,0.09938132401871042,55.24732098798362,0.8343233082596387,0.02562133844725729,4.658610715941885,False,False
scene0000_00,2358,211,2,3,38,0.4664929985000171,0.1306824637191976,55.21586201159892,0.8491224819523813,0.048435312186828894,2.3611766504829,False,False
scene0000_00,2369,212,2,3,37,0.4670070846491256,0.14279250613818253,54.86050685510747,0.8350743885619266,0.039005207804914635,2.1966166242144682,False,False
scene0000_00,2380,213,2,3,36,0.46186266229596107,0.1496220920379252,54.896494709565815,0.8344842608908906,0.041576336976453306,2.3299574216865997,False,False
scene0000_00,2391,214,2,3,35,0.45002153236991016,0.13023095737345042,54.73816083018608,0.8097510571799543,0.020002489520234666,5.7048945042482995,False,False
scene0000_00,2402,215,2,3,34,0.4474044402536213,0.12764378883817035,54.68769114530916,0.8044644304615582,0.014870857104376765,6.034580780981487,False,True
scene0000_00,2414,216,2,3,33,0.433920838453853,0.10112387985715537,53.492615226276826,0.7883154278935471,0.023818770379820012,5.819003852934728,False,False
scene0000_00,2425,217,2,3,32,0.4275955104261752,0.12514045179766314,53.56589944191205,0.7653953644484928,0.03581555046734013,6.9859963880281155,False,False
scene0000_00,2436,218,2,3,31,0.42007028216442716,0.15422266604252222,53.25854958896349,0.7502912801421928,0.020055847244428163,5.417716302808522,False,False
scene0000_00,2447,219,2,3,30,0.4164205228658727,0.14959007892061957,53.0042935799689,0.7480401734708237,0.018414233216302266,5.5099436960658625,False,True
scene0000_00,2458,220,2,3,29,0.4246753976044427,0.10804655961092853,53.440525216357194,0.7528968899582446,0.02273174413306751,5.3335153064303045,False,False
scene0000_00,2469,221,2,3,28,0.4185257492129494,0.07785651580709893,53.48266412595658,0.7515428374383453,0.022018824923358323,4.626351837924836,False,False
scene0000_00,2481,222,2,3,27,0.4251433364912946,0.057001127711381896,54.0088124041746,0.753036949924669,0.01600886652970624,4.800431809138273,False,True
scene0000_00,2492,223,2,3,26,0.4235506266740592,0.050462152020108744,54.97589428075211,0.752946400315444,0.009177926025776632,5.457770296213635,False,True
scene0000_00,2503,224,2,3,25,0.42557689476802385,0.08260755924286552,55.197946672191776,0.7588594062805933,0.018081999953930793,5.036517043571062,False,True
scene0000_00,2514,225,2,4,25,0.4290020987565649,0.12277680703801656,55.61175429584978,0.7561306485503799,0.016985771590459536,5.759719091250668,False,True
scene0000_00,2525,226,2,4,26,0.43141594207268036,0.09893294388825358,54.23180766483222,0.7575509897648864,0.021694151708239146,6.729115056795675,False,False
scene0000_00,2537,227,2,4,27,0.4301736915351062,0.07327060491469758,53.866138150540884,0.7539917605165065,0.04152448227040006,7.798755730117483,False,False
scene0000_00,2548,228,2,4,28,0.4259814659785928,0.10092495563907473,53.63462274910141,0.7607294687140824,0.03339613670834731,6.262375724138662,False,False
scene0000_00,2559,229,2,4,29,0.4311689907991791,0.14630489059437035,53.88073867142066,0.7548322685090941,0.03772335361936351,7.840081436861219,False,False
scene0000_00,2570,230,2,4,30,0.42237250649334396,0.08046405813767535,53.428191024881386,0.73809062665869,0.026831105622880377,7.362156339027889,False,False
scene0000_00,2581,231,2,4,31,0.41945570983721986,0.07760543900329882,54.064584758918755,0.7281764118000169,0.005618213139263253,6.009458509964951,False,True
scene0000_00,2592,232,2,4,32,0.4251003724600689,0.03863599951101959,53.69866937084919,0.733771820079115,0.026947127091492853,5.912095762976062,False,False
scene0000_00,2604,233,2,4,33,0.4247172680177155,0.030009232529514922,54.19165888017635,0.735680985999666,0.02032809877857356,5.985662010001125,False,False
scene0000_00,2615,234,2,4,34,0.425415703914935,0.026555175071528915,53.89199512324851,0.7279627820651801,0.015335207033258674,5.846915706372059,False,True
scene0000_00,2626,235,2,4,35,0.4303688137198453,0.026261303935003893,54.0019702285043,0.7296704438665513,0.017577358868932406,5.808209762774902,False,True
scene0000_00,2637,236,2,4,36,0.437117292102699,0.07939577642129006,54.297132894172925,0.7063355662715647,0.012785513047386008,6.140477756785796,False,True
scene0000_00,2648,237,2,4,37,0.4278508308348845,0.12189343549470637,55.53701784970529,0.6913631663100503,0.01848247813595882,6.574290485076012,False,True
scene0000_00,2659,238,2,4,38,0.4405011153982026,0.12735364232305316,55.97895352279704,0.681331192484516,0.011034237906019269,6.902774237320823,False,True
scene0000_00,2671,239,2,4,39,0.5023947445335699,0.1623628755140481,56.8117355932002,0.5426653357201174,0.025323314817555422,8.11305607995184,False,False
scene0000_00,2682,240,2,4,40,0.4473258585763196,0.18951756789775567,55.742297819626366,0.5386576159895633,0.010555603525260209,6.414491540496445,False,True
scene0000_00,2693,241,2,4,41,0.48738405433650295,0.2050024092969288,56.392972026716706,0.544038877763459,0.008613264399144388,6.187142189211655,False,True
scene0000_00,2704,242,2,4,42,0.49906128717782056,0.22437277689881902,56.116222012776966,0.5415754489541986,0.02305432501959506,6.669094798077788,False,False
scene0000_00,2715,243,2,4,43,0.5346239314960226,0.2482784637845617,55.44128401364642,0.5474232098510132,0.02534444283260503,6.9830978339039325,False,False
scene0000_00,2727,244,2,4,44,0.5200043022788262,0.1850949050892765,55.1299945519973,0.5394987668478155,0.026831080206509886,7.394892958586703,False,False
scene0000_00,2738,245,2,4,45,0.5398282648316945,0.20468859097444744,55.529409277882266,0.5390214945373752,0.016970499640995784,8.09275022742567,False,True
scene0000_00,2749,246,2,4,46,0.43394670849207023,0.17921022803955877,56.55508338450043,0.6404337347486215,0.014794500792776093,6.619827719506721,False,True
scene0000_00,2760,247,2,4,47,0.43067952616665583,0.22142197974012118,56.736966168517405,0.6584797213852386,0.022559587875945232,6.293756675438801,False,False
scene0000_00,2771,248,2,4,48,0.40797037487575183,0.14202812791903377,57.29009636599897,0.6556707985450486,0.03197680606219365,6.266778976878222,False,False
scene0000_00,2782,249,2,4,49,0.5086440322935577,0.1528119101257588,56.05777958822646,0.5787599477310579,0.015368027974239645,8.527988994259244,False,True
scene0000_00,2794,250,2,4,49,0.429064208908458,0.14892790581433826,18.432061158079172,0.748802803362339,0.0952854196236154,2.4598158705086774,False,False
scene0000_00,2805,251,2,4,48,0.4263927804869031,0.1454048991995041,24.337321199771402,0.7520504534694126,0.05976333237311837,3.721982827270913,False,False
scene0000_00,2816,252,2,4,47,0.4572602272585995,0.185259550759512,22.33407462227565,0.731804489533673,0.014365987059818503,1.5186924799039128,False,True
scene0000_00,2827,253,2,4,46,0.44937167738969125,0.13167834840563009,17.949311385558012,0.730486253743293,0.03269668009781852,0.5983754400813823,False,False
scene0000_00,2838,254,2,4,45,0.46086699601245934,0.09228855076828388,14.247198867724972,0.7268060300399396,0.02794119927677923,1.1054203301067438,False,False
scene0000_00,2849,255,2,4,44,0.4486322617648219,0.10755869872427978,16.846351564980033,0.7496838119550127,0.02570694185380718,1.0102864336548874,False,False
scene0000_00,2861,256,2,4,43,0.42815604225779313,0.12417960850805491,24.20261312341762,0.7574529853636979,0.012841017314373742,0.8619791491569027,False,True
scene0000_00,2872,257,2,4,42,0.42195076762401823,0.1397328433371398,24.822850077278424,0.762881456951365,0.02045271540218091,0.8643773168589304,False,False
scene0000_00,2883,258,2,4,41,0.42065479521183385,0.12058675760575097,24.852087353920368,0.7663355005114647,0.02136073935049998,0.8491012775248982,False,False
scene0000_00,2894,259,2,4,40,0.4323536843680677,0.1565649386668059,21.927154115475446,0.7778436195493587,0.02293584095806034,0.9404103255302293,False,False
scene0000_00,2905,260,2,4,39,0.4328164627175438,0.21191952444975726,29.676672459413886,0.7758960647414218,0.01963393051304108,0.5684752491889972,False,True
scene0000_00,2917,261,2,4,38,0.4237256727309244,0.13527636659551334,24.455283461569337,0.7739041274536809,0.033441587577810156,1.3802777373738768,False,False
scene0000_00,2928,262,2,4,37,0.4127753399378139,0.23122608133072192,35.61140360654963,0.7710367942699893,0.03966277912029704,0.9133132828523792,False,False
scene0000_00,2939,263,2,4,36,0.4070492132506427,0.22971612657605325,35.547055470022116,0.7704051296378894,0.05378085612228764,1.595698926571892,False,False
scene0000_00,2950,264,2,4,35,0.413719083262446,0.2835314450105617,43.83716733530391,0.7630184131493651,0.048506744442407095,0.7440438573195525,False,False
scene0000_00,2961,265,2,4,34,0.41304972507000115,0.2809680906544023,39.95903913933866,0.7650049586688297,0.053860128799321144,1.0995174901516462,False,False
scene0000_00,2972,266,2,4,33,0.4037897917764856,0.2020489034112789,34.39985210309372,0.7549737061082378,0.03616753011628352,0.49902987549201044,False,False
scene0000_00,2984,267,2,4,32,0.40168121894997033,0.10651139073267885,24.527595252114814,0.7424389228848872,0.039253033375611715,0.9424020739420145,False,False
scene0000_00,2995,268,2,4,31,0.42072190468242093,0.1714544748038383,18.877852692677266,0.7240606465631939,0.033062735518611525,1.4236996282542869,False,False
scene0000_00,3006,269,2,4,30,0.4099351551728819,0.18805083293601021,2.4478303684915597,0.7100601145505128,0.03579897916965275,2.0482307396361366,False,False
scene0000_00,3017,270,2,4,29,0.4146565570388047,0.17508639007948867,11.08011108815932,0.6874956049655827,0.023456822307618364,2.1389885283063346,False,False
scene0000_00,3028,271,2,4,28,0.3947111602273916,0.13397670724790667,12.793367896887958,0.6568437487848734,0.032461638338292596,1.4734853224441795,False,False
scene0000_00,3039,272,2,4,27,0.40787756391078467,0.11566932521667236,11.414176382961376,0.6560282141969346,0.030118863699251843,1.0982863557595661,False,False
scene0000_00,3051,273,2,4,26,0.40019997484774833,0.10301868426756329,12.200275461475481,0.653053956319732,0.035152992022603156,0.6915536977630014,False,False
scene0000_00,3062,274,2,4,25,0.4033518668539686,0.12117305316253196,11.497107602200774,0.6397227470189225,0.017463363697881703,1.0995867818503822,False,True
scene0000_00,3073,275,2,5,25,0.3929935300908937,0.10107685784720041,10.490397101870604,0.6432893252438326,0.02816158032644438,0.884046597904089,False,False
scene0000_00,3084,276,2,5,26,0.3875605835279873,0.059256921061686424,9.139496144154004,0.6229646485145688,0.033832447017370815,1.4163685057563653,False,False
scene0000_00,3095,277,2,5,27,0.3795144618716502,0.10907267803267565,10.896541688286156,0.615438884051809,0.011196452883099254,0.8968944423939099,False,True
scene0000_00,3107,278,2,5,28,0.39517041405683667,0.12559831765582358,11.063008168987468,0.6127715798044178,0.022269108870052547,2.220549980940585,False,False
scene0000_00,3118,279,2,5,29,0.3876664178800603,0.07050991270632707,3.8100077736536724,0.6296079321534839,0.012689816683788964,0.7836923175017813,False,True
scene0000_00,3129,280,2,5,30,0.3871822037878952,0.07872083707510137,4.487143190711758,0.6225385000983267,0.014816368427757557,1.4424459653647816,False,True
scene0000_00,3140,281,2,5,31,0.3793072422909893,0.14722891816531736,20.44668090097865,0.6432216730044665,0.023957700806493426,2.6532299590570534,False,False
scene0000_00,3151,282,2,5,32,0.387791568707386,0.18849489715575984,25.24809438996462,0.6651552691545701,0.031206435733300158,1.4368944744954355,False,False
scene0000_00,3162,283,2,5,33,0.3991925732408128,0.2200185056889138,24.627687118975484,0.6828753620060433,0.03169304259237117,1.757949763914234,False,False
scene0000_00,3174,284,2,5,34,0.38997764505997534,0.3022337364223888,31.37116782134813,0.6860978703259677,0.017833040749015566,1.999319504145655,False,True
scene0000_00,3185,285,2,5,35,0.3884432840937265,0.25915691684725845,26.541511801705518,0.703933429599916,0.021228975811790375,1.6160040348821276,False,False
scene0000_00,3196,286,2,5,36,0.3989147433823446,0.056356396267546995,7.950193827935308,0.703904993753338,0.026832749052730958,2.124718415593768,False,False
scene0000_00,3207,287,2,5,37,0.41702105104655723,0.16174330957609362,1.865744639794145,0.6789145122523392,0.04211009753213966,2.1288119678061586,False,False
scene0000_00,3218,288,2,5,38,0.40634927971991275,0.12915997008579067,12.87979541809591,0.6382977702112527,0.02317395762011007,1.5916317953149566,False,False
scene0000_00,3229,289,2,5,39,0.390095235607973,0.0732221927547794,8.750077085674981,0.6255297294691129,0.03614354031656469,1.6332668944624282,False,False
scene0000_00,3241,290,2,5,40,0.391652172271458,0.1305924986819199,10.014306334906792,0.6105594800603346,0.05203961226314901,2.62043687224261,False,False
scene0000_00,3252,291,2,5,41,0.3718263973274046,0.0997660501919525,11.112656665366181,0.6250859864334283,0.039321651803250535,1.8492726658786998,False,False
scene0000_00,3263,292,2,5,42,0.36574684774012245,0.06060482943641661,9.203123009643566,0.6334149593000641,0.03211435270690614,1.9380630247459536,False,False
scene0000_00,3274,293,2,5,43,0.35727264631763456,0.058909617426944304,8.986544946819304,0.692721700888872,0.032540968441613576,1.5830118934868496,False,False
scene0000_00,3285,294,2,5,44,0.35104122022865747,0.06774089678188952,9.123325992187297,0.6968050966701792,0.02024292527903028,2.1682305412926284,False,False
scene0000_00,3297,295,2,5,45,0.3656962466544618,0.04408801175049873,7.6149762031389905,0.7169591971902994,0.02385941807725532,0.6904772399870057,False,False
scene0000_00,3308,296,2,5,46,0.36474688518246523,0.03848681878308476,7.708068838476928,0.7167958384838821,0.022270245698755433,0.4800320580231075,False,False
scene0000_00,3319,297,2,5,47,0.35909111017773954,0.038759052531590024,7.926628984784647,0.7094629948674249,0.011237139432110325,1.3399416369760493,False,True
scene0000_00,3330,298,2,5,48,0.37109722600306977,0.05574743613859069,7.318962375693705,0.7321990668785177,0.043766731921222164,0.9251867882663615,False,False
scene0000_00,3341,299,2,5,49,0.37169684830690153,0.05881696213617206,7.06475331224777,0.7337885566287203,0.052698192734902366,1.555686175693786,False,False
scene0000_00,3352,300,2,5,49,0.4164970498567867,0.18267689712741383,9.493988433116321,0.6080219834248265,0.0686681770392569,2.8217466029519747,False,False
scene0000_00,3364,301,2,5,48,0.4154947789556472,0.15810501946111258,9.163037707073356,0.6091104293820965,0.06868083312419145,2.3200226580000547,False,False
scene0000_00,3375,302,2,5,47,0.4130077544609583,0.15581963877454863,9.844675569887617,0.610360742557992,0.05589843077492979,3.0794692277017646,False,False
scene0000_00,3386,303,2,5,46,0.4135673818251241,0.12801770573937576,9.040069956856476,0.620281133189595,0.04402300777956472,2.333800437994336,False,False
scene0000_00,3397,304,2,5,45,0.4197311360756612,0.12176478181393614,8.97002757927153,0.6461192035200892,0.027154129544742788,2.149829794103126,False,False
scene0000_00,3408,305,2,5,44,0.42129952770258894,0.1319984120253706,8.849728776543534,0.6541848053793538,0.04318281477672873,3.5260535295352744,False,False
scene0000_00,3419,306,2,5,43,0.42610518868807246,0.12884546850379386,8.445408857426738,0.7095876862252264,0.05166719258326061,3.5667680901328884,False,False
scene0000_00,3431,307,2,5,42,0.41977259045043125,0.1009904242959549,10.56273234011613,0.7030486203605526,0.016826565150677084,3.266561604342222,False,True
scene0000_00,3442,308,2,5,41,0.4274360284239303,0.0931920592406443,11.045193991034427,0.7394022212276108,0.013431101928241242,3.5817131584164077,False,True
scene0000_00,3453,309,2,5,40,0.4210728771631996,0.09859162429260028,10.909854076627187,0.7384174443806493,0.017200010987940634,2.609018319174343,False,True
scene0000_00,3464,310,2,5,39,0.41583683768013996,0.09928389143395575,11.163532623784592,0.7434409806558953,0.0338816831265197,1.9042731847990275,False,False
scene0000_00,3475,311,2,5,38,0.4276161554287599,0.0826000157727948,13.91674395985845,0.7565685978922588,0.04305505463945876,1.8471635559982207,False,False
scene0000_00,3487,312,2,5,37,0.42263492026643323,0.16137977882162047,9.661751222941593,0.7674600355504121,0.07944843881410776,2.7946517438728034,False,False
scene0000_00,3498,313,2,5,36,0.4399216424537835,0.1174580783611017,11.84672154763956,0.7716730926418802,0.016856776446159318,1.2411933061456522,False,True
scene0000_00,3509,314,2,5,35,0.4314127406212761,0.12178241857566444,14.60382466549579,0.7615059962067952,0.029206632234218346,1.4225186254292932,False,False
scene0000_00,3520,315,2,5,34,0.42159275016630565,0.18275836161282646,18.054887089745414,0.7554423742706826,0.0069763887549882135,1.8518125723682448,False,True
scene0000_00,3531,316,2,5,33,0.4264412213326623,0.15038476978953486,15.395969553072241,0.7615675403290997,0.024495991206583564,1.7565384777354487,False,False
scene0000_00,3542,317,2,5,32,0.429832905048878,0.15915045234470848,18.552627633767997,0.7690001194882434,0.025945670122825934,1.4608245735886372,False,False
scene0000_00,3554,318,2,5,31,0.4311064898156253,0.15385928841894586,20.16448332718624,0.7598082581127958,0.018940360664245492,2.846629817714505,False,True
scene0000_00,3565,319,2,5,30,0.4408277777594423,0.09281830589174364,18.011952725176258,0.768009702981257,0.017321701973850846,2.9523471871346234,False,True
scene0000_00,3576,320,2,5,29,0.44002845200201796,0.08901666538445607,17.88750088976264,0.773230025186344,0.006260125975825063,2.2722598782128904,False,True
scene0000_00,3587,321,2,5,28,0.4462201357118182,0.12804580612245217,17.13728271921633,0.7800438452991347,0.016347983069325746,1.8367388723375766,False,True
scene0000_00,3598,322,2,5,27,0.44558118252379975,0.09235215735602227,22.303134392291923,0.7701782333314209,0.020405131437946585,2.953678815919011,False,False
scene0000_00,3609,323,2,5,26,0.45028330533790706,0.08403391328077431,25.94080655623123,0.7807784147907859,0.008379891928243444,1.2881635257969222,False,True
scene0000_00,3621,324,2,5,25,0.4495417540008962,0.09321589928895671,27.55765214137231,0.7869755906168322,0.013502257897723477,1.713004632423722,False,True
scene0000_00,3632,325,2,6,25,0.45072930734592553,0.15543348504099846,35.30847571390739,0.7874075134989618,0.01157228569841936,1.812356667679619,False,True
scene0000_00,3643,326,2,6,26,0.44300626063770293,0.09998880437255198,34.87305433823167,0.7834172979899078,0.012102348623324351,1.8135470941497123,False,True
scene0000_00,3654,327,2,6,27,0.4417312698135687,0.10933248020099637,39.92531248521399,0.7741817092219732,0.031216866080861258,2.497501589269569,False,False
scene0000_00,3665,328,2,6,28,0.4409496915753702,0.14121747148437372,51.15018915983464,0.7693823892247541,0.009444639433160996,2.1550951863136527,False,True
scene0000_00,3677,329,2,6,29,0.43978695356413633,0.09621052843503228,30.80984864817951,0.7685349830295146,0.009215231996371382,3.3089560946084973,False,True
scene0000_00,3688,330,2,6,30,0.4265695054207933,0.13690809720307984,40.70684222471527,0.773585523039021,0.02056334145665522,2.808776903043649,False,False
scene0000_00,3699,331,2,6,31,0.4352191762298646,0.1544306062169376,68.69160019585266,0.7657591730899082,0.005906947011054426,3.4427176106762123,False,True
scene0000_00,3710,332,2,6,32,0.4289072975630781,0.10333804407088454,49.38464352210498,0.7765535459061611,0.007363680967188446,3.2074887355978206,False,True
scene0000_00,3721,333,2,6,33,0.4355058485510484,0.12298771474282458,34.92988010219031,0.7762425726274357,0.013622279018748885,3.0977822422113706,False,True
scene0000_00,3732,334,2,6,34,0.44727511091100325,0.21636724872609892,26.95957403414561,0.7802826990500448,0.02601470887992349,3.486251310201094,False,False
scene0000_00,3744,335,2,6,35,0.42952424295574737,0.26592053297429163,21.458476170538738,0.7724460358418339,0.036796167833482135,4.1415593378494,False,False
scene0000_00,3755,336,2,6,36,0.42021492290301365,0.22061264045310983,39.96981179877299,0.7728766134232947,0.03360930076719511,3.2512289648887593,False,False
scene0000_00,3766,337,2,6,37,0.4186670711088002,0.26814167759331536,61.44151044175642,0.7717596243495086,0.035319423581652,3.38252103537301,False,False
scene0000_00,3777,338,2,6,38,0.4145671743984294,0.2730480810199442,58.92961940665496,0.7821823030163916,0.028798189581125653,2.7789945379076633,False,False
scene0000_00,3788,339,2,6,39,0.4126313917305946,0.22487249611162352,47.5432299965791,0.7797851071450308,0.02858374891174059,3.177358161340066,False,False
scene0000_00,3799,340,2,6,40,0.41616803819118753,0.12564893195379695,32.41915644604852,0.7714729477644957,0.01646684842284703,3.6272664758038293,False,True
scene0000_00,3811,341,2,6,41,0.43238539129660264,0.37117430872351687,72.19952985619292,0.7559456932737489,0.030829010937910406,9.602788800560983,False,False
scene0000_00,3822,342,2,6,42,0.4318790200298155,0.4287595625074395,65.62796392340184,0.755280491047534,0.04660723111564523,8.085985705861237,False,False
scene0000_00,3833,343,2,6,43,0.4500580030007859,1.2251681836815138,9.63773602174222,0.7383587996908176,0.032510578094820976,10.13246548025176,False,False
scene0000_00,3844,344,2,6,44,0.41837773535461964,0.33082836610405686,57.28220226362568,0.7564902374186215,0.06289220158654411,5.334432269702375,False,False
scene0000_00,3855,345,2,6,45,0.40461690633463265,0.25575521054812816,33.3821796362285,0.7649514654743239,0.02733960990990374,3.1192571906319544,False,False
scene0000_00,3867,346,2,6,46,0.41342440865322844,0.4694805545118937,37.02219501384681,0.7761265824698639,0.0257963329144957,3.980276342906178,False,False
scene0000_00,3878,347,2,6,47,0.4214694142620925,0.46710363436093294,35.960415575768195,0.7804611898637703,0.028340539609103342,1.594305692841696,False,False
scene0000_00,3889,348,2,6,48,0.42155039493295926,0.3918292764905761,60.88166983159984,0.7808005200336698,0.015020286974642545,2.327267981912133,False,True
scene0000_00,3900,349,2,6,49,0.4386090288891589,0.2553858151494956,70.62525005494203,0.7957257934184643,0.034487198175456216,5.340653803673771,False,False
scene0000_00,3911,350,2,6,49,0.589125482376137,0.3572370831374244,135.4886536265246,0.4022424611873582,0.01763495276612908,3.5623758340104503,True,True
scene0000_00,3922,351,2,6,48,0.578027806047811,0.28571903316663727,131.26939079659277,0.3973821375459685,0.020423488692422418,3.572853660648646,True,False
scene0000_00,3934,352,2,6,47,0.6224275036180089,0.3505340709363741,144.02629555024183,0.403462351909082,0.015644225771336645,5.143575604775395,True,True
scene0000_00,3945,353,2,6,46,0.5982688229654245,0.19463297914198632,147.06993207346574,0.38863093214237676,0.020430543320597388,5.166845866873735,True,False
scene0000_00,3956,354,2,6,45,0.5660536530153442,0.250593087738239,144.10598545228754,0.39201037302530506,0.02730755389171827,6.390098382680573,True,False
scene0000_00,3967,355,2,6,44,0.5577526280466933,0.281217392664572,137.84818868190908,0.38798851185697725,0.019209774617709025,6.323911692235971,True,True
scene0000_00,3978,356,2,6,43,0.5784029026571473,0.22456911287667325,148.80699924573048,0.3964506196396105,0.010667919368434324,6.371317721792625,True,True
scene0000_00,3989,357,2,6,42,0.6013481746754472,0.43131090716419207,155.25248537652004,0.3981562033953592,0.04956829637620234,6.876582048752077,True,False
scene0000_00,4001,358,2,6,41,0.5778757141469958,0.2418689196055824,147.66768325272398,0.39734461869988946,0.026804433730149707,5.919648648960588,True,False
scene0000_00,4012,359,2,6,40,0.5706380689962154,0.35877784982332545,146.87088022145517,0.40746327722301845,0.04660873961392683,6.533807587325783,True,False
scene0000_00,4023,360,2,6,39,0.6106191446573876,0.7137137979551784,151.45282748719742,0.4040527751210008,0.016861186246558763,5.6104557227369884,True,True
scene0000_00,4034,361,2,6,38,0.5987967759827246,0.2616171974105346,147.28561905149292,0.3842038057813647,0.009972529876237986,5.182595598242517,True,True
scene0000_00,4045,362,2,6,37,0.5310030287432861,0.13334914025880934,127.92481997993532,0.36220123079191935,0.018216333025971997,7.60536891878837,True,True
scene0000_00,4057,363,2,6,36,0.3385664262080284,0.5550575033890579,108.1124093240446,0.33757740477010034,0.03280096099130877,7.577103315714137,True,False
scene0000_00,4068,364,2,6,35,0.3375140455469862,0.538356379134167,108.23041355885556,0.33157417655982413,0.03373285566208392,6.184296330535355,True,False
scene0000_00,4079,365,2,6,34,0.34669379763715374,0.5456375672621587,108.41331700533382,0.33634239769299534,0.028037720374857685,7.24467734140321,True,False
scene0000_00,4090,366,2,6,33,0.32943979589447,0.550755124575891,105.82760900574625,0.3454734463709761,0.016584849127723667,6.523103912047672,True,True
scene0000_00,4101,367,2,6,32,0.3276288926146528,0.6013208665832472,103.4128956966469,0.34810204350085294,0.01564270623654603,5.9241438293585205,True,True
scene0000_00,4112,368,2,6,31,0.3116767847904756,0.5788468273999415,99.94640419026912,0.3583927221830092,0.016701243717681124,5.003292142295207,True,True
scene0000_00,4124,369,2,6,30,0.31418001511932486,0.5685269706074988,99.72682984595605,0.36449548563413803,0.014555293725744786,5.411798980748365,True,True
scene0000_00,4135,370,2,6,29,0.32201807446471775,0.5480072307694805,98.42730248951257,0.36717353739543734,0.008011739113557887,4.992968598143373,True,True
scene0000_00,4146,371,2,6,28,0.3481737157346111,0.3872281850236211,103.03319838739775,0.3652352237701999,0.009479931667508773,4.821605877318952,True,True
scene0000_00,4157,372,2,6,27,0.3355608541927806,0.41359866406547163,100.33889765536921,0.37963471195577425,0.006264655327093426,4.518202545336909,True,True
scene0000_00,4168,373,2,6,26,0.38181183720927164,0.1626317166746606,109.50598032634062,0.3924302381824676,0.006124841939365371,5.458538640197368,True,True
scene0000_00,4179,374,2,6,25,0.3895128950115572,0.16158620163607007,115.89941159052991,0.395784008067528,0.01061117251955102,4.74821959398626,True,True
scene0000_00,4191,375,2,7,25,0.3868919972211019,0.15053582157722975,114.56462827972565,0.39573157333406317,0.013641920955222857,5.512672240801611,True,True
scene0000_00,4202,376,2,7,26,0.3636635149820676,0.12327039555356535,100.92350096870635,0.38746620863594794,0.020335486373880073,5.550397716810372,True,False
scene0000_00,4213,377,2,7,27,0.31908040645075286,0.2162145036235903,95.03872584291759,0.371090826075717,0.03707350090838168,6.002954676156927,True,False
scene0000_00,4224,378,2,7,28,0.3776286469488192,0.6433809690768915,96.58854828529844,0.34339615115520017,0.047316384262599834,4.564974887017876,True,False
scene0000_00,4235,379,2,7,29,0.4370211676962171,0.5436872925881018,118.61479823956138,0.34983084206528225,0.026128513509057184,5.061495542163953,True,False
scene0000_00,4247,380,2,7,30,0.382296720031165,0.42909803192915635,111.13428202648115,0.33460001533145267,0.05189601128086589,4.233224436074326,True,False
scene0000_00,4258,381,2,7,31,0.4666252115013806,0.883072659717154,116.83300479058335,0.34041609685468033,0.03694789862000745,3.8634078083194416,True,False
scene0000_00,4269,382,2,7,32,0.4968631199688301,0.7655259668299828,131.3364790683881,0.323180922386052,0.047627804166189135,4.113492819541316,True,False
scene0000_00,4280,383,2,7,33,0.35651860739739916,0.5792394812827237,116.58977120135502,0.31735346611845805,0.04471960846502991,3.260322498762296,True,False
scene0000_00,4291,384,2,7,34,0.32917860333243165,0.44436207796597904,125.20882310350086,0.35424457807926735,0.015766828694982808,7.31234708505496,True,True
scene0000_00,4302,385,2,7,35,0.3238189131965291,0.41413582159487633,124.15763903351862,0.3339360945732084,0.007332027929333753,5.0251651112976345,True,True
scene0000_00,4314,386,2,7,36,0.3205980495077376,0.39644853032779653,123.80574502517828,0.32378543429456763,0.02585442270044375,5.107408216170946,True,False
scene0000_00,4325,387,2,7,37,0.3161686333652431,0.4015081409718365,121.25269972195247,0.3295084422686261,0.04331609983463287,5.564674916038187,True,False
scene0000_00,4336,388,2,7,38,0.3878066843247132,0.3616870764459993,126.44490636285866,0.5310871017800896,0.07792499796045123,11.58207484350569,False,False
scene0000_00,4347,389,2,7,39,0.3780580554481704,0.3583018260818105,124.59556223784732,0.5380067954800787,0.0721548097037579,9.893045244751248,False,False
scene0000_00,4358,390,2,7,40,0.39140918203488295,0.37610983227857037,124.18973394788722,0.5800098771705937,0.07338731077821471,12.18325101306525,False,False
scene0000_00,4369,391,2,7,41,0.381327192354227,0.2997511627415994,124.16629965844974,0.5025763071376357,0.026579964016239993,10.726425868739213,False,False
scene0000_00,4381,392,2,7,42,0.31721783973776985,0.2903366946267073,120.62068964004264,0.31874298036106596,0.029875183180955004,6.566310983087042,True,False
scene0000_00,4392,393,2,7,43,0.31620836569883576,0.3550335914111543,118.75886442851385,0.3749119361446245,0.026649396980720774,6.605334725516274,True,False
scene0000_00,4403,394,2,7,44,0.339090449645035,0.41018706521937964,119.31616676857215,0.4899912104090278,0.04620035381453678,11.778023801983244,False,False
scene0000_00,4414,395,2,7,45,0.3800321929108241,0.2644704332044217,126.90425712068267,0.5564053843239156,0.03827532439526228,13.792993870403054,False,False
scene0000_00,4425,396,2,7,46,0.34980238588816465,0.24171091960056765,122.99947111498201,0.5419217527926178,0.0307100807145993,10.684775028238287,False,False
scene0000_00,4437,397,2,7,47,0.3317245970145654,0.2460398056691867,122.68135270905685,0.48446598571965005,0.017969118909116375,8.303458519293207,True,True
scene0000_00,4448,398,2,7,48,0.3266898954791336,0.2758734865097715,120.97647216019352,0.5064137173371861,0.013889204886967243,8.034219102947246,False,True
scene0000_00,4459,399,2,7,49,0.33936886771412483,0.2521933197814197,118.4189858056117,0.5406902888653506,0.032449106323988376,7.548904261517614,False,False
scene0000_00,4470,400,2,7,49,0.46709048468387665,0.16179083308142916,175.0201869431914,0.7888903400694752,0.06468994727460686,10.949611746568314,False,False
scene0000_00,4481,401,2,7,48,0.44364679039223276,0.08089979935476344,175.10108130980413,0.7970048745306894,0.053319178253034234,10.328593478214755,False,False
scene0000_00,4492,402,2,7,47,0.4500166343758842,0.07383240202053813,175.7002895601942,0.8037024611474004,0.04815347411314435,9.779009209351756,False,False
scene0000_00,4504,403,2,7,46,0.45662363607948386,0.13016604078809835,175.85709418068492,0.8090151007702376,0.03340150451128577,9.490393086226916,False,False
scene0000_00,4515,404,2,7,45,0.4532118167683329,0.09951792344335163,175.69024068439842,0.809332858646113,0.027751175459473483,9.036654984533875,False,False
scene0000_00,4526,405,2,7,44,0.4333941405613808,0.10364906152358452,175.5740765730048,0.806711268290714,0.0320640542968988,8.99599261959559,False,False
scene0000_00,4537,406,2,7,43,0.43246338255872646,0.153217956337158,175.45398045682006,0.8030149440124625,0.028447034288755623,8.70748812975409,False,False
scene0000_00,4548,407,2,7,42,0.4589230516251434,0.12292072559714802,175.54249752751636,0.7969958083776535,0.024158128244425203,8.560258185605296,False,False
scene0000_00,4559,408,2,7,41,0.46817310711377286,0.1717101324379529,175.34868227603206,0.7950574033885112,0.02724756043750929,6.796934445363415,False,False
scene0000_00,4571,409,2,7,40,0.4639998570181966,0.15863502722697706,175.0247505496385,0.7821604475547661,0.03999104267110187,6.71240579057398,False,False
scene0000_00,4582,410,2,7,39,0.4693730607508007,0.24105158770044827,175.58740026070782,0.7965411755147488,0.05790994348191917,8.440328198305554,False,False
scene0000_00,4593,411,2,7,38,0.4331481455661603,0.08561298242437429,175.48950047235934,0.8190676263744765,0.02705492029841464,8.635075903909609,False,False
scene0000_00,4604,412,2,7,37,0.44419753400677736,0.05256897998545973,175.59255553353427,0.8156628632193266,0.017423838050338546,8.45356463897723,False,True
scene0000_00,4615,413,2,7,36,0.4428710262856456,0.08269055118666466,175.94528908739085,0.8121541474914848,0.016169133480756107,9.073378934541111,False,True
scene0000_00,4627,414,2,7,35,0.44539476485931334,0.09040545075817785,175.82985171321351,0.8141460456552293,0.01541031929238038,9.13281493909301,False,True
scene0000_00,4638,415,2,7,34,0.4481430347724316,0.17231380617988462,175.58926050096701,0.8185875740926054,0.03586859475694413,8.787550749988492,False,False
scene0000_00,4649,416,2,7,33,0.4423590560313519,0.28279954010010044,175.7764062020317,0.816550695033497,0.0376397157290721,9.3463448010634,False,False
scene0000_00,4660,417,2,7,32,0.41676277335886963,0.39495599630003947,175.89443046977345,0.8252614829060085,0.05370699226087176,8.888226103930664,False,False
scene0000_00,4671,418,2,7,31,0.411021214387791,0.47833954698155423,175.7824801918593,0.7987476350588217,0.01324636054009673,10.583780319037308,False,True
scene0000_00,4682,419,2,7,30,0.409151092261405,0.47842012625948444,175.71108612499188,0.7648577356999596,0.03375313306065344,10.995940414035799,False,False
scene0000_00,4694,420,2,7,29,0.47463792943138045,0.33279262974442825,176.3909584614832,0.745515283814973,0.005340889532735112,12.067376298586156,False,True
scene0000_00,4705,421,2,7,28,0.5660164164291672,0.1517441387463769,177.6630850112582,0.706749543625964,0.013767577517295983,10.824670706552064,False,True
scene0000_00,4716,422,2,7,27,0.6287213804685305,0.21961406639828054,178.66011788142967,0.6683495214218543,0.02497570023787722,11.610494008866297,False,False
scene0000_00,4727,423,2,7,26,0.6518325941934722,0.24430727596326207,176.5679622619188,0.6730554604244641,0.010214591658073011,11.178464764222868,False,True
scene0000_00,4738,424,2,7,25,0.7170320075814082,0.2422365736528152,175.71720391816285,0.6331894787785939,0.013473344744143169,13.539429255957646,False,True
scene0000_00,4749,425,2,8,25,0.7153882880764247,0.3427386683249708,175.17846696999786,0.6139366422856831,0.027066216033834634,14.320098721139225,False,False
scene0000_00,4761,426,2,8,26,0.6840190875902693,0.43913426478617157,177.20747755481162,0.6181872797794434,0.020638478984360376,14.185251035676052,False,False
scene0000_00,4772,427,2,8,27,0.712035106036496,0.28008980133392714,176.02344287158525,0.6376730001704063,0.008496684350297512,14.348014525599543,False,False
scene0000_00,4783,428,2,8,28,0.700977385879332,0.16589648103320342,175.49789428083218,0.6477397092808476,0.0117635805831984,13.539691637933467,False,True
scene0000_00,4794,429,2,8,29,0.619090301458862,0.31519715528503145,176.92734671783194,0.6788427873115997,0.03492794347144941,10.89913900816754,False,False
scene0000_00,4805,430,2,8,30,0.6073497886910575,0.41034583818303083,178.73430694073033,0.7085615046169214,0.02505363378256692,10.346909860730262,False,False
scene0000_00,4817,431,2,8,31,0.5225252060074621,0.10792735851797554,177.53167819024998,0.7010147038446632,0.041050368398815706,14.188107609392889,False,False
scene0000_00,4828,432,2,8,32,0.4199838825452243,0.22644067439936705,175.75419886677324,0.7997388670920323,0.04527067545352853,10.430148057298913,False,False
scene0000_00,4839,433,2,8,33,0.4187452018993711,0.11948880925426333,175.69048902431837,0.80983977279234,0.03868007866683461,9.677689853158963,False,False
scene0000_00,4850,434,2,8,34,0.44513249342174815,0.19344060839803476,175.84855009759286,0.815344328409523,0.02690674476840926,9.172085690200364,False,False
scene0000_00,4861,435,2,8,35,0.44954036322475915,0.1002210745928076,175.71226867874503,0.809919826203175,0.017410110424400577,9.401672982233244,False,True
scene0000_00,4872,436,2,8,36,0.45565565554636817,0.17346053114784368,175.81513219410576,0.7959557869743364,0.03882240119157283,9.877724751856695,False,False
scene0000_00,4884,437,2,8,37,0.5022109634977054,0.19683222563181801,174.43130273313432,0.7923711638640822,0.03904065866175891,11.222051903958684,False,False
scene0000_00,4895,438,2,8,38,0.5098823358664324,0.1760749157725079,175.23666098007766,0.7922889893826092,0.037819056556979556,10.908525098957956,False,False
scene0000_00,4906,439,2,8,39,0.5163602754098757,0.21382791084964226,176.4539916256516,0.8002225116992026,0.04739721825476467,9.909957148982432,False,False
scene0000_00,4917,440,2,8,40,0.46293142366198753,0.17368836134029003,175.79969607033024,0.8090213785407945,0.06966623619919382,10.319779715547103,False,False
scene0000_00,4928,441,2,8,41,0.45424108564783233,0.17011892485136693,175.6974435121234,0.8084064057842002,0.04102859867673765,11.052295432317376,False,False
scene0000_00,4939,442,2,8,42,0.45381669869359753,0.17815729752899429,176.3896972755991,0.7891362550222042,0.05286931682893071,10.717850987111651,False,False
scene0000_00,4951,443,2,8,43,0.4579233128633435,0.12037108169987012,176.02610457376542,0.8153471116219286,0.06497521353866452,9.221562464346,False,False
scene0000_00,4962,444,2,8,44,0.4607294101107589,0.15395252503609005,176.42831797036882,0.8275976458863539,0.07178129188041613,9.475807289937555,False,False
scene0000_00,4973,445,2,8,45,0.5237820094859587,0.10870735003189039,176.56208376351282,0.8657691522261468,0.06150280666437354,9.142794324444097,False,False
scene0000_00,4984,446,2,8,46,0.45775585219129417,0.08813463725142057,176.72277098003525,0.7931993438432008,0.04017644285036643,10.790583357672745,False,False
scene0000_00,4995,447,2,8,47,0.4522645574967393,0.16824171351540695,176.10550875895876,0.7940474489862579,0.04437270813274321,10.778772133844111,False,False
scene0000_00,5007,448,2,8,48,0.45206347882077735,0.18825552257519418,176.30900461824464,0.8016493041778899,0.056220595626421115,11.055541128978955,False,False
scene0000_00,5018,449,2,8,49,0.4580878855004635,0.15458565063268856,175.80432817810487,0.8074037564487208,0.07423743302746653,10.026178547303308,False,False
scene0000_00,5029,450,1,8,49,0.7540324545821018,0.11379092222098697,171.7994009349038,,,,,
scene0000_00,5040,451,1,8,48,0.7578275144371648,0.13558340709888517,172.45750071529238,,,,,
scene0000_00,5051,452,1,8,47,0.7281424997683414,0.16151917929280407,174.06507694675076,,,,,
scene0000_00,5062,453,1,8,46,0.7308093240937831,0.252183295705188,172.67232807026159,,,,,
scene0000_00,5074,454,1,8,45,0.6949817647072664,0.2809937419669242,173.61650731167578,,,,,
scene0000_00,5085,455,1,8,44,0.73143117218662,0.20958689997326072,172.96982134286907,,,,,
scene0000_00,5096,456,1,8,43,0.7468604635909036,0.10159474134266626,172.05631024694216,,,,,
scene0000_00,5107,457,1,8,42,0.7478036306061723,0.14520540332840315,172.55980533741308,,,,,
scene0000_00,5118,458,1,8,41,0.7491479584925889,0.16070880516981198,172.39967349250787,,,,,
scene0000_00,5129,459,1,8,40,0.7395453734001083,0.1440702217118463,172.2257762061143,,,,,
scene0000_00,5141,460,1,8,39,0.7440617135789683,0.1470837766352571,172.4201199066628,,,,,
scene0000_00,5152,461,1,8,38,0.7369739313205773,0.20992159708071523,171.15580506936902,,,,,
scene0000_00,5163,462,1,8,37,0.7226762059824416,0.2235649092254064,171.98561483900906,,,,,
scene0000_00,5174,463,1,8,36,0.7349836224867003,0.2409235999807257,171.5374541178733,,,,,
scene0000_00,5185,464,1,8,35,0.7298125652087815,0.21689803785058195,171.92136286801457,,,,,
scene0000_00,5197,465,1,8,34,0.7465185900574648,0.20202964714107854,172.23580333434253,,,,,
scene0000_00,5208,466,1,8,33,0.7383004687535963,0.17245687522550415,172.49462359768893,,,,,
scene0000_00,5219,467,1,8,32,0.7467060804759111,0.2083420928202035,172.51727572861935,,,,,
scene0000_00,5230,468,1,8,31,0.7381533962711365,0.22663917028118455,172.1574141987713,,,,,
scene0000_00,5241,469,1,8,30,0.7386780809676474,0.3279064323605311,172.14736985603696,,,,,
scene0000_00,5252,470,1,8,29,0.7468993229609551,0.3604677486499383,172.62452358668693,,,,,
scene0000_00,5264,471,1,8,28,0.7462427453827074,0.36928390298705904,173.09963864394499,,,,,
scene0000_00,5275,472,1,8,27,0.7522578275928256,0.3638470633357294,173.19460112244738,,,,,
scene0000_00,5286,473,1,8,26,0.7531668295161935,0.33981916296298686,173.0589190374648,,,,,
scene0000_00,5297,474,1,8,25,0.7490945724096938,0.28598761539616235,172.94349165070022,,,,,
scene0000_00,5308,475,1,8,24,0.7401186671470716,0.2857996947605592,173.23004196502222,,,,,
scene0000_00,5319,476,1,8,23,0.7435023248207728,0.3082978112898136,173.27904475409906,,,,,
scene0000_00,5331,477,1,8,22,0.7386774384841914,0.2723505407719422,172.61318489412037,,,,,
scene0000_00,5342,478,1,8,21,0.7541621949413944,0.2562846590519214,172.5995563271156,,,,,
scene0000_00,5353,479,1,8,20,0.7402935102554046,0.22658213178992284,172.65771388058954,,,,,
scene0000_00,5364,480,1,8,19,0.752478982015536,0.19731399182664947,172.66345007726378,,,,,
scene0000_00,5375,481,1,8,18,0.7617282665342363,0.19756936405637107,172.47529150556304,,,,,
scene0000_00,5387,482,1,8,17,0.7654301568279244,0.1349364927236639,171.87260409137772,,,,,
scene0000_00,5398,483,1,8,16,0.772937210334505,0.07379276331404397,172.02537913870128,,,,,
scene0000_00,5409,484,1,8,15,0.7929893730020173,0.07422195633354124,172.782302504971,,,,,
scene0000_00,5420,485,1,8,14,0.8249093323111295,0.033687321570076804,173.58733607135827,,,,,
scene0000_00,5431,486,1,8,13,0.8533983671445707,0.09073385283102145,173.44737240291695,,,,,
scene0000_00,5442,487,1,8,12,0.8697708435992522,0.13890207679806602,173.06051090362544,,,,,
scene0000_00,5454,488,1,8,11,0.889570395435622,0.16759915568647415,173.3330396901124,,,,,
scene0000_00,5465,489,1,8,10,0.8980409009221282,0.19347824941100614,172.84957599718135,,,,,
scene0000_00,5476,490,1,8,9,0.9071388506052238,0.2213134943699047,172.47326262479754,,,,,
scene0000_00,5487,491,1,8,8,0.9180472868289693,0.23389481507388446,173.01361118439428,,,,,
scene0000_00,5498,492,1,8,7,0.919088598708144,0.24215827909305698,172.87306816738948,,,,,
scene0000_00,5509,493,1,8,6,0.929983397592638,0.26225552912518374,172.4873752738186,,,,,
scene0000_00,5521,494,1,8,5,0.8949739384247092,0.3176762792364505,173.60004046417455,,,,,
scene0000_00,5532,495,1,8,4,0.884567421666234,0.35819423446668724,173.10368001537213,,,,,
scene0000_00,5543,496,1,8,3,0.8563120838866826,0.4097044866120461,176.3149611953866,,,,,
scene0000_00,5554,497,1,8,2,0.860879187974246,0.410172118993136,174.86371448491204,,,,,
scene0000_00,5565,498,1,8,1,0.8598741745397009,0.445866623665097,173.9365722839249,,,,,
scene0000_00,5577,499,1,8,0,0.8536270601475707,0.44723226990814535,174.20340154884732,,,,,
scene0691_00,0,0,1,0,0,0.03518722291123699,0.04246828933552548,0.9357355217916835,,,,,
scene0691_00,2,1,1,0,1,0.04929280238656886,0.041941612700631695,1.004475135725602,,,,,
scene0691_00,4,2,1,0,2,0.03396962252584945,0.03232233153007789,1.2315447377833588,,,,,
scene0691_00,7,3,1,0,3,0.03310024164390857,0.01585087308847411,1.2995933455672903,,,,,
scene0691_00,9,4,1,0,4,0.03237718499440956,0.01712713356384267,1.489909705948823,,,,,
scene0691_00,11,5,1,0,5,0.03304679311829739,0.015699555549903484,1.4516605357773569,,,,,
scene0691_00,14,6,1,0,6,0.032393380624042956,0.01192306217538018,1.4306720205314132,,,,,
scene0691_00,16,7,1,0,7,0.031265469951952785,0.02339059788997518,1.457431516677105,,,,,
scene0691_00,18,8,1,0,8,0.031361193790525155,0.02086363902017508,1.8737025424285174,,,,,
scene0691_00,21,9,1,0,9,0.0308147557512517,0.013649099863114694,1.652163548537756,,,,,
scene0691_00,23,10,1,0,10,0.032144644502378084,0.02014829413307901,1.9207127196882847,,,,,
scene0691_00,25,11,1,0,11,0.030858712973558022,0.014558512122926307,1.8219929313608179,,,,,
scene0691_00,28,12,1,0,12,0.03074537042459846,0.011580466428042828,1.9831712240080916,,,,,
scene0691_00,30,13,1,0,13,0.03122017227338003,0.011141438665801853,1.6719705272802783,,,,,
scene0691_00,33,14,1,0,14,0.032335355535646926,0.011444965479496116,2.033088032565955,,,,,
scene0691_00,35,15,1,0,15,0.0324749528300905,0.009787193335264769,2.0497027758336346,,,,,
scene0691_00,37,16,1,0,16,0.03359053806962009,0.00930893859402761,2.002335875950831,,,,,
scene0691_00,40,17,1,0,17,0.034015189379877464,0.014332973828356084,2.2133899703317117,,,,,
scene0691_00,42,18,1,0,18,0.033943145865121815,0.010268744818381307,2.0989329967409507,,,,,
scene0691_00,44,19,1,0,19,0.03381318929414712,0.007310053698488378,1.9930366488738729,,,,,
scene0691_00,47,20,1,0,20,0.03182144137286369,0.002394822071148811,1.9449617921938143,,,,,
scene0691_00,49,21,1,0,21,0.032323630071528164,0.0045992270695707615,1.938448767020034,,,,,
scene0691_00,51,22,1,0,22,0.03330421001537265,0.005994993951646002,2.1530518818568805,,,,,
scene0691_00,54,23,1,0,23,0.038797081276484846,0.02371134318217661,2.4411268259739445,,,,,
scene0691_00,56,24,1,0,24,0.04044811938869863,0.02428172846189074,2.790054795303709,,,,,
scene0691_00,59,25,1,0,25,0.03930359663271643,0.016988490876935356,2.425256165024757,,,,,
scene0691_00,61,26,1,0,26,0.04879346098081627,0.027224293215546588,3.0234525947162307,,,,,
scene0691_00,63,27,1,0,27,0.03943646706335824,0.010000297214640321,2.384439115960295,,,,,
scene0691_00,66,28,1,0,28,0.0372973791435699,0.015152377870842556,1.818261142890198,,,,,
scene0691_00,68,29,1,0,29,0.03768998365525422,0.018121953678145713,1.9419065207065533,,,,,
scene0691_00,70,30,1,0,30,0.036275948782045764,0.012224667709282185,2.2173190745342115,,,,,
scene0691_00,73,31,1,0,31,0.03538624190915696,0.007597666278780812,1.9174609811107204,,,,,
scene0691_00,75,32,1,0,32,0.04091900311109975,0.012126846057370265,1.9114182818940006,,,,,
scene0691_00,77,33,1,0,33,0.039850312148929756,0.014485167774411391,1.8970733031184035,,,,,
scene0691_00,80,34,1,0,34,0.03761456551360132,0.01207457942372854,1.8703233782303783,,,,,
scene0691_00,82,35,1,0,35,0.03781760143901125,0.013688770427133923,1.7875596320280351,,,,,
scene0691_00,84,36,1,0,36,0.03819631406685797,0.017011067594238812,1.8740263371200045,,,,,
scene0691_00,87,37,1,0,37,0.03616241382888297,0.016439048072570156,1.9722270513195714,,,,,
scene0691_00,89,38,1,0,38,0.03582123393830616,0.011748560977721036,1.8848492217948076,,,,,
scene0691_00,92,39,1,0,39,0.03749682583964753,0.014649241019156897,1.8367942474795755,,,,,
scene0691_00,94,40,1,0,40,0.037997383057768674,0.010819012946000487,2.237942848695269,,,,,
scene0691_00,96,41,1,0,41,0.03706944626394826,0.006142777138429367,2.1150952394118856,,,,,
scene0691_00,99,42,1,0,42,0.03832545388008779,0.010755523213862446,2.218157079922602,,,,,
scene0691_00,101,43,1,0,43,0.03739888502017896,0.012168478353445807,2.150751748851275,,,,,
scene0691_00,103,44,1,0,44,0.038989140492638574,0.01603137142018398,2.4024657818715576,,,,,
scene0691_00,106,45,1,0,45,0.03762011598670001,0.016790169809532986,2.1384301762995337,,,,,
scene0691_00,108,46,1,0,46,0.03798547968474508,0.0063073582956159726,2.1129284213002357,,,,,
scene0691_00,110,47,1,0,47,0.038002913667627425,0.0034342578776020666,2.0265099036726544,,,,,
scene0691_00,113,48,1,0,48,0.035881086243224614,0.009097173219732815,1.719358557729403,,,,,
scene0691_00,115,49,1,0,49,0.03524555378545069,0.00757628340853212,2.0409328104256916,,,,,
scene0691_00,118,50,2,0,49,0.08920997627401667,0.02036852120461647,2.2690978587103627,0.11523771033391617,0.0031897831285577403,1.5283574399094686,True,True
scene0691_00,120,51,2,0,48,0.08657666086905202,0.019236932766704396,2.1934568784931994,0.11104756686757244,0.0037646236468168717,1.5318912757660816,True,True
scene0691_00,122,52,2,0,47,0.08731485331928968,0.01859671719938403,2.0564753939530203,0.11163309478006345,0.0031088764971987544,1.5830886110960756,True,True
scene0691_00,125,53,2,0,46,0.08445290692727875,0.01670204650131749,2.1296578920604934,0.10850613624186922,0.0017460391710548344,1.5918900981278756,True,True
scene0691_00,127,54,2,0,45,0.08497062866166616,0.017194474803442217,2.286048499995907,0.10909679273936534,0.0009149585190012587,1.5754362065377325,True,True
scene0691_00,129,55,2,0,44,0.08598876962499735,0.015776806683955237,2.3168849313783983,0.10929996636938433,0.001641753722879081,1.588735531289153,True,True
scene0691_00,132,56,2,0,43,0.08302595817515829,0.013978835919771542,2.133956486219244,0.10703755656072844,0.0031515861396047328,1.6377763097720501,True,True
scene0691_00,134,57,2,0,42,0.08433463581467565,0.014949599886234318,2.2414776612353213,0.10796723545818143,0.0008058306140083772,1.580553968196252,True,True
scene0691_00,136,58,2,0,41,0.08501853460465936,0.013968609707422027,2.364275493878268,0.10843158813878373,0.0015038423365083115,1.5683251648552166,True,True
scene0691_00,139,59,2,0,40,0.08628058389949617,0.014300881226195992,2.624106043494752,0.10907444147476963,0.0026729703967009865,1.5661264120079497,True,True
scene0691_00,141,60,2,0,39,0.08479192295028204,0.012347484934205287,2.3911892019932974,0.10821879065554108,0.0026040741803765176,1.470084670959677,True,True
scene0691_00,144,61,2,0,38,0.08333874468448355,0.011688634137480388,2.7379965235094486,0.10764916952340853,0.0028515410030102843,1.4581301601495629,True,True
scene0691_00,146,62,2,0,37,0.08527835749941526,0.011008899152604154,2.7156051808308574,0.10708845829566693,0.003409109329887313,1.4319015510192332,True,True
scene0691_00,148,63,2,0,36,0.0877080997071471,0.01324173147835863,2.9982731888585064,0.10635159750390955,0.0014031111417904035,1.365442313246826,True,True
scene0691_00,151,64,2,0,35,0.08464219614295854,0.011692423016256174,2.8979803180582273,0.10515760643803462,0.0012902563572519564,1.3886705448281256,True,True
scene0691_00,153,65,2,0,34,0.08384407809270944,0.0103828207464713,2.7556993783368924,0.10431987312409097,0.001936355859536238,1.3600343071638354,True,True
scene0691_00,155,66,2,0,33,0.0859291144975543,0.011031006881086599,2.812347571845186,0.10409743928176618,0.0014504101412744007,1.314350193499379,True,True
scene0691_00,158,67,2,0,32,0.08602813458312325,0.009481755778053623,2.9727627128064102,0.10414078034112983,0.0019256183360026914,1.316295866414848,True,True
scene0691_00,160,68,2,0,31,0.08495606880466938,0.015239663806360208,2.7318788396437403,0.10327031668325215,0.002292025064537697,1.3074418254109514,True,True
scene0691_00,162,69,2,0,30,0.08250883978102536,0.009682073152065073,2.7082859959056274,0.10281825845459147,0.0022882812639949887,1.4319475807305402,True,True
scene0691_00,165,70,2,0,29,0.08247415703834293,0.007592203827267571,2.930045842344875,0.10275284716872735,0.0034099625123517616,1.3399282222361462,True,True
scene0691_00,167,71,2,0,28,0.08277305553997327,0.00780505918101511,2.985022960334872,0.10306174295166826,0.0038905570787940457,1.426875006613507,True,True
scene0691_00,169,72,2,0,27,0.08271358250290078,0.008235225971949957,2.824972735230918,0.10262330797150998,0.0037345977749098894,1.3137165064535221,True,True
scene0691_00,172,73,2,0,26,0.08297927206728034,0.012318306710806467,2.8214655883195223,0.10259040987871737,0.0021942232081298392,1.4461728549216741,True,True
scene0691_00,174,74,2,0,25,0.08340784072533575,0.014157603190809406,2.493944066972941,0.10250318365859656,0.0033705511421092352,1.4686762320057432,True,True
scene0691_00,177,75,2,1,25,0.0834470493152123,0.02063342916055197,2.527707860957946,0.10124963951178223,0.00217899010155285,1.3836191057292844,True,True
scene0691_00,179,76,2,1,26,0.08244057035173158,0.020372084670926285,2.6081269662911915,0.10175008624751325,0.0026186377087741527,1.4068586708100772,True,True
scene0691_00,181,77,2,1,27,0.08167713754943057,0.01790036781224269,2.5353179890528685,0.1027166617179599,0.0028648669061344507,1.4985559918057474,True,True
scene0691_00,184,78,2,1,28,0.07997297307249002,0.014706315211328449,2.515797428012564,0.102021680544236,0.0031826225120246314,1.4872860151651448,True,True
scene0691_00,186,79,2,1,29,0.08281282154277825,0.0130553332098482,2.469060693413656,0.10295192415053289,0.0029320377912199665,1.3962447912358544,True,True
scene0691_00,188,80,2,1,30,0.08273264799159807,0.011434024491485924,2.6795956460792514,0.10376222616861253,0.004124339621175048,1.4553949324043736,True,True
scene0691_00,191,81,2,1,31,0.08216701432380591,0.007930105801737085,2.5707682531541973,0.1019326384703867,0.0019010795841710962,1.4593636840738131,True,True
scene0691_00,193,82,2,1,32,0.08439755296577867,0.008560212430864533,3.256627794651534,0.09976636693705299,0.0023044281718552144,1.3491872765713295,True,True
scene0691_00,195,83,2,1,33,0.08230440135206235,0.013898930412358538,3.306068088634417,0.10000605605836033,0.0035932100248664304,1.4048520691837905,True,True
scene0691_00,198,84,2,1,34,0.08515166347313508,0.010427089026391482,3.9631284483196847,0.0983126396911741,0.0016108104322958504,1.3572929503290259,True,True
scene0691_00,200,85,2,1,35,0.08687741176015468,0.012542980408000068,4.168752188341845,0.09726068226027995,0.0010167598448678743,1.3648405943361182,True,True
scene0691_00,203,86,2,1,36,0.08558015712451239,0.01113256258440857,4.2894790173339015,0.09673157703289015,0.0012163280215388202,1.4241497987767213,True,True
scene0691_00,205,87,2,1,37,0.08473682591256598,0.014432190280000114,4.302466534494275,0.09711977057209864,0.0016508614225870907,1.4134343963679943,True,True
scene0691_00,207,88,2,1,38,0.08294371612523876,0.01584371167077847,3.7577846454895374,0.09628090687526991,0.0015101511248542404,1.490940348649987,True,True
scene0691_00,210,89,2,1,39,0.08430179058232812,0.029357474914740986,3.7070659860211643,0.09552674688438512,0.0005062347694255558,1.3364553814174918,True,True
scene0691_00,212,90,2,1,40,0.08532558826351727,0.02584177701315004,4.738393381223171,0.09472786617830375,0.0030031794305570296,1.5189683071737896,True,True
scene0691_00,214,91,2,1,41,0.08612413501927624,0.027268301725511673,4.5510238071511155,0.09505927345689857,0.0027011981558458407,1.331303691784721,True,True
scene0691_00,217,92,2,1,42,0.08556617624255736,0.019653028907422126,5.15250526982684,0.09516195655997806,0.0038700789144970474,1.3289156499342216,True,True
scene0691_00,219,93,2,1,43,0.08626205795731978,0.020280345844406203,4.236534342439057,0.09517673467789434,0.002089562506890168,1.291982034832468,True,True
scene0691_00,221,94,2,1,44,0.08632906885368469,0.02065028584543031,5.112149934025311,0.09437115583867672,0.002373130503243461,1.281698957864034,True,True
scene0691_00,224,95,2,1,45,0.087183460840083,0.0184426429265949,4.442255592053315,0.09515805118214282,0.0018619581405818846,1.282371857860552,True,True
scene0691_00,226,96,2,1,46,0.09165855752101609,0.01944413329722801,4.82106452948111,0.09476021061886142,0.002630297247229444,1.2105720655695984,True,True
scene0691_00,228,97,2,1,47,0.08830100894158655,0.02381437513464487,4.020801683950302,0.09434764347126146,0.0014834016514253178,1.1954674839519477,True,True
scene0691_00,231,98,2,1,48,0.09234857824595183,0.037650575075886046,5.128368777686038,0.09209438520541335,0.005269058446891812,1.2177304133616742,True,True
scene0691_00,233,99,2,1,49,0.09130615500713746,0.03133104311226468,4.8593233372558196,0.0922797000893183,0.006239723019439198,1.2338924262640458,True,True
scene0691_00,236,100,2,1,49,0.28895624030267675,0.029184666810898298,5.063652421756748,0.22208354694331078,0.0013431341479743632,1.50193640548367,True,True
scene0691_00,238,101,2,1,48,0.2944999948167588,0.029535688536124823,5.656442512996344,0.22277977254886971,0.0034961906379724884,1.613666537405564,True,True
scene0691_00,240,102,2,1,47,0.2817938772737848,0.044137057869156796,4.800562785737548,0.21718465242409346,0.0020478505818200196,1.4745751293500131,True,True
scene0691_00,243,103,2,1,46,0.2934674169198139,0.03433329780639064,5.779397158634758,0.2162731072851214,0.002316455059900675,1.451363057597949,True,True
scene0691_00,245,104,2,1,45,0.2889300644294631,0.027934418102886285,5.48357182448422,0.2160230710779426,0.001100833807118687,1.4970237215502555,True,True
scene0691_00,247,105,2,1,44,0.2860958945012226,0.0470794483665015,5.005144589037033,0.21594331896450925,0.00204536927380811,1.5416328228279135,True,True
scene0691_00,250,106,2,1,43,0.28947013264423416,0.038791079660991976,5.51711665115862,0.21793571263060252,0.006718157432563899,1.499167566933658,True,True
scene0691_00,252,107,2,1,42,0.28581666989050986,0.04623724842619068,5.132134411189976,0.21603584700698475,0.0037809516035314057,1.481207787850341,True,True
scene0691_00,254,108,2,1,41,0.2852612292253579,0.04779934860689146,5.036874277343006,0.2175066283025896,0.0036188551094534335,1.5073647516983557,True,True
scene0691_00,257,109,2,1,40,0.2826594802219097,0.04508147145702366,5.077743546798748,0.2155353455865181,0.0009709637639683084,1.5475717743391655,True,True
scene0691_00,259,110,2,1,39,0.28895015410883174,0.040204889735408644,5.405111774055746,0.21749213749675733,0.002557561903567155,1.4992156384469708,True,True
scene0691_00,262,111,2,1,38,0.2803785949864199,0.04704422636811907,4.677163331580415,0.215930403900511,0.004162627689354727,1.4849816167911603,True,True
scene0691_00,264,112,2,1,37,0.2798866359260544,0.04413058081096076,5.013133647776773,0.21360663312496087,0.0020687683454699204,1.396769246501154,True,True
scene0691_00,266,113,2,1,36,0.27736557517268673,0.03904769611405283,4.806704021904995,0.21280289304770128,0.002038850870216651,1.5760371046599704,True,True
scene0691_00,269,114,2,1,35,0.28965804580463156,0.0270630336443951,5.812930637129738,0.21060763012041717,0.004827090666284975,1.3322412252234852,True,True
scene0691_00,271,115,2,1,34,0.29524996378173896,0.03445767663334515,6.405921882422331,0.21104729364316555,0.004023271751322716,1.4228552748057686,True,True
scene0691_00,273,116,2,1,33,0.2971180513839339,0.03531177814528469,6.526085130814128,0.20942789439099319,0.0018780653668664187,1.4156505580936174,True,True
scene0691_00,276,117,2,1,32,0.31513897860084605,0.04038634661794864,9.620715693517088,0.2043827725951668,0.003663024091318309,1.3524145876292584,True,True
scene0691_00,278,118,2,1,31,0.30040209966990783,0.025331971227760104,7.533681980627071,0.20437249815467884,0.0025098248808351994,1.2729180496995456,True,True
scene0691_00,280,119,2,1,30,0.2986694701704296,0.030735354607777488,7.456906657541021,0.20128436669018324,0.003059733504289559,1.2343660307577282,True,True
scene0691_00,283,120,2,1,29,0.2964078305584112,0.030077558129913067,6.66656753511802,0.19787114222775748,0.0029210021999281207,1.3696346011409986,True,True
scene0691_00,285,121,2,1,28,0.2849393103892559,0.04656945685471128,4.37055332603893,0.19766431948969876,0.0015773626890415258,1.3846333521216136,True,True
scene0691_00,288,122,2,1,27,0.3020800904437222,0.06142671894626327,4.742242644991661,0.19502218396392246,0.005197077668952493,1.2945643559692104,True,True
scene0691_00,290,123,2,1,26,0.2903745948398154,0.0468518815644192,4.741014097223264,0.19191184659478877,0.0059015429540117,1.3106248426294345,True,True
scene0691_00,292,124,2,1,25,0.2926342433343434,0.043285859250530315,4.9076126636510455,0.19035384784464893,0.006878160023887599,1.1919024383092889,True,True
scene0691_00,295,125,2,2,25,0.29183374985154664,0.05164146299659576,4.2678414675296175,0.18811960651710813,0.0074877339086781135,1.1570548341357751,True,True
scene0691_00,297,126,2,2,26,0.28889570888710603,0.04331123206660598,4.470943530299238,0.1859022646927685,0.0033089782930285005,1.1658579838271643,True,True
scene0691_00,299,127,2,2,27,0.28395547851752484,0.029430498816074954,3.5434427700416053,0.1838459759090083,0.005079405652638361,1.1274266795805636,True,True
scene0691_00,302,128,2,2,28,0.284694122791506,0.030155560837475996,4.570869083812896,0.18138864505048258,0.0022173119159776653,1.1061033000469418,True,True
scene0691_00,304,129,2,2,29,0.2929917950312616,0.02215839256369667,5.039114455851352,0.18008493810201753,0.0015130902455032034,1.2783799444313977,True,True
scene0691_00,306,130,2,2,30,0.29532522907017666,0.03425291613574916,4.999444631190737,0.17907535436700817,0.002768374949909301,1.2399868849105227,True,True
scene0691_00,309,131,2,2,31,0.3196908569552299,0.056565446453905995,6.285976175849836,0.17605936263676758,0.00402275084973457,1.2417790172812757,True,True
scene0691_00,311,132,2,2,32,0.3318336108351593,0.06331449626923857,8.003587038203884,0.17505993497119832,0.0026843541673666448,1.2445817119484508,True,True
scene0691_00,313,133,2,2,33,0.35327075600155605,0.06554808907263493,9.315799749700782,0.17331698294549291,0.0019083805778380243,1.1677037452097478,True,True
scene0691_00,316,134,2,2,34,0.3421911993561234,0.05378509365150898,7.806654645583587,0.17184008847884336,0.0037920237821679327,1.1606827278111376,True,True
scene0691_00,318,135,2,2,35,0.3628522646300705,0.07232373929570204,10.128605814326459,0.17087705385670693,0.004140954792979116,1.1554685834059675,True,True
scene0691_00,321,136,2,2,36,0.384924682490406,0.07298531625210594,10.719462701117934,0.1690278805328923,0.007535771659446207,1.2206736019575821,True,True
scene0691_00,323,137,2,2,37,0.35579486464016885,0.05807595421499871,8.671210956731562,0.1683972895884227,0.00697923564378211,1.2328983562607931,True,True
scene0691_00,325,138,2,2,38,0.36329469050955565,0.07471183794830347,9.491699138184726,0.16594575655851318,0.0028195589853635644,1.2853075036629855,True,True
scene0691_00,328,139,2,2,39,0.36968212680129275,0.046911777861945114,8.14173635709721,0.16581569334697033,0.0036611455190697834,1.3344645047747705,True,True
scene0691_00,330,140,2,2,40,0.3580943367192833,0.04337448096398196,7.079679093562255,0.16542313060033564,0.002692144178731514,1.2346253246433812,True,True
scene0691_00,332,141,2,2,41,0.3561510247963132,0.024181383226753318,5.937335515844243,0.16449983542511426,0.002081253688958534,1.286733537429621,True,True
scene0691_00,335,142,2,2,42,0.519392411673691,0.05856756501074256,7.731466886488505,0.1640507788099096,0.0026645845293136756,1.3433914417791581,True,True
scene0691_00,337,143,2,2,43,0.5190574458679803,0.052739896161707225,6.827355618894056,0.16579043556535034,0.0020151841866429604,1.2250691612392488,True,True
scene0691_00,339,144,2,2,44,0.5012826061323736,0.037049907746446925,5.4392339408430175,0.16747448651721297,0.004635764868130428,1.177731828823014,True,True
scene0691_00,342,145,2,2,45,0.5248519610744334,0.035829846947151495,5.209971213805499,0.16374651478601487,0.00807188408595715,1.6813807565082104,True,True
scene0691_00,344,146,2,2,46,0.5465321560336724,0.020424222169464108,6.075656923608253,0.1629049875337938,0.009348034016236071,1.8577958531575989,True,True
scene0691_00,347,147,2,2,47,0.5233608586159224,0.03414229451043825,4.325392237080642,0.16467552341434044,0.003919939839974434,1.548254993094435,True,True
scene0691_00,349,148,2,2,48,0.5353992830357626,0.04177869006328755,4.9639936104309434,0.16541603562214235,0.006233613503348488,1.7441080544371228,True,True
scene0691_00,351,149,2,2,49,0.5412752189473695,0.04710981439227026,4.959593047463856,0.16588473130325265,0.007827515462288671,1.6740108452158557,True,True
scene0691_00,354,150,2,2,49,0.6578956356140782,0.03991298488467492,6.157026849639873,0.2910219496860623,0.007937783414903105,3.890618213138592,True,True
scene0691_00,356,151,2,2,48,0.6531948013461523,0.02919718637666139,5.754064600986059,0.2899472190262188,0.0047848005134173135,3.941718046505538,True,True
scene0691_00,358,152,2,2,47,0.6519135557113036,0.01879681198827734,4.69723445500302,0.2876772705923507,0.003356190508985189,3.9114079678294646,True,True
scene0691_00,361,153,2,2,46,0.6582205837550703,0.024651016085722517,5.649440529789519,0.28590941865379405,0.0019391872310073033,4.011067209049417,True,True
scene0691_00,363,154,2,2,45,0.6595057389472092,0.01952311053690394,5.8446631835784455,0.2858703080187396,0.002693004189787043,4.111095486909343,True,True
scene0691_00,365,155,2,2,44,0.6572975690232183,0.024824454820488395,6.0240724756107475,0.28299157599119273,0.0011282123425059203,3.956517384808996,True,True
scene0691_00,368,156,2,2,43,0.6587815235322951,0.01854660802247591,5.995843122106819,0.28218723683080915,0.0024670561138224094,4.057419617875604,True,True
scene0691_00,370,157,2,2,42,0.6624521587491181,0.02237506655963669,5.7818122042534394,0.2824909820356192,0.002362455455232756,4.026801005893141,True,True
scene0691_00,372,158,2,2,41,0.662544105182688,0.025542260944316747,4.7894066910326485,0.28347928126172506,0.004438311580489528,4.143765664814993,True,True
scene0691_00,375,159,2,2,40,0.6643169936235948,0.018627810879197598,5.044025259646773,0.28251585665576795,0.0051709609975859406,4.14765921813975,True,True
scene0691_00,377,160,2,2,39,0.6590480354043224,0.023385286463866416,4.796413436692178,0.2813170563009818,0.0018855059648172972,4.008024903508793,True,True
scene0691_00,380,161,2,2,38,0.6644604225897192,0.017964653913261783,5.036333467251227,0.2826108186794535,0.00339203935956708,3.950377980499719,True,True
scene0691_00,382,162,2,2,37,0.6646906055189187,0.01758814268184127,4.880795430671011,0.28299964498195196,0.0026754177491553504,3.963448870270494,True,True
scene0691_00,384,163,2,2,36,0.6701348792208913,0.023046459512085074,4.876191549943216,0.28186341504777346,0.005618996939922587,3.7988761003910034,True,True
scene0691_00,387,164,2,2,35,0.6759045968264215,0.013906006506589063,4.787258026740437,0.279756231709381,0.001952881896045021,3.6544325435489786,True,True
scene0691_00,389,165,2,2,34,0.6744702550623731,0.019341084278035617,4.929848087314019,0.2813082624015274,0.004506818059647491,4.067455613696831,True,True
scene0691_00,391,166,2,2,33,0.6791886149084013,0.011757676758560274,5.146297053607599,0.28155414435059123,0.006333378672005061,3.993568785667747,True,True
scene0691_00,394,167,2,2,32,0.6796661643606234,0.038131375315432946,4.6677252933090125,0.27915564063666554,0.007590929767552926,3.664944183181197,True,True
scene0691_00,396,168,2,2,31,0.6759117604814439,0.011682804249175711,4.736909634388018,0.27461702335887006,0.007428112046738741,3.334310527524724,True,True
scene0691_00,398,169,2,2,30,0.680410732561862,0.03180548251307522,4.886882129368276,0.27495346083446304,0.00469859629609623,3.5778817782976704,True,True
scene0691_00,401,170,2,2,29,0.6729378221576954,0.024003457623306614,4.831624105680813,0.2733850344945157,0.007052650656715967,3.558235341557534,True,True
scene0691_00,403,171,2,2,28,0.6725746488200639,0.011936852257458523,4.916384359971813,0.27305321098646984,0.008886602001649263,3.4719683388664255,True,True
scene0691_00,406,172,2,2,27,0.6708632504349916,0.012279492245156561,4.862452628939986,0.27400746292998857,0.00755055914424044,3.6065662816321966,True,True
scene0691_00,408,173,2,2,26,0.6661111540135182,0.020228468249481452,4.806791225996612,0.276144684255458,0.004387552461806298,3.7161539477580328,True,True
scene0691_00,410,174,2,2,25,0.6704223714894928,0.011974194865025113,5.179884757219442,0.2746687156520631,0.0057843380025545755,3.619924111828088,True,True
scene0691_00,413,175,2,3,25,0.6696500653949384,0.019852649609138982,4.897235620005884,0.2749821534999757,0.005008241015916477,3.666951987394082,True,True
scene0691_00,415,176,2,3,26,0.6695617352764907,0.016680278903063075,4.890871095282464,0.2770323453971847,0.0023736980659094524,3.7643478993723787,True,True
scene0691_00,417,177,2,3,27,0.6685680876151151,0.01148551825759217,4.945906843882046,0.27676453179276783,0.001934101679839438,3.8306312110063443,True,True
scene0691_00,420,178,2,3,28,0.6699937275050032,0.022447587575273556,4.861499407414384,0.27947810220285474,0.005013895745511606,4.022050683518438,True,True
scene0691_00,422,179,2,3,29,0.6658168462349088,0.014082289402881542,4.859704753083999,0.2773924746519406,0.001008288303423385,3.946836990485772,True,True
scene0691_00,424,180,2,3,30,0.6620810117384459,0.021701945715068,4.83459941089951,0.27741571480787286,0.006463356843182386,3.8649151247824203,True,True
scene0691_00,427,181,2,3,31,0.668309376721345,0.014383656986514698,4.877849883569091,0.277849256710323,0.003880807120112358,3.8982996765564404,True,True
scene0691_00,429,182,2,3,32,0.6708460695202936,0.01671152929298207,4.87378407384789,0.27923586810277956,0.0024092979992252983,3.794470929577183,True,True
scene0691_00,432,183,2,3,33,0.6679486644760537,0.014814164515897874,5.131785547328886,0.28098367762525167,0.007082363102177684,4.014590531752009,True,True
scene0691_00,434,184,2,3,34,0.6708828112563732,0.01481711604172439,5.1621394238069005,0.2798934254612395,0.0021863505101552094,3.8083784969282695,True,True
scene0691_00,436,185,2,3,35,0.668644707833913,0.017172646492782963,4.927050429580319,0.27871207204375725,0.004561414392374114,3.9473711496505506,True,True
scene0691_00,439,186,2,3,36,0.6654088139946507,0.014716081847361142,4.841992481418148,0.2787204736595258,0.0035703592737107858,3.8794557605424327,True,True
scene0691_00,441,187,2,3,37,0.6675438291146321,0.022447141059262304,4.731002323256747,0.2774456321274552,0.005907191437887264,3.882673554414561,True,True
scene0691_00,443,188,2,3,38,0.6651811312171284,0.01685932850194945,4.830332404123775,0.2772925390974992,0.010482190716213648,3.9744658844292546,True,True
scene0691_00,446,189,2,3,39,0.6621629982173668,0.02306448335629536,4.699853409873065,0.27589775366091174,0.00604957647915432,3.86182315641283,True,True
scene0691_00,448,190,2,3,40,0.666720556224806,0.020448805239104834,4.812442874016158,0.276934980936812,0.009239326897858526,3.978164062635114,True,True
scene0691_00,450,191,2,3,41,0.6618068604163475,0.018185032589152314,4.879227659632649,0.27802989933868383,0.00953317948650069,4.108323223322138,True,True
scene0691_00,453,192,2,3,42,0.6631032420075056,0.029601983031202088,4.841169224579606,0.27931960960525193,0.005998408513689041,4.080836965396926,True,True
scene0691_00,455,193,2,3,43,0.6659311397884109,0.013535888445004321,4.8608431948020705,0.2795944262101896,0.0023024965236077555,4.068559760933659,True,True
scene0691_00,457,194,2,3,44,0.6649402221750434,0.017258676648798668,4.96599142342799,0.2797317343507062,0.004912721668678139,3.936320812452746,True,True
scene0691_00,460,195,2,3,45,0.6651914044151912,0.016668756875615146,4.759817218334598,0.2796808354818522,0.0057733000325272035,3.789752966339311,True,True
scene0691_00,462,196,2,3,46,0.6657004323818323,0.019476361693923083,4.882052097927845,0.2796796837391575,0.005866820812344902,3.9312574852044864,True,True
scene0691_00,465,197,2,3,47,0.6658003438120683,0.009519955558804622,4.846280579654302,0.2805597019486672,0.0035903157769694004,3.7162896965496217,True,True
scene0691_00,467,198,2,3,48,0.6637904402914746,0.02038975742387871,5.028061068399975,0.2805544688432916,0.004199513978069658,3.7976441538301655,True,True
scene0691_00,469,199,2,3,49,0.6717393496379143,0.009129930638260918,4.93158341929583,0.2789834339835504,0.006779027508583188,3.5275918432609665,True,True
scene0691_00,472,200,2,3,49,0.6066379774580549,0.01647665611215675,5.8161724347338595,0.1324891681800131,0.0049430999961478156,3.763255271645083,True,True
scene0691_00,474,201,2,3,48,0.600011763692285,0.028321683183839354,5.667713370681551,0.12903225463966994,0.006759384727822705,3.8990489229505307,True,True
scene0691_00,476,202,2,3,47,0.6020717888217494,0.037344738092971695,6.7793715648700985,0.12863313930337228,0.006388319210499485,3.9070625179324856,True,True
scene0691_00,479,203,2,3,46,0.5980109484708207,0.02418306490491528,5.9410934330301455,0.1284704405332281,0.006573910428203364,3.801104386093202,True,True
scene0691_00,481,204,2,3,45,0.5968359334997,0.013964521312240734,5.7127290325101026,0.1292870205665041,0.007646387266428577,3.8479099811498334,True,True
scene0691_00,483,205,2,3,44,0.6019686589076236,0.005778791445628736,5.378052754744548,0.12887929523702768,0.008257704688563731,3.908588334549035,True,True
scene0691_00,486,206,2,3,43,0.6018668933525685,0.01811180949381934,5.657396340433145,0.12917784369157403,0.007638208557306845,3.968299268439529,True,True
scene0691_00,488,207,2,3,42,0.5995374823253092,0.0037778696997961938,5.647319220334926,0.12708445498317777,0.007146213115866043,3.968649525147374,True,True
scene0691_00,491,208,2,3,41,0.6079582477845508,0.010332709656219546,5.900806731505673,0.12670545094695074,0.0061587225367508115,3.8555403580432865,True,True
scene0691_00,493,209,2,3,40,0.5989329571603268,0.020251733785399066,6.419945250423781,0.12304185760106812,0.004397031205323437,3.809114773906721,True,True
scene0691_00,495,210,2,3,39,0.6057134506874766,0.012260068289174088,6.103741877235205,0.12229904961223959,0.005181021612016962,3.8909076981512247,True,True
scene0691_00,498,211,2,3,38,0.6027666258849762,0.013447809803461237,5.754256383391952,0.12107409984026762,0.005194501442288794,3.804070002544131,True,True
scene0691_00,500,212,2,3,37,0.6057458708796418,0.018518964671014125,5.996244370653005,0.12040397005432457,0.006823559569424824,3.8079604121338453,True,True
scene0691_00,502,213,2,3,36,0.6010947700693419,0.01399732955929029,5.617096884643959,0.12141935984594154,0.006893736657939877,3.778249941552386,True,True
scene0691_00,505,214,2,3,35,0.6098425844406452,0.013100908749948648,5.58927171986983,0.12020105854953533,0.0028773432980971746,3.641863086238199,True,True
scene0691_00,507,215,2,3,34,0.6099422902260832,0.010756875316658043,5.675799005816027,0.12034911063742715,0.0027746920744611886,3.6768579830339774,True,True
scene0691_00,509,216,2,3,33,0.6095298462787152,0.009926486235172716,5.60865254834971,0.11988674130696131,0.0022423450177570916,3.6245820009730325,True,True
scene0691_00,512,217,2,3,32,0.6153954984716696,0.025629790727199113,6.102738339642654,0.11875321797037208,0.0013456680952825457,3.6311754815142474,True,True
scene0691_00,514,218,2,3,31,0.614454379064868,0.02006982851221054,5.889072124918839,0.11748838880807178,0.004309591284218276,3.725317457078697,True,True
scene0691_00,516,219,2,3,30,0.6085266717207519,0.018130085778081305,5.5329314274956,0.11778344709444188,0.0038556053534947628,3.5813624578155148,True,True
scene0691_00,519,220,2,3,29,0.6099711492813307,0.012119731138389909,5.450695278741344,0.11858223272940216,0.006152988384049811,3.550094588532019,True,True
scene0691_00,521,221,2,3,28,0.6085135415045303,0.011072120642090264,5.569310260414227,0.11733732294271415,0.004603368155411044,3.513771622924545,True,True
scene0691_00,524,222,2,3,27,0.606916310188161,0.006401586908146369,5.357673189005257,0.11575953065926992,0.0050622428343574215,3.4767282470541394,True,True
scene0691_00,526,223,2,3,26,0.6054546741999649,0.009165027558674061,5.381707444532544,0.11515463504946033,0.006588314182842678,3.334069700091279,True,True
scene0691_00,528,224,2,3,25,0.6090955095172392,0.016163662327256828,5.369100114992175,0.11474689931254822,0.005293129949277427,3.3782021283992645,True,True
scene0691_00,531,225,2,4,25,0.6028225204427893,0.013213728652730902,5.346418804302479,0.11490520663617476,0.0041914082499114914,3.4876348368347845,True,True
scene0691_00,533,226,2,4,26,0.6137114729585562,0.007594235900110768,5.155755899868041,0.11513349003443907,0.004250880881288329,3.441827009730456,True,True
scene0691_00,535,227,2,4,27,0.6072652092253501,0.007307869939904427,5.300879369996511,0.11601468927763503,0.004663941244273598,3.4792919932902673,True,True
scene0691_00,538,228,2,4,28,0.6065694574205176,0.00962873020051694,5.236703764244496,0.11647492095136613,0.004476021853804571,3.3364003374398563,True,True
scene0691_00,540,229,2,4,29,0.5979232983798962,0.02529638376664629,4.985746253422009,0.11557947812555469,0.0046981538356302924,3.3625968458535476,True,True
scene0691_00,542,230,2,4,30,0.6070764557895277,0.010638583520800592,5.6210251879805035,0.1159610495686012,0.0051522516671288245,3.3800230059759477,True,True
scene0691_00,545,231,2,4,31,0.6144209698436416,0.029329490517549538,5.328229614853765,0.11610245101124783,0.008066370952322781,3.32188608453916,True,True
scene0691_00,547,232,2,4,32,0.6141441106725304,0.027366266461384653,5.189504366195837,0.11612474364600933,0.007370408033915315,3.2555464157779643,True,True
scene0691_00,550,233,2,4,33,0.6091402767868163,0.018171584949434657,5.510488303095993,0.11357603001843397,0.002926654740281692,3.3866444129843374,True,True
scene0691_00,552,234,2,4,34,0.6049039233590464,0.01496648853154928,5.351786333633717,0.11247533308053015,0.0018305118689280577,3.446778397225036,True,True
scene0691_00,554,235,2,4,35,0.6111847644669985,0.013566363426556538,5.622565722945499,0.11173126791858623,0.0023624110592871997,3.488282753289908,True,True
scene0691_00,557,236,2,4,36,0.61262368567262,0.013499586431372126,5.615893818242122,0.11018146971287013,0.003584826093808013,3.4305065206954266,True,True
scene0691_00,559,237,2,4,37,0.610157501444773,0.010309139983740499,5.71468991083095,0.11018082903337212,0.0014216814852397513,3.488244244247124,True,True
scene0691_00,561,238,2,4,38,0.6124446782246173,0.015280793260746571,5.40841974397087,0.1089211311977697,0.002083148604479327,3.5207195106099283,True,True
scene0691_00,564,239,2,4,39,0.6114132594635959,0.009826831417171026,5.585437952594043,0.10916801758518802,0.004671331102119255,3.3966797820418893,True,True
scene0691_00,566,240,2,4,40,0.6083012168074121,0.011290605460012298,5.238552144779105,0.10789675051170244,0.0027586006050796755,3.466529652132736,True,True
scene0691_00,568,241,2,4,41,0.6043635902865196,0.017116374441215637,5.170361001994973,0.1077513756885814,0.003880096613421235,3.4041352978034896,True,True
scene0691_00,571,242,2,4,42,0.6070019365908916,0.01865611109967457,5.088213937958997,0.10749443247687462,0.00420957309971704,3.4769448990795424,True,True
scene0691_00,573,243,2,4,43,0.6042534318420025,0.016038649936789214,4.968881467965497,0.10639100674624546,0.0036677958772413067,3.45390481914112,True,True
scene0691_00,576,244,2,4,44,0.6043181501454177,0.016406507970383254,4.90155818541001,0.10541641903103571,0.0020871074950544687,3.3914846631001816,True,True
scene0691_00,578,245,2,4,45,0.6050141950597028,0.01258584674223979,5.3545248410657456,0.10496222087492857,0.0024849012612077797,3.5440685377733736,True,True
scene0691_00,580,246,2,4,46,0.6048760511242377,0.016366573009090276,4.9262741711364395,0.10424274025953717,0.0025177973891666165,3.676257875277691,True,True
scene0691_00,583,247,2,4,47,0.6097099745501742,0.022856471689284646,5.504827124103445,0.10173124560960756,0.00704214244019949,3.8190458256989372,True,True
scene0691_00,585,248,2,4,48,0.6072960567664099,0.022786356695583706,5.530929880699915,0.10241415035533707,0.005547974043298201,3.9207648128503267,True,True
scene0691_00,587,249,2,4,49,0.6004006733138287,0.02062189781149781,5.556243907773882,0.10119090148307686,0.005722515718126702,4.181053420988146,True,True
scene0691_00,590,250,2,4,49,0.45412880113832466,0.015049830878421492,7.151643088012962,0.1757122292547073,0.006268883762091043,3.4514194334557584,True,True
scene0691_00,592,251,2,4,48,0.4551165826200396,0.013122071772156043,6.69162378143899,0.17506951465807918,0.009047992418332549,3.4531331930361664,True,True
scene0691_00,594,252,2,4,47,0.4551766158273322,0.011652246174732952,6.920724360333434,0.16999993017469017,0.010415860159530495,3.4833649214623867,True,True
scene0691_00,597,253,2,4,46,0.45405409940103364,0.010107792285542339,6.778569675807132,0.16842228925505098,0.005674181994283786,3.465481565732338,True,True
scene0691_00,599,254,2,4,45,0.4569536157210135,0.007560773655322985,6.923249320908306,0.1687758160256978,0.008241057538651859,3.466571925362677,True,True
scene0691_00,601,255,2,4,44,0.4580299167088778,0.014398147678859063,6.991397448940164,0.1660087090161042,0.009285134943358097,3.4070143828917105,True,True
scene0691_00,604,256,2,4,43,0.4576587444713621,0.01855516856954935,6.548010088786439,0.16483422862224018,0.000907982081395319,3.4236272812930815,True,True
scene0691_00,606,257,2,4,42,0.4553168939739691,0.016304877980925347,6.772821442317402,0.1617413985656624,0.0056280026614948814,3.470231609463022,True,True
scene0691_00,609,258,2,4,41,0.45383351734461275,0.016432249964099345,6.546195353021313,0.15938642379797696,0.003683496544122806,3.4809073469005263,True,True
scene0691_00,611,259,2,4,40,0.4497352281515589,0.011256920904015106,6.639043469836729,0.15892774129945675,0.005912411433128361,3.3670238022917265,True,True
scene0691_00,613,260,2,4,39,0.4516726674660379,0.012035858256510266,6.6740612802213075,0.15829807587358213,0.0052401064438523355,3.360857051081173,True,True
scene0691_00,616,261,2,4,38,0.4496940673618477,0.013046553266116916,6.693708182630276,0.15614692397301522,0.0062449647311296486,3.4124125574982846,True,True
scene0691_00,618,262,2,4,37,0.45183830797762004,0.016177359451414554,6.71065965185934,0.15584456944121794,0.006546180617956929,3.4236341361452216,True,True
scene0691_00,620,263,2,4,36,0.45192406913731026,0.024045998141533204,6.595132690431811,0.15382210233514826,0.006361925538073811,3.5487925447972564,True,True
scene0691_00,623,264,2,4,35,0.4454469363496863,0.014926770317181266,6.271894130717852,0.15177163808842165,0.005962740682917743,3.492533129427186,True,True
scene0691_00,625,265,2,4,34,0.4428266672431944,0.014104095756614733,6.386255606652567,0.15082749958137698,0.008121752792061444,3.4600131573256823,True,True
scene0691_00,627,266,2,4,33,0.4522579683349686,0.02091713598447162,6.4717380419016575,0.1500458506103528,0.008788482619780616,3.4508025149059494,True,True
scene0691_00,630,267,2,4,32,0.4504807713731214,0.01686510084166428,6.315307889025579,0.14834495607964737,0.0065888699949401665,3.452836561938759,True,True
scene0691_00,632,268,2,4,31,0.4478202529537708,0.016071309776391297,6.624665194551457,0.14809592815951067,0.009422687867102306,3.469882420736755,True,True
scene0691_00,635,269,2,4,30,0.4549949434904061,0.03409994086590175,6.5037224212014735,0.14605784046865922,0.007899504381962385,3.409228126388742,True,True
scene0691_00,637,270,2,4,29,0.4503619857617319,0.02350493842811025,6.319081601223941,0.14524380480544496,0.006172074931074947,3.5418686934797443,True,True
scene0691_00,639,271,2,4,28,0.43560535149127594,0.01357435102843528,6.3982673356989235,0.144541035861236,0.012939327614590386,3.4453927404880424,True,True
scene0691_00,642,272,2,4,27,0.4376105944187528,0.014776124366787418,6.5205488045671185,0.14366855144390478,0.014694970422452262,3.3462936704910495,True,True
scene0691_00,644,273,2,4,26,0.43915865699498263,0.02016953830296515,6.725897799827047,0.1429761838676632,0.016366684531977385,3.2797746040682076,True,True
scene0691_00,646,274,2,4,25,0.43903752144432695,0.016183410028334864,6.5809882204558585,0.1429358298256891,0.017352011869339903,3.2862660759504885,True,True
scene0691_00,649,275,2,5,25,0.4361107568594391,0.014267921775792981,6.557614766193711,0.14259257889518073,0.020570285277895027,3.165629404707948,True,False
scene0691_00,651,276,2,5,26,0.43953312993269894,0.017201406951552783,6.1919465354556245,0.1425972243146273,0.017858918816470875,3.160955680871906,True,True
scene0691_00,653,277,2,5,27,0.4378333632469731,0.00852895789713562,6.371216183087294,0.14072628451573743,0.017019277232700882,3.0411081772508406,True,True
scene0691_00,656,278,2,5,28,0.43678351292212825,0.00827665647096412,6.213580460676145,0.1399403380711921,0.009341025498133402,3.017572998045777,True,True
scene0691_00,658,279,2,5,29,0.43234704283381803,0.007543044087029981,6.18643135733684,0.138741322118615,0.010069333288220903,2.9797714400199635,True,True
scene0691_00,661,280,2,5,30,0.430850803175443,0.00793322810225714,5.923125885738647,0.138699751268337,0.006108749851237069,3.0549189345507526,True,True
scene0691_00,663,281,2,5,31,0.4281338547460187,0.012319304234911147,5.758392317667451,0.1389701012655301,0.005783054881425898,3.1579335935263595,True,True
scene0691_00,665,282,2,5,32,0.42775360837312026,0.011372610410678115,5.662502765511016,0.13866228336058817,0.00847240300868306,3.2627428053138052,True,True
scene0691_00,668,283,2,5,33,0.4337985785304697,0.013403069868505622,5.877796470796909,0.1391409198812288,0.012010503358849725,3.376365690798526,True,True
scene0691_00,670,284,2,5,34,0.43020652631844797,0.01172907416488766,5.949228884314866,0.13827570118591037,0.012255107283126168,3.2895402890693877,True,True
scene0691_00,672,285,2,5,35,0.4322908239262854,0.01216449078469055,5.675403116546596,0.1399635481812297,0.014431308946335021,3.32407870827892,True,True
scene0691_00,675,286,2,5,36,0.426024937203698,0.016688814568623048,5.633916194934404,0.13705537806080637,0.010108800495190156,2.95215528369889,True,True
scene0691_00,677,287,2,5,37,0.42806690825835486,0.018745051236114356,5.779887078814777,0.14093445122072712,0.021486075647108114,3.013774936929416,True,False
scene0691_00,679,288,2,5,38,0.4288329960594901,0.018587052628380694,5.833102512126002,0.138864927683215,0.017572828005269582,2.832503785627423,True,True
scene0691_00,682,289,2,5,39,0.43292781487122317,0.023321998258964194,6.408448946944833,0.1374846743996373,0.019945463572649296,2.7328910462107188,True,False
scene0691_00,684,290,2,5,40,0.42827912523981165,0.02406030047472079,6.26705075639908,0.1382841765556938,0.020519381471066807,2.625309709850047,True,False
scene0691_00,686,291,2,5,41,0.4248371449990963,0.020825826239384795,5.675027295817086,0.13753597381316207,0.02388634343690393,2.7493429959527376,True,False
scene0691_00,689,292,2,5,42,0.4248530054924589,0.01822871819974809,5.8062686204511875,0.13539443675343465,0.01745463340334806,2.789543713112491,True,True
scene0691_00,691,293,2,5,43,0.4209596080124851,0.016635266169376457,5.754903861865914,0.13580608704575425,0.011565758767000948,2.6628938764141745,True,True
scene0691_00,694,294,2,5,44,0.4249277300630325,0.01589389007275239,5.877575669668422,0.13591964836772175,0.008080347749276828,2.877128698334541,True,True
scene0691_00,696,295,2,5,45,0.4234370880304738,0.013929771157567602,5.756172452455188,0.1355690649715835,0.006245219318030493,2.7205720080695923,True,True
scene0691_00,698,296,2,5,46,0.42220051370634926,0.01964422943121954,5.78196316498453,0.1358859531839739,0.017549064291770635,2.6952849559008483,True,True
scene0691_00,701,297,2,5,47,0.42849970550568034,0.012444681293319191,5.928990872156012,0.13492069448168165,0.008700870095913991,2.5723314246109776,True,True
scene0691_00,703,298,2,5,48,0.42667553737607034,0.01570994129544322,5.687363919400353,0.13625439719581878,0.005373764810888494,2.610370144138776,True,True
scene0691_00,705,299,2,5,49,0.4249350621902234,0.012254393826073821,5.787941175352012,0.13307862403064974,0.017780092334149504,2.3558069908317902,True,True
scene0691_00,708,300,2,5,49,0.28937945282049626,0.012206421512776173,3.909182129660141,0.17753604101821274,0.03420081445556719,1.1159022802612817,True,False
scene0691_00,710,301,2,5,48,0.2915912449861414,0.016835963628417418,4.251281754154016,0.17444759123652365,0.022666902447333354,1.0049817893380317,True,False
scene0691_00,712,302,2,5,47,0.2916167308280591,0.01422888240875874,3.9067897530014637,0.17583437862126006,0.021785706512954375,1.1989696465630428,True,False
scene0691_00,715,303,2,5,46,0.2915910771457184,0.01568262442577375,3.9964004439047094,0.17896472587863355,0.023992255119614427,1.16900229428563,True,False
scene0691_00,717,304,2,5,45,0.283288035354252,0.007997259152274904,3.6903682802425237,0.17593405169693277,0.024558040678927487,0.9400032315922778,True,False
scene0691_00,720,305,2,5,44,0.28404378965863053,0.011753369257128936,3.812433362119658,0.17591414699337182,0.019887483261067367,1.0056431769374605,True,False
scene0691_00,722,306,2,5,43,0.28791277408431337,0.012985906014526871,3.7708737517020214,0.17573144551351327,0.0245385734635379,0.9585927570491747,True,False
scene0691_00,724,307,2,5,42,0.28430645188159964,0.008055191040878356,3.6777772061502882,0.17443468495711545,0.009686549674850805,0.9787286382248103,True,True
scene0691_00,727,308,2,5,41,0.2848871213919494,0.013669331334081223,3.6378043462876786,0.17336638174931374,0.011756176151855367,0.8628705046905206,True,True
scene0691_00,729,309,2,5,40,0.28387636339167605,0.00859527151564594,3.6150135299192763,0.17307630334089752,0.011627011616212246,0.8472061850400457,True,True
scene0691_00,731,310,2,5,39,0.28205364990461657,0.006476790068203905,3.6563681720153047,0.17282001184011742,0.0024662525108658825,0.7332497929134544,True,True
scene0691_00,734,311,2,5,38,0.2722405118525566,0.03680967293127995,3.6108272634580714,0.17519468732058363,0.009752154001333951,0.9490556959817266,True,True
scene0691_00,736,312,2,5,37,0.26994605689085527,0.03566320060437124,3.667943220516378,0.17238243694535604,0.004716076541069716,0.9116398066659234,True,True
scene0691_00,738,313,2,5,36,0.2715226775006779,0.024822549757811473,3.5675051845940526,0.17173463208929152,0.002885473472500773,0.8239457998257457,True,True
scene0691_00,741,314,2,5,35,0.27422617840931146,0.018943357444380315,3.608605443818649,0.17270260116636305,0.005776105851366715,0.8495329829207767,True,True
scene0691_00,743,315,2,5,34,0.2738191195984334,0.009972047946995799,3.6479606048195237,0.17004354391628596,0.006124481526522572,0.7064690582431283,True,True
scene0691_00,745,316,2,5,33,0.27596610985711484,0.013514739167003735,3.6332230730465067,0.16881699946575746,0.004997029183898129,0.7816549836311114,True,True
scene0691_00,748,317,2,5,32,0.27504663319449496,0.013625507240654398,3.6220486285421485,0.16937599805456582,0.00741209822851388,0.7559278287686587,True,True
scene0691_00,750,318,2,5,31,0.2728538155340973,0.012846221172357584,3.6270640188607235,0.16799354431786062,0.00908661923121632,0.891656588702202,True,True
scene0691_00,753,319,2,5,30,0.2779467597053554,0.011027892115966779,3.7021222832536833,0.16860953489815367,0.01481740835106886,0.7358301057399192,True,True
scene0691_00,755,320,2,5,29,0.27985796872709195,0.009020420152187911,3.7234552795822493,0.1684983900046031,0.009703902224990143,0.7127588687923534,True,True
scene0691_00,757,321,2,5,28,0.27879872270187267,0.0186857488148012,3.878370664732814,0.16664666517690097,0.01519638089274054,0.672438213161412,True,True
scene0691_00,760,322,2,5,27,0.27778582214462566,0.010835418692166959,3.7341266217211517,0.16453165071707287,0.012249416062366025,0.691830061350252,True,True
scene0691_00,762,323,2,5,26,0.2805725171778288,0.008567936684903056,3.7232489405341846,0.16560761755112696,0.01051517504065115,0.5944917410814515,True,True
scene0691_00,764,324,2,5,25,0.27906474725754704,0.006290547810608024,3.7663113250627624,0.16448096225471776,0.0057632781782645075,0.8149832105919061,True,True
scene0691_00,767,325,2,6,25,0.28003444744443395,0.007610146663419882,3.676860536505596,0.1669508408898548,0.009489543464685151,0.7003278314960969,True,True
scene0691_00,769,326,2,6,26,0.2809489347778856,0.00887404527314204,3.729163021880731,0.1658211611282968,0.005605904291962347,0.6618369023023294,True,True
scene0691_00,771,327,2,6,27,0.2832913498497129,0.014480730067084956,3.7842134383151027,0.1678863191550255,0.005240719342788089,0.7155133331559197,True,True
scene0691_00,774,328,2,6,28,0.2821374058541612,0.010644944983215998,4.0363511057986,0.1643799177389328,0.006184539926398629,0.9032928810705895,True,True
scene0691_00,776,329,2,6,29,0.2832582240142706,0.010660190992635377,3.776577573869703,0.1649860098967677,0.004761640293836805,0.6353935019158399,True,True
scene0691_00,779,330,2,6,30,0.27797763138706477,0.013008810235774479,3.784640566794552,0.164255376418317,0.004481629830334919,0.681993956704312,True,True
scene0691_00,781,331,2,6,31,0.2848845914102437,0.015451228321392618,3.8982438100573455,0.16439415403402835,0.0026973456690240565,0.509154001229876,True,True
scene0691_00,783,332,2,6,32,0.2796073831227223,0.008889271421537332,3.6991422417565065,0.16590686578611225,0.007314882452679257,0.6301923233716414,True,True
scene0691_00,786,333,2,6,33,0.28170919551100937,0.014545664746392739,4.054563724585182,0.167086240396928,0.011857564444700056,0.7314886183125632,True,True
scene0691_00,788,334,2,6,34,0.28368529727536634,0.01475925970571864,4.203522281023277,0.16646386787649725,0.01775930347841087,0.7605285002258999,True,True
scene0691_00,790,335,2,6,35,0.2762889874987283,0.008846401309224714,3.781187920731897,0.1657688337817773,0.010215015117278464,0.6319886062916682,True,True
scene0691_00,793,336,2,6,36,0.27626881835003275,0.00592085194371916,4.081059748359433,0.1678556053026099,0.012544638325491892,0.6611559881572151,True,True
scene0691_00,795,337,2,6,37,0.2762937486902963,0.006039342750031028,4.030285778226087,0.16903811514179812,0.0050029929984755465,0.8599088753862124,True,True
scene0691_00,797,338,2,6,38,0.27137074221776464,0.018682976065919652,3.714762232947083,0.17247002763188557,0.01619621503422075,0.7868335838163345,True,True
scene0691_00,800,339,2,6,39,0.2724883537109899,0.009849392922816258,3.806893322797821,0.17401096164757102,0.008588822780129861,1.072106548393161,True,True
scene0691_00,802,340,2,6,40,0.26567552325092864,0.01918866578254048,3.799995612117241,0.17641528373381343,0.013678412892315316,1.1981889794574414,True,True
scene0691_00,805,341,2,6,41,0.27037116805430267,0.01166901908177164,4.2017920987375525,0.1788236701189453,0.01487651002369913,1.3372350401200663,True,True
scene0691_00,807,342,2,6,42,0.2699386866335852,0.01902805754128915,4.183353074468773,0.1820152500857527,0.017191016937416474,1.1810759685966317,True,True
scene0691_00,809,343,2,6,43,0.26959447323862107,0.013444232052109135,4.1665364531374784,0.1814282851386264,0.013477876129304137,1.4375508366379306,True,True
scene0691_00,812,344,2,6,44,0.2684125317752356,0.022524492727820936,4.184363095488022,0.18645220348665215,0.01040393817347955,1.097686917167966,True,True
scene0691_00,814,345,2,6,45,0.26551652686873295,0.01865761401661998,4.0026746924039855,0.18575724843308705,0.008349681417264247,1.230224388640848,True,True
scene0691_00,816,346,2,6,46,0.26364128943711934,0.017881346439628232,4.054022311072382,0.18860626385504586,0.016143486756358058,1.528940212569067,True,True
scene0691_00,819,347,2,6,47,0.2640345429286133,0.017004084560620455,4.276792777879207,0.18681332916250382,0.007342722622329764,1.2235642920779037,True,True
scene0691_00,821,348,2,6,48,0.2625319812767955,0.013037791108543119,3.9332865997924067,0.1871724005346409,0.007494405337671898,1.1345444678360699,True,True
scene0691_00,823,349,2,6,49,0.2580725591348118,0.02086499099785747,3.8675956210480757,0.1875944027714791,0.005541156800750451,1.1192518739873982,True,True
scene0691_00,826,350,2,6,49,0.2182435062908456,0.009322844321405545,3.4955693016380796,0.1350153791938511,0.017602298110479177,5.462642456161233,True,True
scene0691_00,828,351,2,6,48,0.21570808148106335,0.015766325329037986,3.4426117826517997,0.13478021911393723,0.01573610855217755,5.5428589022298045,True,True
scene0691_00,830,352,2,6,47,0.21352249431294812,0.014358576380897962,3.7985838814634647,0.13405875577320636,0.015135489272687224,5.624906313945855,True,True
scene0691_00,833,353,2,6,46,0.20818487659009383,0.021685281352098032,4.050488761741562,0.1301221707845266,0.016569955053676852,5.7073849323850965,True,True
scene0691_00,835,354,2,6,45,0.20508497054140723,0.027312285241692463,3.4653282412814215,0.1291319442648574,0.012401289146772177,5.739312582121052,True,True
scene0691_00,838,355,2,6,44,0.20344259470554898,0.025923179110431425,3.31127790929935,0.12863561053461248,0.00867571239998874,5.825594399260511,True,True
scene0691_00,840,356,2,6,43,0.2033001383693619,0.021241107863807628,3.8804777604660377,0.13033089914430085,0.009550650530069942,5.959769481677046,True,True
scene0691_00,842,357,2,6,42,0.19853312523045769,0.02245686584944593,4.0117776213385685,0.13002981792992863,0.006370668901867526,5.8235840549475535,True,True
scene0691_00,845,358,2,6,41,0.19574167660207514,0.02439917061415145,3.9750580409598113,0.13007287736991313,0.003357207311795106,5.708019181980905,True,True
scene0691_00,847,359,2,6,40,0.1941941117496941,0.023293231533414567,3.8700322815056545,0.1308430114903406,0.0014866581579985544,5.60936640263791,True,True
scene0691_00,849,360,2,6,39,0.19484946045245433,0.01190401238944156,4.180093976955343,0.13156383355113843,0.00207527140161384,5.6653534034353905,True,True
scene0691_00,852,361,2,6,38,0.19028873626637266,0.010108207178089582,4.385019324579139,0.1309189178260075,0.0057120170885694935,5.486816618052082,True,True
scene0691_00,854,362,2,6,37,0.1887967846506196,0.010527474679316291,4.372060831892601,0.13099131189468594,0.0033118870090720555,5.570571679528231,True,True
scene0691_00,856,363,2,6,36,0.18614678626603687,0.015674247704600328,4.60875953027789,0.13123416551331446,0.006784402521290584,5.529810122545942,True,True
scene0691_00,859,364,2,6,35,0.1812728820877036,0.02408361343932479,4.4688141570247675,0.13127155216177333,0.007240340740118113,5.495581171807521,True,True
scene0691_00,861,365,2,6,34,0.17963889411640055,0.024083318370213113,4.526215857842452,0.1327775902899183,0.00850281053522506,5.468379113577301,True,True
scene0691_00,864,366,2,6,33,0.18310376956637636,0.018290054767303845,4.469652698463404,0.1342357209673275,0.009237677338032501,5.104343158124478,True,True
scene0691_00,866,367,2,6,32,0.17914579449342016,0.023051689858870964,4.595687105448389,0.13269631071506127,0.012468816259771684,5.263321377355095,True,True
scene0691_00,868,368,2,6,31,0.17924522794041775,0.020011264492671887,3.8789169174898097,0.13336535808514882,0.012671999974850662,5.326858383462556,True,True
scene0691_00,871,369,2,6,30,0.17811868831943428,0.03341114318653301,3.7665584278108026,0.13494645438961406,0.010728229205894129,5.239169264975622,True,True
scene0691_00,873,370,2,6,29,0.17829610629522769,0.029368217475267275,3.828255384603785,0.13309807161375864,0.00954522287477171,5.295249084683398,True,True
scene0691_00,875,371,2,6,28,0.1868815970768925,0.01406418114542346,3.9895222060980586,0.13055884979150456,0.011965715177026165,5.366423807371127,True,True
scene0691_00,878,372,2,6,27,0.18093037260226352,0.02148926734557961,4.104236548100968,0.1307020865692956,0.013036042990592895,5.29713813376937,True,True
scene0691_00,880,373,2,6,26,0.18039793365828316,0.02564179025065158,4.62741715263473,0.13128446974887753,0.011386948765987457,5.2350191883122195,True,True
scene0691_00,882,374,2,6,25,0.18263317723070815,0.018812854016811154,4.5128516422380525,0.1312944063194017,0.009371943867563438,5.253480341077386,True,True
scene0691_00,885,375,2,7,25,0.1843495758603827,0.013762006755908725,4.797588220424654,0.12895478599756993,0.008506798878253615,5.296329122401786,True,True
scene0691_00,887,376,2,7,26,0.18759072245449615,0.008209028862694954,5.135574955495034,0.12800803564819385,0.010574918091366778,5.234231035510668,True,True
scene0691_00,889,377,2,7,27,0.18526672653279502,0.01098125833523974,4.775132526791813,0.1290390327442995,0.005969420293519343,5.048651146337395,True,True
scene0691_00,892,378,2,7,28,0.18891225323263466,0.011007194872175618,5.529475326474291,0.12365020096800627,0.014480729259540455,5.180110770171398,True,True
scene0691_00,894,379,2,7,29,0.18664449024961444,0.008431047547900146,5.950257834687694,0.12470123461326654,0.009737744042111288,5.110816029779019,True,True
scene0691_00,897,380,2,7,30,0.1884239837754047,0.009217354160757718,5.803574249152901,0.1241902850114528,0.005153887212057277,5.03039115798328,True,True
scene0691_00,899,381,2,7,31,0.19046397947627963,0.01098287137622429,6.124334482270922,0.12303910161087772,0.007877654119962328,5.061004425489953,True,True
scene0691_00,901,382,2,7,32,0.19306115101120958,0.017338658796984076,5.699447918978526,0.12114576055122195,0.010740889527906531,4.931123188145884,True,True
scene0691_00,904,383,2,7,33,0.18673347123608158,0.023639735192324842,5.197394087292092,0.12128321640612683,0.011412381024829995,4.831788001508229,True,True
scene0691_00,906,384,2,7,34,0.18860241807959338,0.022085338415530842,4.531187980006201,0.11956852623446024,0.007170332717588841,4.812561208506669,True,True
scene0691_00,908,385,2,7,35,0.19576139944625925,0.01868175258459194,5.820474335123356,0.11531843465270375,0.006423742297624292,5.060408843668964,True,True
scene0691_00,911,386,2,7,36,0.19156778417469633,0.025043474156993692,6.482816250676443,0.11280252949311231,0.005546392369652877,5.037644026590664,True,True
scene0691_00,913,387,2,7,37,0.1883926726614426,0.02461674490596654,6.458194512246644,0.11214520215567103,0.004632043812105327,5.062618238648589,True,True
scene0691_00,915,388,2,7,38,0.18916645587556757,0.01145135002089332,5.201892247285784,0.11065357880142646,0.005668908591158887,5.187503730604216,True,True
scene0691_00,918,389,2,7,39,0.18538561742481835,0.035920402375618984,5.694814060334899,0.10884183659293312,0.009160681708344678,5.180560705975698,True,True
scene0691_00,920,390,2,7,40,0.1895300627203344,0.05354779422494048,6.893817650011877,0.1088734737196857,0.01650848527673376,5.090143065686173,True,True
scene0691_00,923,391,2,7,41,0.18708250983493546,0.03923436188646237,4.94926137991061,0.10709947197077863,0.01745523286953783,5.254058732984139,True,True
scene0691_00,925,392,2,7,42,0.18557241945898084,0.029616478014979658,5.8047328778455825,0.1078953862540859,0.010505300348422234,5.105632953374137,True,True
scene0691_00,927,393,2,7,43,0.18497163120850424,0.02856712298417067,5.366614234095307,0.10803399528641233,0.012553235860880117,5.129706131725827,True,True
scene0691_00,930,394,2,7,44,0.19195932089870094,0.014859052800150952,4.74101012920165,0.10912231392268923,0.01099839566390101,5.034705907940552,True,True
scene0691_00,932,395,2,7,45,0.194179645602362,0.02287698155810511,5.698934910552124,0.11002365356096688,0.014171268344976786,4.895838360862985,True,True
scene0691_00,934,396,2,7,46,0.20245022992685097,0.024883787195524275,5.567226581161266,0.10993164439962189,0.014101317616581427,4.961569100601225,True,True
scene0691_00,937,397,2,7,47,0.1952411299864943,0.05567079425113061,4.41905018919865,0.11575510659754773,0.034110470875030136,4.775485406041697,True,False
scene0691_00,939,398,2,7,48,0.2086057569355232,0.017272081859015614,4.790713860680029,0.11504745598249189,0.015120390620992491,4.963459993781727,True,True
scene0691_00,941,399,2,7,49,0.21715575826826367,0.02540765340103538,5.500594327976293,0.116298187093543,0.027854608240645302,5.276625582944228,True,False
scene0691_00,944,400,2,7,49,0.3738464354517675,0.027628852977027097,6.12072155495221,0.4066401999960929,0.02765540436711137,26.90033927786681,True,False
scene0691_00,946,401,2,7,48,0.37456391732190125,0.03767754682943378,6.363653700396151,0.40371786077933025,0.03604347753052016,26.595841004236142,True,False
scene0691_00,949,402,2,7,47,0.3656433826298936,0.026920810974072593,5.307957353636938,0.40322612359157217,0.028650517459567208,26.611285246987087,True,False
scene0691_00,951,403,2,7,46,0.36703053937966795,0.024441127183301468,5.4088486088626855,0.40419875513747994,0.01917137972924974,26.838384319834,True,False
scene0691_00,953,404,2,7,45,0.362186821923655,0.023619507303508404,4.043020847218034,0.39996832673474514,0.019628620155240466,26.926784614284227,True,False
scene0691_00,956,405,2,7,44,0.36463842747353975,0.03290107710699962,4.60515223651583,0.3948735318618454,0.016471196645634983,26.58854908649916,True,False
scene0691_00,958,406,2,7,43,0.3722365882759733,0.04409117066815949,5.603433178800776,0.3953159445129406,0.012904240162699284,26.81604809129741,True,False
scene0691_00,960,407,2,7,42,0.37574506862348966,0.042923784568297,6.382934550673557,0.39672344457296815,0.017914462220163622,26.547889844703754,True,False
scene0691_00,963,408,2,7,41,0.3545484853747567,0.01174788923162273,4.342292921158944,0.3965822175895046,0.01645633351214534,26.660568736750303,True,False
scene0691_00,965,409,2,7,40,0.353195020619159,0.012134389384083677,4.407242420206181,0.3928635672634311,0.02559360897990549,27.151874518122778,True,False
scene0691_00,967,410,2,7,39,0.36925824412567543,0.03623269755996679,4.6576749280741385,0.3956372738264974,0.010616138429053682,26.947043489593995,True,False
scene0691_00,970,411,2,7,38,0.36346255807595784,0.024511421906377645,4.135887600304587,0.3985848368040208,0.016734999778028982,26.864823502646967,True,False
scene0691_00,972,412,2,7,37,0.3581362687482957,0.015144804251832057,3.4504422497393468,0.4015327318056723,0.01733858414826189,26.952746416636526,True,False
scene0691_00,974,413,2,7,36,0.36004866169759864,0.01769830218687979,3.3658936766533527,0.40628749955568577,0.026633133888838256,27.112158994467794,True,False
scene0691_00,977,414,2,7,35,0.36126216224398683,0.014529074517621969,3.4186138327914137,0.4108155222326637,0.017434483664036875,27.239792766718917,True,False
scene0691_00,979,415,2,7,34,0.3839900939974726,0.020607316319569628,4.366348623508399,0.4089240662100009,0.012203993350647738,27.213735958796768,True,False
scene0691_00,982,416,2,7,33,0.3852434170843984,0.022304741239248832,5.65150281684223,0.4135457813766019,0.0215063541932447,27.01932772278431,True,False
scene0691_00,984,417,2,7,32,0.3935156264400099,0.012523159890756539,5.396510962741187,0.4183704499079035,0.020882862252468777,27.11921293704872,True,False
scene0691_00,986,418,2,7,31,0.40790301769020426,0.03121067033261858,6.540127536368852,0.4278147686929338,0.02442413382375507,26.75027608337802,True,False
scene0691_00,989,419,2,7,30,0.4336759720292744,0.0375925099520925,6.44908766174915,0.42013662656898676,0.024479070535464616,27.107311800965494,True,False
scene0691_00,991,420,2,7,29,0.4110282818832679,0.04880702559806893,4.980530367191032,0.4242962441894339,0.037149974397568335,27.284056723303802,True,False
scene0691_00,993,421,2,7,28,0.5806741656024141,0.09344348685199394,7.639230289464894,0.4316938952015519,0.0350000718628621,27.87034602422325,True,False
scene0691_00,996,422,2,7,27,0.5963415476021987,0.09715586077114777,8.38530388783,0.4503951146782088,0.02849492538355795,28.307263047282316,True,False
scene0691_00,998,423,2,7,26,0.5607687453667233,0.06742270238251702,7.007838256596735,0.5053091299654788,0.03158476956155095,28.174454357621958,False,False
scene0691_00,1000,424,2,7,25,0.47906807801395185,0.0499275915257968,6.208698381953985,0.6726689283184922,0.025138219839724196,25.90860907282706,False,False
scene0691_00,1003,425,2,8,25,0.462579423330284,0.048446715536246354,5.403903788041879,0.6937299253735544,0.021873926943049984,26.669234660793748,False,False
scene0691_00,1005,426,2,8,26,0.46177116302831767,0.031379250383324474,4.735728784937551,0.7111111654592295,0.021753674843089345,26.60361559242434,False,False
scene0691_00,1008,427,2,8,27,0.45345574450695686,0.02038333097675544,4.624195158744789,0.697584720120676,0.04002942508984539,26.878883837084743,False,False
scene0691_00,1010,428,2,8,28,0.45524423628392974,0.012943267794568,4.132718166601384,0.698137835291435,0.027971828905294503,27.11718404726368,False,False
scene0691_00,1012,429,2,8,29,0.4546927280019786,0.013055929720013675,4.271135586480129,0.7006037468736921,0.028948607644747763,27.024510776257717,False,False
scene0691_00,1015,430,2,8,30,0.45082370324813814,0.034413672159496256,6.05195411375627,0.7019309008458532,0.05225841047829172,27.165041682038495,False,False
scene0691_00,1017,431,2,8,31,0.4482524015701618,0.01846636432304509,5.585260527428394,0.6930983039580436,0.02461487926116307,26.933099316397723,False,False
scene0691_00,1019,432,2,8,32,0.45960303549961895,0.0251246344223301,4.405179705424814,0.6919195092712225,0.017889900872202633,26.34270073764287,False,False
scene0691_00,1022,433,2,8,33,0.4537740303266721,0.01922119329937952,5.739529982554009,0.6934002322094766,0.03313370616683229,26.25384572177002,False,False
scene0691_00,1024,434,2,8,34,0.4512715014276495,0.010781041946258898,5.353835027810954,0.6869431153763346,0.025782183824504624,26.518236583483286,False,False
scene0691_00,1026,435,2,8,35,0.45626548623512786,0.021692994105454992,5.435748483333294,0.6830212955139061,0.030635114951059823,26.367498119074195,False,False
scene0691_00,1029,436,2,8,36,0.4579270074463361,0.024122766599256856,5.982168161801846,0.6746464325414223,0.03635162696986867,26.5683364584225,False,False
scene0691_00,1031,437,2,8,37,0.4595995276887823,0.028457802075801585,5.470975265680586,0.6698899807354667,0.02703183495063173,26.456406170729377,False,False
scene0691_00,1033,438,2,8,38,0.45706636050626015,0.023674461668630624,5.505004319891735,0.6702445698320396,0.025086890965137807,26.521229481026005,False,False
scene0691_00,1036,439,2,8,39,0.4602019816267757,0.02702637816994046,5.736642073665256,0.6708842512790623,0.029102183824258155,26.250750563231872,False,False
scene0691_00,1038,440,2,8,40,0.4551038513307664,0.02253395326216022,5.706343663759782,0.6713084307149426,0.030170732232150114,26.29012555127211,False,False
scene0691_00,1041,441,2,8,41,0.4593050877956598,0.026050365980728393,5.502283610896026,0.6690115212101562,0.025468764847094164,26.467370152901424,False,False
scene0691_00,1043,442,2,8,42,0.46191749673434934,0.024345406165946545,5.688077305065994,0.6692572417361539,0.0314592015617894,26.19090976993728,False,False
scene0691_00,1045,443,2,8,43,0.4637436036566843,0.030144965125822598,5.6348147054658,0.6646997781407394,0.03959265425492845,26.04022344803071,False,False
scene0691_00,1048,444,2,8,44,0.4654712209653427,0.028938873312314633,5.665543559454649,0.6605000274524304,0.04008380904281626,26.04110961383718,False,False
scene0691_00,1050,445,2,8,45,0.4678078700246648,0.02246472136157284,5.752396694368061,0.6597660473243345,0.025863923214500664,26.096853759690855,False,False
scene0691_00,1052,446,2,8,46,0.46331813318051424,0.020938867126251974,5.886337195252663,0.663601330294315,0.029304059586416957,26.17247759265669,False,False
scene0691_00,1055,447,2,8,47,0.45935134412438583,0.021909194232618556,6.330609171426309,0.6608991996792994,0.027550794441445852,25.843832396632177,False,False
scene0691_00,1057,448,2,8,48,0.4651947586092237,0.024797813520870612,6.082163031002171,0.657821139839926,0.03599079969414026,26.044615790728663,False,False
scene0691_00,1059,449,2,8,49,0.4577909920097575,0.020952939263620865,5.9583258397979755,0.6573903535694374,0.03153024498325054,26.236029952680568,False,False
scene0691_00,1062,450,1,8,49,0.6670996762222069,0.022088750140607384,7.10960538613466,,,,,
scene0691_00,1064,451,1,8,48,0.6662749355635261,0.026981208403299227,6.020490425898281,,,,,
scene0691_00,1067,452,1,8,47,0.6614062135775349,0.018939369785676913,7.219404903860871,,,,,
scene0691_00,1069,453,1,8,46,0.658255092395789,0.025580862403093357,6.230343928124381,,,,,
scene0691_00,1071,454,1,8,45,0.6544213581428014,0.021752672106048813,7.078465769489175,,,,,
scene0691_00,1074,455,1,8,44,0.6454306798147589,0.022758050166468587,8.387464858440598,,,,,
scene0691_00,1076,456,1,8,43,0.6404486381343957,0.01878690170926919,8.82572734885489,,,,,
scene0691_00,1078,457,1,8,42,0.6475819490501828,0.020223174343187007,8.414281651501907,,,,,
scene0691_00,1081,458,1,8,41,0.6518778669558294,0.021014978307669352,8.554604033915329,,,,,
scene0691_00,1083,459,1,8,40,0.6529818189913317,0.01849617573988348,7.696207484793279,,,,,
scene0691_00,1085,460,1,8,39,0.651591731223814,0.03298958389642353,8.575088629195372,,,,,
scene0691_00,1088,461,1,8,38,0.6633602725699377,0.017063510287742414,8.344881635278485,,,,,
scene0691_00,1090,462,1,8,37,0.6741950041328515,0.022795413901763963,8.30643964374109,,,,,
scene0691_00,1093,463,1,8,36,0.6725542373303866,0.021139534850487637,9.43033288919441,,,,,
scene0691_00,1095,464,1,8,35,0.6713532961873807,0.022833996623017327,10.322240189481407,,,,,
scene0691_00,1097,465,1,8,34,0.6813774862083225,0.02015564259679838,10.470078370925036,,,,,
scene0691_00,1100,466,1,8,33,0.6783459315196824,0.0247955780240701,9.73272258848529,,,,,
scene0691_00,1102,467,1,8,32,0.6808140813749888,0.01775934391010436,9.763994832181416,,,,,
scene0691_00,1104,468,1,8,31,0.6872305156891136,0.02018891137181172,9.626691409301154,,,,,
scene0691_00,1107,469,1,8,30,0.6866212099322332,0.00887198623490788,10.236271849472047,,,,,
scene0691_00,1109,470,1,8,29,0.6858174488971305,0.00556256357384185,9.626246796688394,,,,,
scene0691_00,1111,471,1,8,28,0.6822106360724935,0.008146642890744219,9.966060664255094,,,,,
scene0691_00,1114,472,1,8,27,0.678977901241157,0.004032000439512495,9.824542830757254,,,,,
scene0691_00,1116,473,1,8,26,0.6856391380373599,0.015112107690919514,8.432826365061414,,,,,
scene0691_00,1118,474,1,8,25,0.6814676785495342,0.005459404446870261,9.187112618680562,,,,,
scene0691_00,1121,475,1,8,24,0.6792711573406383,0.015783936590212034,9.61347555453342,,,,,
scene0691_00,1123,476,1,8,23,0.6843116177681997,0.007833954646198604,9.173451992562027,,,,,
scene0691_00,1126,477,1,8,22,0.6900290456982457,0.014887884922385936,10.082689533467411,,,,,
scene0691_00,1128,478,1,8,21,0.6857919281545399,0.026798573004480894,10.879697335352452,,,,,
scene0691_00,1130,479,1,8,20,0.6940039064388743,0.019427370069752804,9.440586096325413,,,,,
scene0691_00,1133,480,1,8,19,0.6936072241944631,0.04043216823806734,11.102391316929939,,,,,
scene0691_00,1135,481,1,8,18,0.6831739188405909,0.05357576910052802,10.688454030102479,,,,,
scene0691_00,1137,482,1,8,17,0.6839540764267764,0.05336163209783827,11.098914685771163,,,,,
scene0691_00,1140,483,1,8,16,0.6896862612562147,0.05740445044199992,9.974605274583029,,,,,
scene0691_00,1142,484,1,8,15,0.6873216691748678,0.04483747073153259,9.884488370121034,,,,,
scene0691_00,1144,485,1,8,14,0.6964946593649405,0.038967366736640766,7.348524809795039,,,,,
scene0691_00,1147,486,1,8,13,0.6965485337923162,0.018149876116602355,7.3699467981824425,,,,,
scene0691_00,1149,487,1,8,12,0.6928829163870555,0.025546392526872425,6.084920691926913,,,,,
scene0691_00,1152,488,1,8,11,0.6888863681919222,0.011573520895826979,6.211759448845634,,,,,
scene0691_00,1154,489,1,8,10,0.6871160755224438,0.02235638922520415,7.291102173627906,,,,,
scene0691_00,1156,490,1,8,9,0.6904500882568745,0.01627242544818946,5.780515280230443,,,,,
scene0691_00,1159,491,1,8,8,0.693558164873343,0.017565962379924197,6.123982725271369,,,,,
scene0691_00,1161,492,1,8,7,0.6856709605677804,0.015810800021071977,6.346127996074483,,,,,
scene0691_00,1163,493,1,8,6,0.6828660960795054,0.007042000017829338,5.946039154559097,,,,,
scene0691_00,1166,494,1,8,5,0.6847432983221706,0.016523689152383187,6.11335315988816,,,,,
scene0691_00,1168,495,1,8,4,0.6885378762205017,0.01356645093588039,5.447613575823777,,,,,
scene0691_00,1170,496,1,8,3,0.6847960730252133,0.015738564198273044,5.661631469533476,,,,,
scene0691_00,1173,497,1,8,2,0.6882102305055889,0.020813817338078553,5.881832854779039,,,,,
scene0691_00,1175,498,1,8,1,0.6859586209742399,0.028676942780472586,5.754634486273091,,,,,
scene0691_00,1178,499,1,8,0,0.6801978395178278,0.023300263565064344,6.486980679928133,,,,,
scene0013_02,0,0,1,0,0,0.007122845300277181,0.0014783343090063283,1.9210831664819235,,,,,
scene0013_02,2,1,1,0,1,0.007007189193812158,0.0017504349697025573,1.7657478360391943,,,,,
scene0013_02,4,2,1,0,2,0.006925418347259571,0.001547559385510194,1.7959877926063395,,,,,
scene0013_02,6,3,1,0,3,0.006607310246083298,0.0017421394791908228,1.7767502256836651,,,,,
scene0013_02,8,4,1,0,4,0.0064243845803103605,0.0017152547042426339,1.7653335401776507,,,,,
scene0013_02,11,5,1,0,5,0.0064208214386692886,0.0023578625856669256,1.8224585283469426,,,,,
scene0013_02,13,6,1,0,6,0.006297301774623509,0.0031455833185383185,1.7792347509651318,,,,,
scene0013_02,15,7,1,0,7,0.006459054272324072,0.0016456062385894997,1.8230678619607958,,,,,
scene0013_02,17,8,1,0,8,0.0066221832058879215,0.002071661830778247,1.751426661726853,,,,,
scene0013_02,19,9,1,0,9,0.0067370030249368495,0.0007524642524736135,1.7962065782955363,,,,,
scene0013_02,22,10,1,0,10,0.00650656968883967,0.0008803770299025053,1.7755475001191783,,,,,
scene0013_02,24,11,1,0,11,0.00644435405208621,0.0011210075095843975,1.7481710976033127,,,,,
scene0013_02,26,12,1,0,12,0.006520879660522727,0.0012881935157983183,1.7115242455930388,,,,,
scene0013_02,28,13,1,0,13,0.006416239911908983,0.0018508708137508283,1.7115967889789725,,,,,
scene0013_02,31,14,1,0,14,0.006295482619234738,0.0016503499861846378,1.6864717723998435,,,,,
scene0013_02,33,15,1,0,15,0.006049831238280845,0.002115841275779073,1.7086200398859783,,,,,
scene0013_02,35,16,1,0,16,0.006097059258505122,0.0016444756848403698,1.6942210435839604,,,,,
scene0013_02,37,17,1,0,17,0.006050897564736424,0.0020945343752963677,1.653422579663014,,,,,
scene0013_02,39,18,1,0,18,0.006013568008734094,0.001902840733048102,1.72633773998167,,,,,
scene0013_02,42,19,1,0,19,0.006169305453748164,0.0017030917800640163,1.747787067180977,,,,,
scene0013_02,44,20,1,0,20,0.006261135561344111,0.0019397353098923467,1.771216353886518,,,,,
scene0013_02,46,21,1,0,21,0.006224643743757086,0.0025205155600707694,1.7131628587175192,,,,,
scene0013_02,48,22,1,0,22,0.0062324384873347904,0.0019437281177909127,1.7559715260952997,,,,,
scene0013_02,50,23,1,0,23,0.006229982735870165,0.0015169200710495893,1.7475219822779138,,,,,
scene0013_02,53,24,1,0,24,0.006160144245491717,0.0012045035118222493,1.73611256252256,,,,,
scene0013_02,55,25,1,0,25,0.006510597298769127,0.0013087430521392892,1.760487441897634,,,,,
scene0013_02,57,26,1,0,26,0.006299452669054739,0.00179033282426492,1.6917596847219922,,,,,
scene0013_02,59,27,1,0,27,0.00606486128900563,0.0011575903082505989,1.7536056968065934,,,,,
scene0013_02,62,28,1,0,28,0.006083175307263544,0.0030117394908133976,1.791506636183532,,,,,
scene0013_02,64,29,1,0,29,0.005940476641944636,0.0031257354425967662,1.773544344525775,,,,,
scene0013_02,66,30,1,0,30,0.005884254297784386,0.004492210464640753,1.782189359407693,,,,,
scene0013_02,68,31,1,0,31,0.006697748684153071,0.003764721595579964,1.7757830008161235,,,,,
scene0013_02,70,32,1,0,32,0.0060856844805111665,0.0017966636665138762,1.691715775053645,,,,,
scene0013_02,73,33,1,0,33,0.005821899008277565,0.0025009660408553402,1.6640267092533332,,,,,
scene0013_02,75,34,1,0,34,0.005985176843301687,0.005449266164269454,1.772574163212038,,,,,
scene0013_02,77,35,1,0,35,0.00582516302050784,0.0016306906220023769,1.620529262856976,,,,,
scene0013_02,79,36,1,0,36,0.00600366965934318,0.0032449858453285616,1.685717484757382,,,,,
scene0013_02,81,37,1,0,37,0.005889468621438465,0.0014993303536962358,1.6559650354278246,,,,,
scene0013_02,84,38,1,0,38,0.005870588134219479,0.001205831045319394,1.6583853442887373,,,,,
scene0013_02,86,39,1,0,39,0.005772786778245109,0.0018346842887775896,1.6528736641802537,,,,,
scene0013_02,88,40,1,0,40,0.005806427879704645,0.0020315311399803685,1.686843865709279,,,,,
scene0013_02,90,41,1,0,41,0.006018725637295441,0.002757327226294326,1.6272988250524578,,,,,
scene0013_02,93,42,1,0,42,0.006007942966574031,0.002546863441376204,1.6413323413762475,,,,,
scene0013_02,95,43,1,0,43,0.005993450010537971,0.001994980302307782,1.5994972956905973,,,,,
scene0013_02,97,44,1,0,44,0.006330885153211896,0.002173579511860334,1.5525968630012388,,,,,
scene0013_02,99,45,1,0,45,0.0063267991609670116,0.0036451185472840346,1.5461460626198544,,,,,
scene0013_02,101,46,1,0,46,0.0063251141835245495,0.0038833960558272676,1.5057791924381165,,,,,
scene0013_02,104,47,1,0,47,0.006080714297620471,0.003568912796777391,1.4837087886327813,,,,,
scene0013_02,106,48,1,0,48,0.0060173851407675505,0.004011159190458259,1.4685233828216597,,,,,
scene0013_02,108,49,1,0,49,0.006129452816012848,0.003642838006850502,1.5386744367382583,,,,,
scene0013_02,110,50,2,0,49,0.02951283765472329,0.00396554757201307,1.4890772653503803,0.053632474104058026,0.005832590743617741,1.6021106276810406,True,True
scene0013_02,112,51,2,0,48,0.028471576908501384,0.003010257212384274,1.43508585754516,0.05184451496303977,0.003429589026490174,1.6018750280711072,True,True
scene0013_02,115,52,2,0,47,0.026067803480209983,0.0010780609319852937,1.398413377961877,0.04688217179038945,0.002242153615054336,1.6139289964247203,True,True
scene0013_02,117,53,2,0,46,0.025760744152066473,0.0018913240031765758,1.4291786346537596,0.04673685601151667,0.0026225394816590314,1.5995530975422563,True,True
scene0013_02,119,54,2,0,45,0.02566587694848549,0.0018273479624342508,1.4718902716577649,0.04650863616413603,0.0027099094922068126,1.618892459345278,True,True
scene0013_02,121,55,2,0,44,0.02568335972839858,0.0022144245354642055,1.47171830263625,0.04608312674335979,0.0029890148783341956,1.5930669119796628,True,True
scene0013_02,124,56,2,0,43,0.02557929201746101,0.0018746807387836533,1.448928169990785,0.04588529720224477,0.001150028047238051,1.6037668271780743,True,True
scene0013_02,126,57,2,0,42,0.025264605137271245,0.0014137908305364634,1.4580217586373556,0.045442211737467986,0.0012281929965730386,1.6014101309887254,True,True
scene0013_02,128,58,2,0,41,0.024984738766921977,0.0019546962753362552,1.4973939859579337,0.04474997869430053,0.0007115835583877954,1.5904303681000063,True,True
scene0013_02,130,59,2,0,40,0.024552759009945635,0.004169796479398202,1.5439348996253495,0.044488408617749275,0.0014671598054007524,1.6358446822038164,True,True
scene0013_02,132,60,2,0,39,0.024470608632537694,0.0046940590083396376,1.5549124262980207,0.04376116013650144,0.0008882135459498071,1.5879839122467247,True,True
scene0013_02,135,61,2,0,38,0.024270258238785425,0.0013327666259605173,1.5150473177948098,0.04357857914868868,0.0009417112894538231,1.5773653034083457,True,True
scene0013_02,137,62,2,0,37,0.024211327080350953,0.001381937784239482,1.5258620552508637,0.043694034286179684,0.0006692525419537879,1.5756680245056185,True,True
scene0013_02,139,63,2,0,36,0.024086526344317905,0.001808102403016279,1.5531997213947641,0.043345212560038204,0.0006998028761819404,1.5569046268119042,True,True
scene0013_02,141,64,2,0,35,0.0240873228295041,0.0016587025259772788,1.5531000184710515,0.04319080819371768,0.0007572796522709817,1.5604111421692795,True,True
scene0013_02,143,65,2,0,34,0.023843125320725134,0.0016634507936826924,1.5635887505327144,0.04324639036192046,0.0009473593814771636,1.5647490019114414,True,True
scene0013_02,146,66,2,0,33,0.02389792101262128,0.002209617698103408,1.5250893287251075,0.043155278502007954,0.0010651657606075592,1.6059880059569898,True,True
scene0013_02,148,67,2,0,32,0.023813920322086346,0.002076984859827208,1.6081044531741764,0.042660346899840995,0.0017087029060909341,1.5508580508862595,True,True
scene0013_02,150,68,2,0,31,0.02397631970650782,0.0016626806337656846,1.5946277237854591,0.042839906687707985,0.001498830222613103,1.6002977199379227,True,True
scene0013_02,152,69,2,0,30,0.023679314350244507,0.001579109256762501,1.5527926500439415,0.04265373812700746,0.0005126602670546525,1.5839221401669124,True,True
scene0013_02,155,70,2,0,29,0.023336347546564107,0.0017941703693430781,1.603421243064831,0.04166087804820595,0.0018965298323585832,1.5678498067229536,True,True
scene0013_02,157,71,2,0,28,0.0233402469109506,0.002315481846428389,1.5844710956707946,0.04140109837644945,0.002396646817666149,1.5574415372357093,True,True
scene0013_02,159,72,2,0,27,0.023210507896249677,0.003937868699359031,1.654828591910837,0.041170156212947395,0.0012299576181418691,1.5110161886129918,True,True
scene0013_02,161,73,2,0,26,0.02315563426751277,0.0036868594178082453,1.6471758746028442,0.04085568155841479,0.0026086062059497363,1.5074367981307426,True,True
scene0013_02,163,74,2,0,25,0.023005437369582882,0.003192539464900566,1.6301792839980895,0.04081491661668757,0.0029734108577533307,1.4874051931188512,True,True
scene0013_02,166,75,2,1,25,0.022968803277032546,0.005135461028500001,1.5953596382471262,0.04064571610740897,0.003821775989869901,1.4497929210871758,True,True
scene0013_02,168,76,2,1,26,0.023051285205641425,0.0035472887986029112,1.6546732322761282,0.040433688006011326,0.00443993363294313,1.5097355160466739,True,True
scene0013_02,170,77,2,1,27,0.022949986304841297,0.002789058483556609,1.6624405588915887,0.04046055547321148,0.002439740754438545,1.5145875468329373,True,True
scene0013_02,172,78,2,1,28,0.022830127739971062,0.0029453979917970735,1.6379902099807735,0.04051947125387023,0.001370741753600732,1.489963063538298,True,True
scene0013_02,174,79,2,1,29,0.02284512633976926,0.00360942857676743,1.660186008749483,0.04043821124341096,0.0018043294455270691,1.5023802295125939,True,True
scene0013_02,177,80,2,1,30,0.023177002852032447,0.005162887169480473,1.627316393489269,0.04016736642371266,0.0032111360256795955,1.4786022315057885,True,True
scene0013_02,179,81,2,1,31,0.02292368952587559,0.0043046972430584056,1.5884582832076446,0.040151409546305916,0.003234385277815658,1.4947774691227966,True,True
scene0013_02,181,82,2,1,32,0.02293189053057726,0.002911392656692975,1.5964968769873025,0.04022414242754546,0.001520578016699269,1.5051644307995689,True,True
scene0013_02,183,83,2,1,33,0.02319463137709299,0.0047044164040501105,1.5783570466058796,0.039986489414311266,0.001336064232935972,1.465862836966578,True,True
scene0013_02,186,84,2,1,34,0.022791847544637256,0.0030809107931919653,1.5635210328040696,0.040270759253525856,0.0010568966959915204,1.5682984269031952,True,True
scene0013_02,188,85,2,1,35,0.02317985384950294,0.003511965816864815,1.547175793387972,0.04108746154573284,0.0014753137128731592,1.531371280693711,True,True
scene0013_02,190,86,2,1,36,0.02261666626644926,0.0035130918848976693,1.5518006710021037,0.041122715585868996,0.0028526549396361736,1.5629008510087798,True,True
scene0013_02,192,87,2,1,37,0.022575631871893986,0.0029236139800616905,1.52766652107288,0.04082170060468482,0.0022558214781799135,1.5207955025849236,True,True
scene0013_02,194,88,2,1,38,0.022602720026467016,0.003547916007064514,1.475039725956273,0.04071407380337466,0.001566788660493646,1.549909559251983,True,True
scene0013_02,197,89,2,1,39,0.022301415591583162,0.0025494495162272546,1.5162470098363325,0.04087288900675479,0.0011604022926447648,1.5671624621930091,True,True
scene0013_02,199,90,2,1,40,0.022108833542793582,0.0021666667640945804,1.4830104300607947,0.040369313918329874,0.0014195262386693225,1.5618406802683908,True,True
scene0013_02,201,91,2,1,41,0.022060254274791746,0.0028302232929199693,1.4333019778835294,0.04032015847609305,0.0010335328968109853,1.545180146117477,True,True
scene0013_02,203,92,2,1,42,0.021994420148011284,0.003825847976447512,1.5893692918495526,0.040931697185795035,0.0006593755798362863,1.4957901290313318,True,True
scene0013_02,205,93,2,1,43,0.021703722095053724,0.003700308278433795,1.4264079320130323,0.04038363575905102,0.00015663605236798311,1.5475536309214335,True,True
scene0013_02,208,94,2,1,44,0.02168188366077034,0.00342143654550483,1.4952083708271147,0.0405893409844893,0.0017657735798002683,1.485474548922783,True,True
scene0013_02,210,95,2,1,45,0.022303559061094602,0.002893739093119795,1.4552782253642815,0.04196307244825648,0.0011632847170289667,1.5387274107824322,True,True
scene0013_02,212,96,2,1,46,0.022319451071473095,0.002926909546769707,1.455399268348669,0.041815353959528956,0.002194659697074099,1.584032869913925,True,True
scene0013_02,214,97,2,1,47,0.022340054540215815,0.004879205452359706,1.519145925038913,0.042008540445624964,0.003223825899015386,1.5027103981475833,True,True
scene0013_02,217,98,2,1,48,0.022204671172503132,0.002786466841844241,1.3365765547213173,0.042171319161593335,0.0017812300873628678,1.5809747182561835,True,True
scene0013_02,219,99,2,1,49,0.021950128498509747,0.0020892099869545366,1.3345449264875895,0.04168521272186998,0.003660525186910887,1.5774008729325448,True,True
scene0013_02,221,100,2,1,49,0.09362433543465698,0.0031105660273650264,1.2294842058927382,0.07643071762056475,0.0024226681595128537,1.3352072946074232,True,True
scene0013_02,223,101,2,1,48,0.09274649901596643,0.004055088415230399,1.2503327508578015,0.07361860298680634,0.001506407893903951,1.3919585048121783,True,True
scene0013_02,225,102,2,1,47,0.09022823021809917,0.005414305774198655,1.0795861163532792,0.0692186139862565,0.0017494087467688352,1.3273151243798789,True,True
scene0013_02,228,103,2,1,46,0.08932325673742275,0.005045899935126804,1.213628438070748,0.06919547015989425,0.0021893704203739166,1.3381289557324707,True,True
scene0013_02,230,104,2,1,45,0.09255026363874674,0.004677952104076278,1.1913517728021505,0.07545042215289943,0.003211038525904253,1.2583169087190709,True,True
scene0013_02,232,105,2,1,44,0.0897099804604014,0.00512065475166415,1.181313394798837,0.06860619726072759,0.0017068986253150475,1.3040168407348305,True,True
scene0013_02,234,106,2,1,43,0.08989580714849715,0.005678438016255021,1.171792949587316,0.06789690138397919,0.00196398799473619,1.3975934736012152,True,True
scene0013_02,236,107,2,1,42,0.09082684661953422,0.004633194987413637,1.1204949710661367,0.06873156729071206,0.0017060458467687612,1.356191006304992,True,True
scene0013_02,239,108,2,1,41,0.09042552238507001,0.0051166305938556795,1.0996328765017735,0.0690145371902865,0.002340021814631015,1.4414997065990958,True,True
scene0013_02,241,109,2,1,40,0.08924704622766788,0.005342839413469464,1.0851180353475174,0.06879570676594493,0.001655817666580414,1.407908133298739,True,True
scene0013_02,243,110,2,1,39,0.0900756107256297,0.0031603154441114515,1.2209031671324762,0.0691589025231798,0.001487180072836592,1.3561209643660246,True,True
scene0013_02,245,111,2,1,38,0.08976223434770625,0.004127807815810048,1.2218659763081408,0.06900390529922928,0.002443280582111261,1.3805789424299237,True,True
scene0013_02,248,112,2,1,37,0.08962007974157565,0.003703180418614101,1.1848403978813142,0.06870031455740644,0.0007420517665568283,1.3931319638753956,True,True
scene0013_02,250,113,2,1,36,0.08978794025260262,0.0033827663280358673,1.2085624815819291,0.06891158912099438,0.0010581342887271432,1.4126376970073595,True,True
scene0013_02,252,114,2,1,35,0.08908536625119073,0.003707506621079066,1.1402062009044358,0.06833422736447659,0.0024258342487621528,1.336459873019525,True,True
scene0013_02,254,115,2,1,34,0.08948561621623025,0.003014216706845381,1.116136930237309,0.06789853033171966,0.0014416248624015912,1.2550956701010323,True,True
scene0013_02,256,116,2,1,33,0.08977287355491259,0.005335791267236333,1.0376403774312801,0.06791401522072382,0.0028515882381933283,1.1987671331896148,True,True
scene0013_02,259,117,2,1,32,0.08763286226597011,0.0023014783374187896,1.1221129606080797,0.0657626120966367,0.001999456516371782,1.1648212258915422,True,True
scene0013_02,261,118,2,1,31,0.0872268011067242,0.004668820790595107,1.0516632266017996,0.06498980508865415,0.0011895419316688657,1.0991914365682784,True,True
scene0013_02,263,119,2,1,30,0.08442320609046067,0.002114960957776001,1.1526690822385843,0.06351873842322475,0.0018247641930067096,1.1283215604191423,True,True
scene0013_02,265,120,2,1,29,0.08391526910255104,0.0021409203247266294,1.1033183156001347,0.06277155351043329,0.0020521702968095785,1.1165034559972145,True,True
scene0013_02,267,121,2,1,28,0.08366531108193082,0.004446572003676572,1.1313624922730894,0.06237073482001987,0.0020178170240874476,1.1409335566677137,True,True
scene0013_02,270,122,2,1,27,0.0831680468845476,0.0053844869248930675,1.0844585081008016,0.06127382194309117,0.0015041272939550372,1.0829984799457197,True,True
scene0013_02,272,123,2,1,26,0.08218439267020045,0.007051692024020705,0.9976924772245288,0.06029390546631963,0.003727132188286587,1.1624989574010973,True,True
scene0013_02,274,124,2,1,25,0.0821244174212179,0.0049094843900827035,0.9141422868349786,0.05956801843964987,0.0013167886973543953,1.0884741244814555,True,True
scene0013_02,276,125,2,2,25,0.08167631751036197,0.0037610602574335503,0.9519372728607565,0.05943263712146685,0.00202897823057668,1.163325963142002,True,True
scene0013_02,279,126,2,2,26,0.08132286606581596,0.0035398058832530823,0.9718296490783351,0.058565457553166,0.0025903791218114813,1.1075393359296843,True,True
scene0013_02,281,127,2,2,27,0.08123825690632847,0.00453042985883521,0.9235780585587108,0.05780036841286107,0.003009769373495445,1.1619531548533526,True,True
scene0013_02,283,128,2,2,28,0.08089192505787735,0.006454282760990481,0.8615265818730722,0.05694122297578419,0.004758384390751703,1.1360449483534625,True,True
scene0013_02,285,129,2,2,29,0.08021482590052925,0.006203692005646675,0.9102712030855128,0.05641545886220145,0.0014140166497101552,1.0830932565925666,True,True
scene0013_02,287,130,2,2,30,0.079344255107892,0.0058640968640709164,0.9641978129414244,0.05547231860474533,0.0034325836772591397,1.189466299884298,True,True
scene0013_02,290,131,2,2,31,0.07813785904318638,0.005019052957326209,0.9753755359392882,0.05478185363579979,0.0015515686035899722,1.1778763046193756,True,True
scene0013_02,292,132,2,2,32,0.07753988163365583,0.004155903944552678,0.9162852955325191,0.05427489202820257,0.002103018231777018,1.207160694226965,True,True
scene0013_02,294,133,2,2,33,0.0762380401657613,0.004025815821394382,0.9955157336743388,0.05392734641516905,0.005007071625270593,1.129656964309632,True,True
scene0013_02,296,134,2,2,34,0.07583108491816548,0.0055800824627912395,0.9710381845613834,0.05356291875803354,0.003947467969597373,1.1273176898124817,True,True
scene0013_02,298,135,2,2,35,0.07553744761895237,0.00918632892634252,1.018669393725105,0.052888577201157805,0.004172483942506953,1.126688360281742,True,True
scene0013_02,301,136,2,2,36,0.07460726808990226,0.0068571053326237,1.0563726669498936,0.05170755616796052,0.0034700946143659383,1.184621958681868,True,True
scene0013_02,303,137,2,2,37,0.0740214143585275,0.0030920069073036203,1.0646202903710595,0.05093590907765155,0.004654017469549321,1.151150287425279,True,True
scene0013_02,305,138,2,2,38,0.07341835207273983,0.005440998606430051,1.1919638749438497,0.049022098920418644,0.006381172424014452,1.1040992498472546,True,True
scene0013_02,307,139,2,2,39,0.07276619514989696,0.005026273978434657,1.121634257564024,0.048396558846151794,0.006719301805171052,1.186776308790852,True,True
scene0013_02,310,140,2,2,40,0.07231684163351743,0.002734514216215327,1.0988827668188326,0.04728387840039261,0.002680165979470345,1.1993770643186705,True,True
scene0013_02,312,141,2,2,41,0.07255719929613835,0.003075238807040048,1.1636453286444435,0.046539729129941754,0.0015641099895332884,1.3096514400542538,True,True
scene0013_02,314,142,2,2,42,0.07268159996745444,0.0025138027309615793,1.1776027231401418,0.046849412773069976,0.0022622415975721405,1.282676598666305,True,True
scene0013_02,316,143,2,2,43,0.07298141279436221,0.002698094746940983,1.153203892643806,0.04619331755918643,0.001780145117464905,1.2708952722089315,True,True
scene0013_02,318,144,2,2,44,0.07331967452470817,0.0048065566459533585,1.1604767378984246,0.04619314958088805,0.0015557608645287676,1.3052511650880323,True,True
scene0013_02,321,145,2,2,45,0.0734438703376839,0.004440811775667195,1.1647944666012116,0.04587558125134561,0.001966822176647028,1.2977284689430248,True,True
scene0013_02,323,146,2,2,46,0.07354052216364743,0.003899410056934661,1.1754733527266783,0.045455313152014565,0.0028468993252991253,1.319123374916375,True,True
scene0013_02,325,147,2,2,47,0.07355734862901259,0.0037127615461936157,1.173230156005506,0.04523397709599086,0.004940634302508065,1.3456816131559861,True,True
scene0013_02,327,148,2,2,48,0.0740234898191025,0.005100270749851668,1.228630581223839,0.044836929341664944,0.006686651353257744,1.3036140344345628,True,True
scene0013_02,329,149,2,2,49,0.07353869406681246,0.005753087152317184,1.2844196027919237,0.04457368357850788,0.005269326876434708,1.297403485970743,True,True
scene0013_02,332,150,2,2,49,0.08920500679695631,0.006990402343919131,0.6995585651123823,0.10673127502057811,0.003633229087194734,2.8017904948093943,True,True
scene0013_02,334,151,2,2,48,0.08549047681428884,0.005499320817356923,0.7323702795682638,0.10395649298890519,0.0027751545069231143,2.863097625818286,True,True
scene0013_02,336,152,2,2,47,0.08498793535444571,0.006175392444979047,0.6974485268062774,0.10332514289959138,0.0034296712304424564,2.8600280989088334,True,True
scene0013_02,338,153,2,2,46,0.08490109709109983,0.007087155095008377,0.6797960040717145,0.10267151588019297,0.004508964379079923,2.7778163251802996,True,True
scene0013_02,341,154,2,2,45,0.08544231840981686,0.005513796636426996,0.7612985019598264,0.10467264806531262,0.0025077065812568345,2.837241454223482,True,True
scene0013_02,343,155,2,2,44,0.0856217557398476,0.005282049488642226,0.7374297064572788,0.1049144976634323,0.002580822117357898,2.8144455333180183,True,True
scene0013_02,345,156,2,2,43,0.08525180765964363,0.0058079915837612375,0.7607659542037105,0.10463219856385442,0.003890772591615828,2.8774144327341564,True,True
scene0013_02,347,157,2,2,42,0.08544038508513951,0.0055885653575183,0.7965538175250797,0.10559289587611498,0.003680625170322739,2.847584214636375,True,True
scene0013_02,349,158,2,2,41,0.0847615365535318,0.004852904303601047,0.8100881216272522,0.10535119495915779,0.0027640311224823035,2.853651870457631,True,True
scene0013_02,352,159,2,2,40,0.084068388570257,0.005419710524931211,0.8155173799573974,0.10504736661730629,0.0035267200881538593,2.7736710607079647,True,True
scene0013_02,354,160,2,2,39,0.08391990116778586,0.0031770882063934707,0.8419405527361676,0.10447239206692971,0.0015719193180861216,2.912546845051177,True,True
scene0013_02,356,161,2,2,38,0.08321728726043764,0.00292541508179322,0.8153875709676274,0.1047197318774461,0.0015257539947228298,2.822613769441607,True,True
scene0013_02,358,162,2,2,37,0.08243371152930085,0.0035193716234912147,0.8197807558256787,0.10483729495420113,0.002710974602165062,2.858146176888617,True,True
scene0013_02,360,163,2,2,36,0.08282986239189755,0.003107311440803298,0.8336252008666947,0.10581238418562089,0.0021517230941140004,2.8986398381210035,True,True
scene0013_02,363,164,2,2,35,0.08339413545121271,0.0017993548849276563,0.8425306309224725,0.10650618899454511,0.002614347335508063,2.9934268854258783,True,True
scene0013_02,365,165,2,2,34,0.08265232960906177,0.0011429293495314576,0.8472245647454281,0.10641826541497568,0.003210854536270291,2.99328773209275,True,True
scene0013_02,367,166,2,2,33,0.0833334351405024,0.00123432586495942,0.8262675977614915,0.10597263778733046,0.0027920725983103262,2.974314825503635,True,True
scene0013_02,369,167,2,2,32,0.08265158538255918,0.0020193548472016622,0.8553394825822649,0.10578252324866566,0.002806856932165908,3.006770815856349,True,True
scene0013_02,372,168,2,2,31,0.0806571220785971,0.0020753066157766747,0.8148899876536804,0.10383798359821172,0.0033821718510933965,2.9467105596150347,True,True
scene0013_02,374,169,2,2,30,0.07976424820392708,0.0046931001241040755,0.7814168133519415,0.10313066438697738,0.004646818271475087,2.956667164480465,True,True
scene0013_02,376,170,2,2,29,0.07951623611723779,0.002849385085355355,0.8533184666329616,0.10325382922595938,0.00347190420888441,2.9890884651346488,True,True
scene0013_02,378,171,2,2,28,0.0798584007985833,0.002925632798168887,0.8243569878364592,0.1019627747642361,0.0038943909848142707,3.0662033849751538,True,True
scene0013_02,380,172,2,2,27,0.07960964853680369,0.0016279674988347308,0.8187078461763876,0.10190039448380384,0.002138788952074014,3.01833295494747,True,True
scene0013_02,383,173,2,2,26,0.07795015600173144,0.002766901378606709,0.7557511635635028,0.10025800604870916,0.003620260055836332,3.0375745739654345,True,True
scene0013_02,385,174,2,2,25,0.0780447093176106,0.002580533214545163,0.759510710351479,0.09981042661695172,0.003605487943768964,3.0726300286317065,True,True
scene0013_02,387,175,2,3,25,0.07732873857216327,0.003123431281627758,0.7595473133009917,0.09961856539563707,0.0042649334786278624,3.0364119458250807,True,True
scene0013_02,389,176,2,3,26,0.07625030656537746,0.0027823845805413643,0.7788390560157286,0.0989918861870479,0.003861580101021218,3.1521076864114876,True,True
scene0013_02,391,177,2,3,27,0.076055140485972,0.002489547085955922,0.8109163091980641,0.09883326813900561,0.0028783101768868327,3.1386970645820966,True,True
scene0013_02,394,178,2,3,28,0.07610794831133372,0.003441878054592432,0.7953886374390272,0.09930772202239924,0.004209523246713565,3.161071168115168,True,True
scene0013_02,396,179,2,3,29,0.0762433220234387,0.004312653854725194,0.7917787037961102,0.09948553290064621,0.004987880151318019,3.122217805298865,True,True
scene0013_02,398,180,2,3,30,0.0767824873396804,0.0044756508184966275,0.8050708040001759,0.09902065403423066,0.005537398620768712,3.127159859478977,True,True
scene0013_02,400,181,2,3,31,0.07708313173466808,0.003214045868934064,0.7955186485222528,0.09903737056759565,0.0029987494896566752,3.046096430445213,True,True
scene0013_02,403,182,2,3,32,0.07534814134384371,0.003295746423222496,0.8069845207616921,0.09870654671171009,0.0029288242355474206,3.1405448605299084,True,True
scene0013_02,405,183,2,3,33,0.07545856998574019,0.0036414318021740014,0.7974520073350193,0.09859310571935476,0.0028251363710047528,3.098615443009603,True,True
scene0013_02,407,184,2,3,34,0.07556758911926864,0.003052140406190928,0.8083549027113628,0.09874374234039185,0.0018979576826502016,3.158198833369457,True,True
scene0013_02,409,185,2,3,35,0.0749682742529944,0.0026340611722231715,0.7899600178606015,0.0979126026221877,0.0008742793505714052,3.1536870516383493,True,True
scene0013_02,411,186,2,3,36,0.07590399131591785,0.004362144379628833,0.800060935654094,0.09827361739822593,0.0037172172095201526,3.13330542192543,True,True
scene0013_02,414,187,2,3,37,0.07469966933937872,0.003052184736563836,0.7999766594427401,0.0978193727878145,0.001902671253053363,3.212357592811688,True,True
scene0013_02,416,188,2,3,38,0.07453862222728491,0.003266771382760384,0.8034821888148336,0.09744784634531445,0.0019436192396464404,3.262254119561029,True,True
scene0013_02,418,189,2,3,39,0.07426865813992367,0.0035747159356811697,0.7760031392740807,0.09680149866973387,0.001288767317873452,3.28946253146514,True,True
scene0013_02,420,190,2,3,40,0.0741535705709867,0.0024923867384632854,0.8376565703531438,0.09641390984439346,0.0012980363505874298,3.2782812849949647,True,True
scene0013_02,422,191,2,3,41,0.07344910842672225,0.003413637580906869,0.7854260708987698,0.09539663694046674,0.0023348160766850806,3.239713153943589,True,True
scene0013_02,425,192,2,3,42,0.07248008684702828,0.0038170654037955635,0.8039710329714252,0.09437294554795128,0.003386908888864499,3.349143318843903,True,True
scene0013_02,427,193,2,3,43,0.07288044004877292,0.003452512491546376,0.8056767529253521,0.09549300079586664,0.004739637343702821,3.3293132063529405,True,True
scene0013_02,429,194,2,3,44,0.07247821769014379,0.0016772760891975607,0.7941707084247084,0.09477434171849342,0.0032910745103824474,3.32839985578553,True,True
scene0013_02,431,195,2,3,45,0.07322794837669727,0.0023403929794063986,0.8450790874658748,0.09540705635499436,0.005466571009709671,3.358213818492223,True,True
scene0013_02,434,196,2,3,46,0.07261005664403847,0.0034186174650481004,0.8390404952569134,0.09523747523977333,0.004776288417073514,3.392948534173076,True,True
scene0013_02,436,197,2,3,47,0.07294485945128298,0.001544584993511908,0.8129072080095519,0.09633853069523157,0.004665465169922734,3.3756952193181604,True,True
scene0013_02,438,198,2,3,48,0.07256432362137949,0.0018023883038266048,0.8411331592055572,0.0975056987369235,0.005537994678477763,3.3891368023832804,True,True
scene0013_02,440,199,2,3,49,0.07181243025070644,0.0019737392889443966,0.8401234457734479,0.09708868986811625,0.006661044138824992,3.3558930811289294,True,True
scene0013_02,442,200,2,3,49,0.08652891581754296,0.0047081615320416085,0.22231626430215176,0.1761064870501936,0.0020452073657385174,1.4703950811008208,True,True
scene0013_02,445,201,2,3,48,0.08453067058400521,0.00366448093790488,0.2869508169266616,0.17304942068472162,0.0010522994490303153,1.3571382068377686,True,True
scene0013_02,447,202,2,3,47,0.08409309001187232,0.0042511303624682105,0.21845071205998384,0.17137001328599166,0.0015065033536211536,1.3314498792783667,True,True
scene0013_02,449,203,2,3,46,0.0828910139998269,0.004276237521232033,0.236674809577272,0.1702216517481343,0.0016934219941076346,1.3355914372584585,True,True
scene0013_02,451,204,2,3,45,0.08297510409375786,0.004865629637100631,0.25819816457139527,0.16857268680182402,0.0015368688059429127,1.3020424072089383,True,True
scene0013_02,453,205,2,3,44,0.0832338378830842,0.004671287066802566,0.2545734413862608,0.16777559359250993,0.0011756870327254063,1.3220990300417046,True,True
scene0013_02,456,206,2,3,43,0.0833347947791862,0.0030311096113844914,0.2125320241634926,0.16816411207893134,0.001005599487203801,1.319187352847963,True,True
scene0013_02,458,207,2,3,42,0.08261056884424306,0.00393233369096097,0.2257547916159863,0.1681784232687774,0.0010823165604992035,1.286816326922731,True,True
scene0013_02,460,208,2,3,41,0.08283819404487636,0.005043138156667107,0.2233587618153981,0.16745640925240413,0.0019148099183873043,1.280278429353929,True,True
scene0013_02,462,209,2,3,40,0.0831317402533353,0.002857964521974947,0.20764510787002202,0.16780491824177557,0.0009611655126117906,1.3250845943237557,True,True
scene0013_02,465,210,2,3,39,0.0833104423432049,0.003727534992114739,0.2377856573078717,0.16920673160801647,0.0011589188681297511,1.286867594175614,True,True
scene0013_02,467,211,2,3,38,0.08303162837389472,0.003412226739830375,0.23727443964747785,0.16860798398001875,0.0002314860877809172,1.2794304251106081,True,True
scene0013_02,469,212,2,3,37,0.08227038917423185,0.002457334906821397,0.22905537272459808,0.16775488579319242,0.0002932635896526856,1.2879692758059265,True,True
scene0013_02,471,213,2,3,36,0.08198965959983368,0.00225078145953178,0.21294237339623,0.16726289106989345,0.0011882031656573837,1.2974220236803244,True,True
scene0013_02,473,214,2,3,35,0.08220576231210192,0.00264571075342469,0.2627495229244091,0.16729361232763007,0.0015234953997722443,1.3532683609792693,True,True
scene0013_02,476,215,2,3,34,0.08159573561840028,0.0017152288807092612,0.23238171580726258,0.16600829467365164,0.0015309491195327426,1.3194544827692285,True,True
scene0013_02,478,216,2,3,33,0.08091680996262035,0.004722785533820743,0.27648482943467223,0.1642812304866763,0.0015030973418023604,1.2654513424178477,True,True
scene0013_02,480,217,2,3,32,0.08056431107083994,0.0022245225694962688,0.23304954457551852,0.16437180767569215,0.0016462939595205998,1.283979278256875,True,True
scene0013_02,482,218,2,3,31,0.0803874309850186,0.0023855825578978193,0.232445571942286,0.1651420752854902,0.0014748907472493086,1.2679884729334276,True,True
scene0013_02,484,219,2,3,30,0.08038319316263737,0.0025952753589238322,0.2727588061698763,0.16469669922189933,0.0018502147704714123,1.1543568316812691,True,True
scene0013_02,487,220,2,3,29,0.0796785130130776,0.001496770419082593,0.25135470444719066,0.16497056874013616,0.0007073177919014773,1.182582457675492,True,True
scene0013_02,489,221,2,3,28,0.07921545150007636,0.00213805259352602,0.2609368493767638,0.16480183251120661,0.001068150327449464,1.1160178877498328,True,True
scene0013_02,491,222,2,3,27,0.07916867262059146,0.0035819085387441933,0.32338169732311994,0.16541452225909592,0.0005419670381802724,1.1567915313468486,True,True
scene0013_02,493,223,2,3,26,0.07907336759922451,0.0019568168648866013,0.3574105375378493,0.16541906890974256,0.0005834784153826283,1.0836723398725185,True,True
scene0013_02,496,224,2,3,25,0.07741017003015993,0.002208063282153838,0.2758480683490918,0.16310127326682555,0.0017447236775904385,1.1448414479725821,True,True
scene0013_02,498,225,2,4,25,0.0775316532281663,0.002312792825663484,0.2918144405861455,0.1622820978367876,0.0013211167848064815,1.1265464526630462,True,True
scene0013_02,500,226,2,4,26,0.07722047296118412,0.0018231209342563608,0.2794390788747512,0.1599675915923343,0.0024049584854813396,1.1055377523761523,True,True
scene0013_02,502,227,2,4,27,0.07736584432528248,0.0016271807393503281,0.2864118147891537,0.16068330463213,0.0014276825190281174,1.1286409985429748,True,True
scene0013_02,504,228,2,4,28,0.07753044762249861,0.0011121292637501427,0.2705218079067895,0.16049356333579068,0.0004305287525652331,1.164958972313408,True,True
scene0013_02,507,229,2,4,29,0.07760711967397205,0.0016688012226088818,0.3006286911379513,0.16047443341028922,0.0006614693754014304,1.093226865564627,True,True
scene0013_02,509,230,2,4,30,0.07703481063379114,0.001917798939894765,0.33470341419346294,0.15911538669091918,0.001267375605599691,1.0753513957821648,True,True
scene0013_02,511,231,2,4,31,0.07693037671649061,0.0038318818573114624,0.27057796941129114,0.16090540487083382,0.000992932194342764,1.0857790438736237,True,True
scene0013_02,513,232,2,4,32,0.07746617957731816,0.004340128213789074,0.3421166280120054,0.1604886500488355,0.0017365438224467922,1.0153385719885935,True,True
scene0013_02,515,233,2,4,33,0.07697755759176561,0.004086408008965997,0.297707518534939,0.1589849184307126,0.002758851969537932,1.1335128008226552,True,True
scene0013_02,518,234,2,4,34,0.07640515948791998,0.0035032541778771704,0.3234081600552692,0.15949786807686883,0.001351170080529126,1.0859503155061527,True,True
scene0013_02,520,235,2,4,35,0.07569385835113068,0.004168406997430537,0.33907027629719877,0.1572348009168234,0.0025117816331746206,1.076970885998088,True,True
scene0013_02,522,236,2,4,36,0.07534594919857002,0.0030865879511579883,0.3266845148962285,0.1566973084162816,0.0008040391024971132,1.0901695685680646,True,True
scene0013_02,524,237,2,4,37,0.07514519611850301,0.002971658159844093,0.33455019222605425,0.15724694062089428,0.0009990067208407911,1.075327215185924,True,True
scene0013_02,527,238,2,4,38,0.07498385013886,0.004274015298236339,0.3318251910525286,0.15618641029924574,0.002149062394076983,1.0824672375501734,True,True
scene0013_02,529,239,2,4,39,0.07439413940319856,0.004647747905000244,0.43078038131485163,0.15600643181132945,0.0024552877764534254,1.0663193964981186,True,True
scene0013_02,531,240,2,4,40,0.0743129723838084,0.0055294746646151905,0.40568148794714093,0.1549912032715327,0.0032689437756547356,1.046136844443577,True,True
scene0013_02,533,241,2,4,41,0.07322723722728508,0.004155762207788752,0.431217477824535,0.15729322823101755,0.0013727322894774572,0.9397631704871179,True,True
scene0013_02,535,242,2,4,42,0.07377663783734217,0.0030234174357569197,0.4083650013908029,0.1590138681786133,0.0009788395744095495,0.9797738384466427,True,True
scene0013_02,538,243,2,4,43,0.07385715511829599,0.0020123658687459457,0.3856939821888642,0.1593028794572019,0.0038143649773955722,0.9430896300246262,True,True
scene0013_02,540,244,2,4,44,0.07388731123862236,0.00368745415031364,0.3370447358026482,0.15744370803174124,0.0015187116634981024,0.9893926841907412,True,True
scene0013_02,542,245,2,4,45,0.073547541678735,0.0037183076889415025,0.3723981536886715,0.1565432408048275,0.0010473320157171112,1.038494663058235,True,True
scene0013_02,544,246,2,4,46,0.07423190572318433,0.0022973161570341355,0.3421743353550304,0.15814057911334234,0.0031263894700602267,0.9854437537302625,True,True
scene0013_02,546,247,2,4,47,0.07517461429305305,0.0041200582944981865,0.30827877339834475,0.15572199497976347,0.002326996751218928,1.0304545164059709,True,True
scene0013_02,549,248,2,4,48,0.0767524052385668,0.0059228160666084505,0.30650075520034825,0.15438752497744757,0.0013564125944643074,1.089088380732328,True,True
scene0013_02,551,249,2,4,49,0.07769841834429286,0.006983337510215513,0.279172556310194,0.1551645160124806,0.00245118406870388,1.07127582467213,True,True
scene0013_02,553,250,2,4,49,0.24895626757800382,0.005374836254351014,0.542307853211124,0.16571672797939918,0.0013016392589832771,1.119842334641473,True,True
scene0013_02,555,251,2,4,48,0.24682208103325826,0.003955746089339076,0.5679124192459413,0.16178125536585775,0.0023002029574232903,1.0415403829603762,True,True
scene0013_02,558,252,2,4,47,0.245156888399993,0.0038481506119899143,0.5763277835004834,0.15863315814765655,0.0014537474786946436,0.9344274650185944,True,True
scene0013_02,560,253,2,4,46,0.24358671585814212,0.007548136566257869,0.5938933311001271,0.15818144971364823,0.0015292862757474352,1.0771570329307565,True,True
scene0013_02,562,254,2,4,45,0.2440034005464145,0.005407097141695027,0.5851588379421753,0.1564915266688055,0.000957772039932505,1.0151470218525689,True,True
scene0013_02,564,255,2,4,44,0.24507524670222602,0.002391720892722739,0.5419136673476439,0.15615959031463666,0.0012974080984414498,1.0389965753181116,True,True
scene0013_02,566,256,2,4,43,0.24464258599264954,0.004589186296380568,0.5807699863230038,0.15605067038394616,0.0007111882066492103,0.9997329022962066,True,True
scene0013_02,569,257,2,4,42,0.24466256766953876,0.0033698754013921756,0.5132437685867304,0.15524060724866895,0.0010900447629606416,1.0478864752660884,True,True
scene0013_02,571,258,2,4,41,0.2440369642762965,0.003462799129546069,0.5716382907909598,0.15470092451719897,0.0011389599401482352,1.0543995304816296,True,True
scene0013_02,573,259,2,4,40,0.2437680544012743,0.004993541728413552,0.5250805146710307,0.1544639208445684,0.0011098638255354753,1.098079528186521,True,True
scene0013_02,575,260,2,4,39,0.2437113678029933,0.003946712826822985,0.5322236166358265,0.15427299948678042,0.0014581254319801426,1.0629171829020765,True,True
scene0013_02,577,261,2,4,38,0.2443238231332967,0.001530504641718137,0.5397514251435829,0.15404876219489227,0.0018110187128917675,1.0424132888988695,True,True
scene0013_02,580,262,2,4,37,0.24399091616539786,0.0023864282970221017,0.5899596305577207,0.15595542368715398,0.0012904524035989955,1.0703203102798322,True,True
scene0013_02,582,263,2,4,36,0.24351203631272972,0.0023609549764733494,0.6298336478702239,0.1535333750283141,0.00148081902363794,0.9965036104120956,True,True
scene0013_02,584,264,2,4,35,0.24276063455842334,0.003187927109756376,0.6116412164212162,0.15521935010236776,0.0015133655761711546,1.0308558462295379,True,True
scene0013_02,586,265,2,4,34,0.24216453857230458,0.0024020577031767174,0.5654741542484261,0.15488440562018702,0.0006196211868023657,1.1021172881306838,True,True
scene0013_02,589,266,2,4,33,0.24268080947702275,0.002553747998542113,0.5848706904750939,0.15528688392595935,0.0016329973537045888,1.0750850288415474,True,True
scene0013_02,591,267,2,4,32,0.24304240213853823,0.007151120374528223,0.5053230082701512,0.15313442875181071,0.0014019981112727308,1.024090553372548,True,True
scene0013_02,593,268,2,4,31,0.24161565551028902,0.0034442357918082686,0.5771079944684847,0.15241066046488339,0.001191502252870419,1.0299017270655304,True,True
scene0013_02,595,269,2,4,30,0.24077476727659042,0.002589001001176862,0.6205551472453794,0.15066064781126054,0.0023092357775712116,1.0421681848940856,True,True
scene0013_02,597,270,2,4,29,0.2405814458911183,0.004784899353215386,0.6054834272670921,0.14927662902187666,0.0010207770350648163,1.0376811514912327,True,True
scene0013_02,600,271,2,4,28,0.2396794697998888,0.006226950856540708,0.5858380133256652,0.14774466686731935,0.0012090670815272325,0.9537507334411498,True,True
scene0013_02,602,272,2,4,27,0.2390102968158228,0.003444849653583438,0.6544944737599394,0.15089842164264222,0.001974992265630194,0.9085545635633513,True,True
scene0013_02,604,273,2,4,26,0.23795235920648095,0.006121284679719795,0.678008098886399,0.14704147793191746,0.0012146076464988732,0.9851399743695967,True,True
scene0013_02,606,274,2,4,25,0.23726983590324408,0.009769596337804784,0.7720145422483642,0.146168569597105,0.0013569497590221224,0.9413441320620646,True,True
scene0013_02,608,275,2,5,25,0.2367103862028488,0.014394801292500096,0.920074794099384,0.1451376698821153,0.0012786832719483808,1.0598052035022685,True,True
scene0013_02,611,276,2,5,26,0.23500113385368848,0.0050579475760753004,0.7894868496415095,0.14402809258179128,0.0009518872921419484,1.1218258786328783,True,True
scene0013_02,613,277,2,5,27,0.235512213777415,0.0029423794114765605,0.6835382971572654,0.14580881137365365,0.0023323821348467987,1.1125647389915665,True,True
scene0013_02,615,278,2,5,28,0.23419665395241884,0.00700039601887406,0.7137195932592022,0.14376068174967083,0.0013969900161322232,1.0341181623478382,True,True
scene0013_02,617,279,2,5,29,0.23388470455892169,0.0064585621323593415,0.6237928473160644,0.1442693853618725,0.0033506527140121714,1.003951774978097,True,True
scene0013_02,620,280,2,5,30,0.2323944997476008,0.004606433137659938,0.711934156382372,0.14287074206632466,0.0005893134203501884,1.0563789808669184,True,True
scene0013_02,622,281,2,5,31,0.2311635792342952,0.005455729139682472,0.700743431837896,0.14122934450581803,0.002431232232264969,1.06103144960615,True,True
scene0013_02,624,282,2,5,32,0.22989071904249458,0.0024273422237002444,0.692810601549565,0.14243311825922378,0.0010854286579319668,1.1148528664973014,True,True
scene0013_02,626,283,2,5,33,0.23067542267907498,0.003458306327355463,0.6672241035883161,0.1398099098865737,0.0037447595239883807,1.070093903523532,True,True
scene0013_02,628,284,2,5,34,0.23058283079968173,0.0029745149870215246,0.6245963336252182,0.13983269347938299,0.0025580250720867053,1.0953911802474385,True,True
scene0013_02,631,285,2,5,35,0.2274844351480002,0.002294062150785165,0.732192801490751,0.13896665293680333,0.002264356397311466,1.1255413801797403,True,True
scene0013_02,633,286,2,5,36,0.22802475271130912,0.0033061325955979844,0.7287391086717518,0.13912957971937434,0.00048456123432056,1.154478656657695,True,True
scene0013_02,635,287,2,5,37,0.22781283687577747,0.004185145416578733,0.6839850271637979,0.13711735380952217,0.00263098035319839,1.190664361993674,True,True
scene0013_02,637,288,2,5,38,0.2250842308544307,0.0029891022050361586,0.6462564092566752,0.13598627647468464,0.0006500856984888118,1.105044694414963,True,True
scene0013_02,639,289,2,5,39,0.2235613653461721,0.003642846012315441,0.6949095104899786,0.13558138314082835,0.0011337847847198502,1.1404854824334514,True,True
scene0013_02,642,290,2,5,40,0.2239476887274714,0.002493875122143138,0.7410018148312976,0.13489106551962704,0.0029635129949083044,1.1478963837852258,True,True
scene0013_02,644,291,2,5,41,0.22279058094445953,0.003043887550916078,0.7934698565283838,0.13382931143253163,0.001822077186541147,1.1385627139284082,True,True
scene0013_02,646,292,2,5,42,0.22284485487607975,0.0036233130386232517,0.7662908802693799,0.13296429186051972,0.00195278057140318,1.1309247336242643,True,True
scene0013_02,648,293,2,5,43,0.2233516094485793,0.009423066807289139,0.9115108001315213,0.13320077896075255,0.0026195618552288615,1.195621904218571,True,True
scene0013_02,651,294,2,5,44,0.2227204389882811,0.008612723406177528,0.9720207607832543,0.13383671995468294,0.003550262283786755,1.1234872575137438,True,True
scene0013_02,653,295,2,5,45,0.22139858624438552,0.004672930640362659,0.7988688768989325,0.1328320300720065,0.0007343117682046178,1.215242447902182,True,True
scene0013_02,655,296,2,5,46,0.22127234235277643,0.004725527636829792,0.8927348144140563,0.13133532192893616,0.002229514865068595,1.1971123047706684,True,True
scene0013_02,657,297,2,5,47,0.21943812123542916,0.005065953406692705,0.7863185879968565,0.13055114006686908,0.00036645255756515927,1.2844359167487323,True,True
scene0013_02,659,298,2,5,48,0.21937410445284827,0.005140529264795414,0.786817924090629,0.13191921387477235,0.0014980464065063339,1.2062503777353553,True,True
scene0013_02,662,299,2,5,49,0.216867558613407,0.006484577132743089,0.9620141688699511,0.12916294008835205,0.00197480214242281,1.244777023799386,True,True
scene0013_02,664,300,2,5,49,0.5062247961240074,0.002526164638743344,0.8355288348656145,0.2061234465690147,0.0027088981388098234,1.470734274538948,True,True
scene0013_02,666,301,2,5,48,0.5055583634746382,0.006888899848763883,0.9597617476238887,0.19907066435441023,0.0012745739092471188,1.595625918951755,True,True
scene0013_02,668,302,2,5,47,0.5043203402271468,0.009494418286703466,1.016086291962227,0.19664588874398692,0.001589099762786195,1.5589820332598132,True,True
scene0013_02,670,303,2,5,46,0.5023087545825751,0.009319071849636533,1.0131077022946486,0.19551714939618559,0.001073622391896816,1.5827711482156916,True,True
scene0013_02,673,304,2,5,45,0.50192243305309,0.012355884275560596,0.9280903972208472,0.19511293090571147,0.0008186615107068027,1.5238989040512108,True,True
scene0013_02,675,305,2,5,44,0.5002751656281869,0.008287228089168897,0.9363304935939275,0.19616638827051358,0.0012967533162318997,1.5499003397082725,True,True
scene0013_02,677,306,2,5,43,0.4987154890047804,0.008063975612299,0.9968930478300894,0.19505957991631728,0.002993025031786706,1.5035095058224524,True,True
scene0013_02,679,307,2,5,42,0.49669469901883767,0.008552880761930746,0.88909330352178,0.19466169790665466,0.0011762447935629691,1.4591995783594518,True,True
scene0013_02,682,308,2,5,41,0.4938558772713671,0.007772038288833345,0.9166579007410784,0.19202282372952328,0.0011300432336761,1.5550154489598926,True,True
scene0013_02,684,309,2,5,40,0.4925694210162715,0.0061776580356961,1.0036169104769317,0.19174421535300468,0.0025033297204389644,1.6240478119009192,True,True
scene0013_02,686,310,2,5,39,0.4896184995258459,0.00844844458993637,0.975092330485861,0.19058731802699191,0.0015426335905225942,1.3904523407445495,True,True
scene0013_02,688,311,2,5,38,0.49118105859736527,0.00591194703614094,0.8815256131623384,0.18790567585743434,0.001638599717972576,1.4044043993761433,True,True
scene0013_02,690,312,2,5,37,0.49111787779444704,0.0043425722301822295,0.855814324444159,0.18808520102510162,0.001179311781273283,1.4430552619010686,True,True
scene0013_02,693,313,2,5,36,0.4892542351832491,0.007316925039874711,1.020992589621259,0.18696335239787865,0.0027972665464285986,1.518903736430533,True,True
scene0013_02,695,314,2,5,35,0.48792160424377884,0.003260291908588587,0.8994756143644178,0.18706737933571072,0.0015672123855355626,1.4257521569331488,True,True
scene0013_02,697,315,2,5,34,0.48686688726368144,0.005295219484399871,1.0693694990433262,0.18720497745139175,0.0007658948160811029,1.5374602168408307,True,True
scene0013_02,699,316,2,5,33,0.48513223115117543,0.007497384957819657,1.000420296455577,0.18728766633934169,0.0011252872691798821,1.4739163939837858,True,True
scene0013_02,701,317,2,5,32,0.48565058126282235,0.009488916463997072,1.0958271297087525,0.18867462222038434,0.0020517346897637053,1.4677968857870967,True,True
scene0013_02,704,318,2,5,31,0.4825602727616269,0.006030068217542922,0.9039543217167356,0.18611369305696357,0.0008422935776368046,1.4467770979096097,True,True
scene0013_02,706,319,2,5,30,0.48094448155661446,0.004400193386486874,0.9936752869456851,0.18568725942360254,0.0007431781050187145,1.449616594541003,True,True
scene0013_02,708,320,2,5,29,0.48003521647055264,0.008451716053385896,0.8646050014168444,0.18494751596103653,0.001817815097510785,1.2658763119001002,True,True
scene0013_02,710,321,2,5,28,0.4823000479181331,0.006210263862519461,0.8604399018662261,0.18385968389948748,0.001401041307681509,1.302325874222523,True,True
scene0013_02,713,322,2,5,27,0.4802380839326651,0.0061955384471495505,0.9122491910715651,0.18376807650913274,0.0012338391234164349,1.4050839653544824,True,True
scene0013_02,715,323,2,5,26,0.4804358063213688,0.005319875201151969,0.8689417890785273,0.1837897567784872,0.0021644420457879207,1.3511399306004501,True,True
scene0013_02,717,324,2,5,25,0.4811542051621881,0.006620831188796251,0.9594066088269699,0.18313112117481778,0.0023098220573851387,1.4766130821075742,True,True
scene0013_02,719,325,2,6,25,0.4790889602614418,0.00731206258295076,0.9309665661395516,0.18231392783253786,0.0018710892324817511,1.4684142001247382,True,True
scene0013_02,721,326,2,6,26,0.4772740734715614,0.009064588175208109,0.9343949417390491,0.18176545092588658,0.0016874956370034467,1.4687717029434637,True,True
scene0013_02,724,327,2,6,27,0.47781148408821,0.012396220409882234,0.8954882807936816,0.18149311016478875,0.0016899545069863524,1.4083191010583467,True,True
scene0013_02,726,328,2,6,28,0.4779673924801144,0.013005835454852226,0.8599692008755517,0.1812250926499862,0.0008214032408552657,1.4314194644815827,True,True
scene0013_02,728,329,2,6,29,0.4761728207564628,0.011630487771366334,0.917231679539614,0.18116109035603611,0.002671040345751772,1.4065078168273555,True,True
scene0013_02,730,330,2,6,30,0.47581392231996833,0.00774333078794316,1.1729827069426633,0.18162392598806842,0.003963996071586791,1.3068857250032646,True,True
scene0013_02,732,331,2,6,31,0.47469289376000073,0.006799522020864398,1.0241257018373524,0.17795719411526045,0.002960386327038153,1.3036758684655392,True,True
scene0013_02,735,332,2,6,32,0.4736760789799355,0.008455621285654066,1.1739854767345563,0.17643232743432435,0.0017378725047493197,1.4363429877835387,True,True
scene0013_02,737,333,2,6,33,0.47180425894800465,0.008062549289381883,0.9968391747140084,0.17544355741913398,0.0009324003849639916,1.398999759738541,True,True
scene0013_02,739,334,2,6,34,0.47165829527169545,0.005521364333077282,1.020042812060543,0.1750505578760737,0.001432393676769408,1.357712620273062,True,True
scene0013_02,741,335,2,6,35,0.47024609623530667,0.0056977174570853675,1.1560535393090716,0.17398338857197615,0.0007445210929078125,1.388768629817587,True,True
scene0013_02,744,336,2,6,36,0.46884062640879665,0.006740362399285061,1.4519659646708603,0.17309386166538554,0.00150494530693845,1.4146483003042147,True,True
scene0013_02,746,337,2,6,37,0.46690969809721733,0.0044173260905787624,1.0860778254774983,0.170786413057059,0.002207859692943334,1.427994870575313,True,True
scene0013_02,748,338,2,6,38,0.46759777538064984,0.0044288001006306124,1.1804403092711686,0.17088506231371747,0.0008964184113256999,1.487104709492734,True,True
scene0013_02,750,339,2,6,39,0.46735391170393664,0.008221158919249285,1.0719380182484421,0.17024872889928044,0.0014530083193702483,1.4549343736780131,True,True
scene0013_02,752,340,2,6,40,0.46766415729079097,0.00846141803226437,1.1385982922812898,0.17037111047604936,0.0011456890703645743,1.4668068841669464,True,True
scene0013_02,755,341,2,6,41,0.4660301623036982,0.003830850970356383,1.2420294796253706,0.16894005103392407,0.0010338725295460968,1.485568264272564,True,True
scene0013_02,757,342,2,6,42,0.4658641184132838,0.004039656873858817,1.3986254049405344,0.16744651888056872,0.0011537207621594534,1.5821521094681517,True,True
scene0013_02,759,343,2,6,43,0.4653020598706427,0.0032066465577759154,1.3577185228352702,0.16699481122853532,0.0009402697707467374,1.5369902581279566,True,True
scene0013_02,761,344,2,6,44,0.4642482388096215,0.004445654968627815,1.3206256383071455,0.16616671539370542,0.0011466976528355618,1.5447940173439332,True,True
scene0013_02,763,345,2,6,45,0.46487750373912723,0.005890648564494922,1.1758199958113473,0.16584304606393396,0.00258187481632783,1.5337920706429924,True,True
scene0013_02,766,346,2,6,46,0.46548044010425943,0.0028354649532350827,1.2409480128372925,0.16573061882035667,0.00127396206532669,1.5418388803021326,True,True
scene0013_02,768,347,2,6,47,0.46621858851163234,0.004945405749631123,1.3156802134586933,0.16432279812377493,0.0005051441497292735,1.6624376790831832,True,True
scene0013_02,770,348,2,6,48,0.46578986227870367,0.005087077446631347,1.5710837478171458,0.16306229417486984,0.0026014954093783625,1.761581812804495,True,True
scene0013_02,772,349,2,6,49,0.4677106721751734,0.006671177821418065,1.41108767885898,0.1632262246940095,0.001984945244959164,1.6126526911429295,True,True
scene0013_02,775,350,2,6,49,0.7231823879270194,0.005350291386803168,1.6021537458961668,0.17091901938460574,0.0016164705026475358,3.021634240492369,True,True
scene0013_02,777,351,2,6,48,0.7220201039570247,0.004053236708964315,1.5904067167459828,0.16766910985175476,0.0020610092033124796,3.079408728206789,True,True
scene0013_02,779,352,2,6,47,0.7204687888658546,0.007482614746830462,1.5612071878055382,0.16701365785847466,0.0029724030439389313,3.088743985877684,True,True
scene0013_02,781,353,2,6,46,0.7170340180058704,0.004591561875102294,1.5230626012263697,0.1639462920710475,0.001988740294850753,2.9782197103079913,True,True
scene0013_02,783,354,2,6,45,0.7175727599277766,0.002937213071072164,1.4659122296449822,0.1613906341356257,0.0007598085792471101,2.9710919580967836,True,True
scene0013_02,786,355,2,6,44,0.7155788239171303,0.009781598536834257,1.5830732207698004,0.1592276368302714,0.001547285874682929,2.955776793648328,True,True
scene0013_02,788,356,2,6,43,0.7156299933942794,0.005425510921077705,1.5200367918500155,0.15806438089197883,0.002295238537984244,2.913122655820922,True,True
scene0013_02,790,357,2,6,42,0.7154308543786343,0.005887613942908022,1.440423777031948,0.1570847220675443,0.0032428431726923925,2.8499900025629734,True,True
scene0013_02,792,358,2,6,41,0.7159519873590489,0.004500989036431746,1.4278285484276627,0.15625808956735876,0.0036180166869951794,2.7922027006437213,True,True
scene0013_02,794,359,2,6,40,0.7142991997010414,0.005496196170988188,1.489666149987209,0.1576187905764036,0.0018833275888039752,2.8496929132692235,True,True
scene0013_02,797,360,2,6,39,0.7182141762982315,0.0070637263745463846,1.5068239287590386,0.15750964537562973,0.002432944719293303,2.8296661877772222,True,True
scene0013_02,799,361,2,6,38,0.7184289037232154,0.010382525672806286,1.5042766840726738,0.15584768381437142,0.0022905772690249493,2.758341679595676,True,True
scene0013_02,801,362,2,6,37,0.7147769139936038,0.005223381381190156,1.4874072533659166,0.1537814227971852,0.0029656088366819904,2.72736536199772,True,True
scene0013_02,803,363,2,6,36,0.7116180216225224,0.004762562838388211,1.6491657589535518,0.15624937588365717,0.0010362166805123886,2.821131807322812,True,True
scene0013_02,806,364,2,6,35,0.7106280363707927,0.006514553614287073,1.6463417447415818,0.1548589924190631,0.001500964435123024,2.828872119987369,True,True
scene0013_02,808,365,2,6,34,0.710694514157265,0.007051230710054447,1.7482293669424136,0.15347126525210475,0.0019122771196917708,2.8713640926623465,True,True
scene0013_02,810,366,2,6,33,0.7070192639911386,0.0139208749843553,1.911413286245323,0.15203445903171486,0.0022277738510167347,2.877019418276743,True,True
scene0013_02,812,367,2,6,32,0.7081462965450612,0.014232166671766196,1.9967434239918356,0.1514029577714261,0.003073126468493738,2.802462503645033,True,True
scene0013_02,814,368,2,6,31,0.7052503717996983,0.019374971061471548,2.0206248758278957,0.14655845096908804,0.002050728846357538,2.863356657979059,True,True
scene0013_02,817,369,2,6,30,0.7089929889547918,0.007516843847923841,1.6706717136294018,0.14036265925670532,0.0016986474256151653,2.8023046480392173,True,True
scene0013_02,819,370,2,6,29,0.7140534736018005,0.007287627766591696,1.568807306710753,0.14040876425165028,0.002561769020397609,2.7720686023239303,True,True
scene0013_02,821,371,2,6,28,0.7137310108887367,0.009817519213185414,1.6117583333086745,0.13947715676913064,0.002933541711467385,2.768821457541856,True,True
scene0013_02,823,372,2,6,27,0.7115560808999007,0.009419140609694506,1.7496798765434591,0.13726028897215758,0.0034990186269457106,2.829200575213006,True,True
scene0013_02,825,373,2,6,26,0.7081520157441539,0.012928879654727648,1.7479574207401907,0.1351557484520951,0.0036311100303399037,2.8333337679109794,True,True
scene0013_02,828,374,2,6,25,0.709419570980532,0.01880235166014909,2.083173301149926,0.13369379467685283,0.002812962039973216,2.783023300020495,True,True
scene0013_02,830,375,2,7,25,0.7154777449092506,0.007447184192819874,1.8034183275765954,0.13070401876013293,0.0017679851379868812,2.849275634842588,True,True
scene0013_02,832,376,2,7,26,0.7173984128323934,0.0038181143710835476,1.9988817745022769,0.1286801096717699,0.0010300559393312107,2.787262868158223,True,True
scene0013_02,834,377,2,7,27,0.7224468309439727,0.007896763212770127,2.1358133770059995,0.1279732997524704,0.0012070795313274916,2.8549412043263507,True,True
scene0013_02,837,378,2,7,28,0.7218640482825776,0.009337782802708559,1.9319484379926966,0.12496276522234606,0.0008122356458592876,2.880001974181658,True,True
scene0013_02,839,379,2,7,29,0.7227727475870045,0.008301966896778288,1.8046494527037527,0.12383970865745775,0.0006119274933158595,2.861875768297941,True,True
scene0013_02,841,380,2,7,30,0.7273985219940269,0.005905850971345324,1.614326449256648,0.12346270890726252,0.000333505854815734,2.8381818514611497,True,True
scene0013_02,843,381,2,7,31,0.7285134133738375,0.011086660392219751,2.0220632018180567,0.12179325947024633,0.0017207952114465636,2.948127054707976,True,True
scene0013_02,845,382,2,7,32,0.7351680458191359,0.02083446495210895,2.2997523963019773,0.12397750775567562,0.004602885358229115,3.0251274371031442,True,True
scene0013_02,848,383,2,7,33,0.743823643420459,0.010345601263388945,1.945276352888511,0.12126708937541042,0.003948604421193036,2.9431711662618283,True,True
scene0013_02,850,384,2,7,34,0.7452377093239498,0.009089461802211894,1.5873482286718323,0.12025211590705287,0.003218169704985497,2.8667026203047485,True,True
scene0013_02,852,385,2,7,35,0.7510018276295747,0.007026331505116534,1.546780740922126,0.1189833258638785,0.0031971855864216126,2.893572702472374,True,True
scene0013_02,854,386,2,7,36,0.7490994486351323,0.012044374238603758,1.337064979384191,0.12328627865423081,0.002574892904399314,2.918387025253275,True,True
scene0013_02,856,387,2,7,37,0.7513036806402551,0.0052128054534999295,1.2770752780091645,0.1254132863128241,0.003265541836061878,2.880796696550292,True,True
scene0013_02,859,388,2,7,38,0.7504147592941006,0.0024367337530297453,1.3931462573679478,0.12882481858425954,0.002578253159721053,2.763129540984156,True,True
scene0013_02,861,389,2,7,39,0.7484238678293558,0.005565525658081846,1.3009952542676844,0.1331450957388277,0.0021183316566988895,2.845035799398499,True,True
scene0013_02,863,390,2,7,40,0.745633767478074,0.0055415278346818315,1.3078205998176973,0.13746768113427443,0.0022066490652242646,2.738195133562182,True,True
scene0013_02,865,391,2,7,41,0.739818997563114,0.005422638976788243,1.328780496256599,0.14120101761747927,0.0017090383756027065,2.6166023976211643,True,True
scene0013_02,868,392,2,7,42,0.7429979972102944,0.004139763886613927,1.1714086502718377,0.14187545773848798,0.0029089538376656492,2.751129085312971,True,True
scene0013_02,870,393,2,7,43,0.7423988431211995,0.009314704805293363,1.3210398951402795,0.1426401754737241,0.001774567618196369,2.722539937269581,True,True
scene0013_02,872,394,2,7,44,0.7425049389397977,0.007926810968843376,1.3234126387008562,0.14420117434655033,0.0020865830505494803,2.7347936969906512,True,True
scene0013_02,874,395,2,7,45,0.7425225080933227,0.011044251800822642,1.2867658787740786,0.14971252329360418,0.0015967190681219373,2.8248271226269166,True,True
scene0013_02,876,396,2,7,46,0.736271789467767,0.014305153153195097,1.3375480778213102,0.15273038974123243,0.002732159898631704,2.967128439343509,True,True
scene0013_02,879,397,2,7,47,0.7421232468171779,0.014640933261684405,1.3390171889917386,0.1535489578700313,0.0020487003194188625,2.9439323266460296,True,True
scene0013_02,881,398,2,7,48,0.7439564340198672,0.013598336071235288,1.4947229409276996,0.1555371264556451,0.002674942040699145,2.850953254352913,True,True
scene0013_02,883,399,2,7,49,0.7400642743595647,0.009585173216474866,1.3296520654969493,0.16098610281136627,0.001917571014270416,2.9248301269835686,True,True
scene0013_02,885,400,2,7,49,0.8211833121311645,0.019833791298601362,1.8419499220086633,0.04415889293973141,0.00965420802388362,1.3135059738123007,True,True
scene0013_02,887,401,2,7,48,0.817866178398033,0.015501901119533387,1.743743165500986,0.03459356767945665,0.0042319214011410575,1.4849868720892716,True,True
scene0013_02,890,402,2,7,47,0.8202267461101812,0.014415164248622958,1.7864220172704237,0.0340355161199416,0.0033230431537017726,1.5056885043135284,True,True
scene0013_02,892,403,2,7,46,0.8221069880623011,0.014575187055448139,1.8642389164905,0.033965449694255856,0.004988327202135005,1.4388417006800311,True,True
scene0013_02,894,404,2,7,45,0.81822071740509,0.014044657182264652,1.9309646945875734,0.03448217154803701,0.002254705331232215,1.3983704713765772,True,True
scene0013_02,896,405,2,7,44,0.8063659631134176,0.013983966157070262,1.870174977462423,0.03434627557203851,0.0017797702099990845,1.3460820708338783,True,True
scene0013_02,899,406,2,7,43,0.8082423868602538,0.01710344518862376,2.041672408407261,0.033673155665642995,0.002476258451856411,1.377630866920149,True,True
scene0013_02,901,407,2,7,42,0.7973312093023567,0.012361752714607988,1.7565518376203513,0.032935581429046845,0.001569104267346096,1.364889182040005,True,True
scene0013_02,903,408,2,7,41,0.7973262280354037,0.011143597092519497,1.8955005547146664,0.03367792145699244,0.002219227531418684,1.2914215403907703,True,True
scene0013_02,905,409,2,7,40,0.7943212723709742,0.010776352346343814,1.9413124411126583,0.03220057736533555,0.0022494202947407923,1.3031973259086085,True,True
scene0013_02,907,410,2,7,39,0.7939789565489889,0.011746464860115612,1.8751502016551673,0.03174401677441363,0.002282277572571205,1.334421094377487,True,True
scene0013_02,910,411,2,7,38,0.7905167877415957,0.01174667850460757,1.9499032342398233,0.03198336101730992,0.0018999159575442352,1.256304834009817,True,True
scene0013_02,912,412,2,7,37,0.7907042939856782,0.01184492223526277,1.9905107416940127,0.03200646952403008,0.002458499402468937,1.2883871293393658,True,True
scene0013_02,914,413,2,7,36,0.7876369727992476,0.014427849670783779,1.9465943960668608,0.03194526464618486,0.0036927961688658535,1.2688764035024438,True,True
scene0013_02,916,414,2,7,35,0.7884066383207651,0.00890130060549426,1.9381879867511747,0.03210352520579307,0.004127811519719555,1.2007579341109458,True,True
scene0013_02,918,415,2,7,34,0.7882298825917362,0.009886002478268931,2.0848660996268675,0.0321227756083885,0.002471464315995538,1.1304663810389401,True,True
scene0013_02,921,416,2,7,33,0.7929897683552319,0.008566934895936882,1.8199009982098726,0.03302454590595105,0.0028715188082532803,1.1632907567709119,True,True
scene0013_02,923,417,2,7,32,0.7918274960106646,0.007613069224613069,1.8721190425141625,0.032787777656326345,0.0034200185369712725,1.1306299407465308,True,True
scene0013_02,925,418,2,7,31,0.7904228463033771,0.006550224093574632,1.9178137295126139,0.03294010428379757,0.0033482564356157748,1.1117300922640851,True,True
scene0013_02,927,419,2,7,30,0.7964896045597099,0.009813909215733482,1.864117453052625,0.033357295656280095,0.004553596006494052,1.2101170064864903,True,True
scene0013_02,930,420,2,7,29,0.7940365487466317,0.005833910823034253,2.000055239168816,0.03365168092669624,0.007954066685809351,1.0832027478643385,True,True
scene0013_02,932,421,2,7,28,0.797018262170982,0.01295285467078312,1.9452948559266718,0.03384896612196031,0.00645330855910749,1.0969176963488056,True,True
scene0013_02,934,422,2,7,27,0.7977638610150504,0.07284913847535647,2.442641968533459,0.033976768319475825,0.0070539910578792985,1.1474607227115283,True,True
scene0013_02,936,423,2,7,26,0.8106778776676381,0.009268045253964737,2.038045632607756,0.033779098699641796,0.0070553254815100995,1.127944882202418,True,True
scene0013_02,938,424,2,7,25,0.809743306214463,0.005151866758574971,2.1431450460160475,0.03373093185659726,0.0022525572750396023,1.098839421848325,True,True
scene0013_02,941,425,2,8,25,0.8041790795693764,0.00728949840540531,2.0598561520710943,0.034457910889105325,0.0015455890791446288,1.069677195530479,True,True
scene0013_02,943,426,2,8,26,0.8068086982397685,0.0067837950738455065,2.218619574712797,0.03383962669364793,0.002162045791328428,1.0337204439669483,True,True
scene0013_02,945,427,2,8,27,0.803956171393946,0.006516932129713504,2.23647340144312,0.03357297117000657,0.0010931972311447702,1.0761723546130748,True,True
scene0013_02,947,428,2,8,28,0.8014785424765489,0.007640663196145461,2.186356290841212,0.03380654273908201,0.0020469194169665124,1.0343641760715094,True,True
scene0013_02,949,429,2,8,29,0.804941036956743,0.009510305993375316,2.2687765532655844,0.034704687583615335,0.0004031333345780664,1.0267635336566738,True,True
scene0013_02,952,430,2,8,30,0.8163221425626311,0.00867399585659516,2.3125956653194417,0.03532245830142178,0.004978495157367437,1.0284098869118812,True,True
scene0013_02,954,431,2,8,31,0.8154158684875455,0.011733297613425281,2.119140323459704,0.0367580555196223,0.0064544633068414695,1.0960664131752338,True,True
scene0013_02,956,432,2,8,32,0.8157699273719391,0.010806726821747062,2.355040252143527,0.03717544599388578,0.0039937301270776835,1.0307718981948508,True,True
scene0013_02,958,433,2,8,33,0.8171319925540832,0.006984004838974295,2.32420906607378,0.0379366955995698,0.004936123896246551,1.0250371613568465,True,True
scene0013_02,961,434,2,8,34,0.8101086313133122,0.009574274151873586,2.3518684093867535,0.03605455056358686,0.0015538542388610602,0.9402016078441701,True,True
scene0013_02,963,435,2,8,35,0.8086551373603392,0.00712998349159316,2.3719974239338293,0.035846928419526636,0.0017016994482930653,0.9291551807864845,True,True
scene0013_02,965,436,2,8,36,0.8131433497839868,0.010119515346332146,2.3646624817770467,0.036508160072238116,0.0038327453654725388,1.0177646372786846,True,True
scene0013_02,967,437,2,8,37,0.8113679182423268,0.009045877111764456,2.361768629649305,0.036447852088124066,0.004702563577847361,0.9174538330798674,True,True
scene0013_02,969,438,2,8,38,0.8118700020436251,0.00784589622699041,2.4934975228466034,0.0372366234003374,0.00561649278448029,0.9907157014492859,True,True
scene0013_02,972,439,2,8,39,0.8077803896720213,0.010210596352408657,2.8596818868090557,0.036470694273726956,0.005156695462390358,1.1107651854301144,True,True
scene0013_02,974,440,2,8,40,0.8044606237689296,0.007065997842190962,2.533261856953083,0.036123720966709016,0.007891651261412289,1.1476432641883585,True,True
scene0013_02,976,441,2,8,41,0.8115687681764929,0.006833088268438084,2.3332027160198594,0.03616394825127378,0.004955736989125811,1.13036372162018,True,True
scene0013_02,978,442,2,8,42,0.8132445116913649,0.007260965575660246,2.393051480232269,0.038198931426829064,0.003442365489556508,1.1245036882945136,True,True
scene0013_02,980,443,2,8,43,0.8204616750487949,0.008091096593586125,2.3991197733169614,0.03708521078032856,0.002611411862105497,1.0818690960209667,True,True
scene0013_02,983,444,2,8,44,0.8269664030589108,0.010912927235071916,2.5131718562491665,0.03719202727130533,0.007875216367442229,1.0917782087394547,True,True
scene0013_02,985,445,2,8,45,0.8236786944147155,0.013083170616002584,2.400782184320936,0.038637891951464276,0.006442660025401407,1.230180191761681,True,True
scene0013_02,987,446,2,8,46,0.8232815243673979,0.013429134706584153,2.5929897469286853,0.03873596168099436,0.003610933532362526,0.9421252537513028,True,True
scene0013_02,989,447,2,8,47,0.8235037402021678,0.011656571873852795,2.5413523412177277,0.038359119944348374,0.00269960487400587,1.0571899443670532,True,True
scene0013_02,992,448,2,8,48,0.8177995742237354,0.01867364975840022,2.4017059103301857,0.04112761430531253,0.006809683464812277,0.8675957185337342,True,True
scene0013_02,994,449,2,8,49,0.8200750770069666,0.020053089373627972,2.457025270180866,0.043523844142732915,0.007659262397973586,0.8159832639321456,True,True
scene0013_02,996,450,1,8,49,0.8104369424983955,0.013385220744907618,2.0037705499670837,,,,,
scene0013_02,998,451,1,8,48,0.8125153862418509,0.016255282689953823,2.052329649355688,,,,,
scene0013_02,1050,452,1,8,47,0.8874519834879734,0.05020353804534409,3.258802118740279,,,,,
scene0013_02,1053,453,1,8,46,0.8859651456797729,0.05408047671545873,2.997595562291545,,,,,
scene0013_02,1055,454,1,8,45,0.8901447686373107,0.04363237651832231,3.100047119010654,,,,,
scene0013_02,1057,455,1,8,44,0.8874796551514459,0.034719676328542066,2.4278201838413294,,,,,
scene0013_02,1059,456,1,8,43,0.8904170914290517,0.029107401141937186,2.8998594165004343,,,,,
scene0013_02,1061,457,1,8,42,0.8945641349115289,0.028688528420890605,2.6982115891210623,,,,,
scene0013_02,1064,458,1,8,41,0.8964875366992754,0.02039929845575991,2.9004615086539514,,,,,
scene0013_02,1066,459,1,8,40,0.8977555941603843,0.024172308859518304,2.722452977838884,,,,,
scene0013_02,1068,460,1,8,39,0.8994443407766569,0.014688898015206309,2.510254106823071,,,,,
scene0013_02,1070,461,1,8,38,0.8958092657558391,0.009411517301064437,2.1933674333657014,,,,,
scene0013_02,1073,462,1,8,37,0.8946279997082214,0.004925246349872173,1.9697392207019477,,,,,
scene0013_02,1075,463,1,8,36,0.9032150701140115,0.008939090437061965,2.579855202867693,,,,,
scene0013_02,1077,464,1,8,35,0.900200299652816,0.0025573214623351073,2.4325671789980685,,,,,
scene0013_02,1079,465,1,8,34,0.9046733908407252,0.008299642525706905,2.115415506295182,,,,,
scene0013_02,1081,466,1,8,33,0.9116174361333229,0.008983099225893932,2.434766765034221,,,,,
scene0013_02,1084,467,1,8,32,0.9141920793758204,0.006693340625455699,2.2263330497392446,,,,,
scene0013_02,1086,468,1,8,31,0.9157355287056966,0.011363505151377871,2.307967983926289,,,,,
scene0013_02,1088,469,1,8,30,0.9192847669821589,0.01645836760789508,2.5982457868903563,,,,,
scene0013_02,1090,470,1,8,29,0.9142584194746931,0.012646345561958611,2.544522686845782,,,,,
scene0013_02,1092,471,1,8,28,0.9101626204093411,0.014492595457258478,2.3146222423227965,,,,,
scene0013_02,1095,472,1,8,27,0.9210195623080948,0.004290335187847924,2.2563746228523502,,,,,
scene0013_02,1097,473,1,8,26,0.9246458775171966,0.00874694190965733,2.509045787046437,,,,,
scene0013_02,1099,474,1,8,25,0.9256832202899546,0.00812170120336745,2.7760902703786865,,,,,
scene0013_02,1101,475,1,8,24,0.9239799025399404,0.009328058599749951,2.7035828026734525,,,,,
scene0013_02,1104,476,1,8,23,0.9238029712033323,0.013819729672579063,3.045096345559589,,,,,
scene0013_02,1106,477,1,8,22,0.9252485650623004,0.014078514688482233,2.4114903616933034,,,,,
scene0013_02,1108,478,1,8,21,0.9249000244636992,0.015507369218659483,2.647627075544303,,,,,
scene0013_02,1110,479,1,8,20,0.9227723254283144,0.013923297178187242,2.6568735944025943,,,,,
scene0013_02,1112,480,1,8,19,0.9157923951258902,0.021186164209372367,2.84407749637267,,,,,
scene0013_02,1115,481,1,8,18,0.9077886403849466,0.019356827178541983,2.8252682401097,,,,,
scene0013_02,1117,482,1,8,17,0.9059867564806723,0.015678304288332893,2.8954345561876536,,,,,
scene0013_02,1119,483,1,8,16,0.9053599849074042,0.014538688046654707,2.918684344844805,,,,,
scene0013_02,1121,484,1,8,15,0.8892721578619441,0.013275299795265795,2.761678243869794,,,,,
scene0013_02,1123,485,1,8,14,0.8345897387557204,0.008938693490928077,1.5724620844436659,,,,,
scene0013_02,1126,486,1,8,13,0.8112403307311192,0.007285007105592116,2.094018109776716,,,,,
scene0013_02,1128,487,1,8,12,0.8115360618461707,0.012845066158158315,2.4753647103699703,,,,,
scene0013_02,1130,488,1,8,11,0.8057165639144925,0.016577947620638352,2.36054038040864,,,,,
scene0013_02,1132,489,1,8,10,0.8083365518428056,0.02153682879625063,2.631716607170369,,,,,
scene0013_02,1135,490,1,8,9,0.8078501943047736,0.01925505457820605,2.5860364831403864,,,,,
scene0013_02,1137,491,1,8,8,0.8037231929406841,0.0257582104747563,2.567471528507673,,,,,
scene0013_02,1139,492,1,8,7,0.8017340458674813,0.023186944040461493,2.5976996332043747,,,,,
scene0013_02,1141,493,1,8,6,0.7940166208105959,0.022869469993200917,2.415832451106183,,,,,
scene0013_02,1143,494,1,8,5,0.7849478814958059,0.01860352930455668,2.073895413832152,,,,,
scene0013_02,1146,495,1,8,4,0.7810146705072263,0.017348299935660234,2.1229520312976606,,,,,
scene0013_02,1148,496,1,8,3,0.7779737472542305,0.0161939530258619,2.400475488536237,,,,,
scene0013_02,1150,497,1,8,2,0.7698810147041241,0.017298484769899244,2.238320233059211,,,,,
scene0013_02,1152,498,1,8,1,0.7681996882629283,0.015045881057407468,2.195951008955525,,,,,
scene0013_02,1155,499,1,8,0,0.7586415579616945,0.00820726050789041,2.2543129377579034,,,,,
scene0029_01,0,0,1,0,0,0.02097441528499855,0.009450335877257049,4.4759758427364575,,,,,
scene0029_01,4,1,1,0,1,0.023046793185236836,0.008104284219072935,4.511624403662672,,,,,
scene0029_01,8,2,1,0,2,0.022656091195687678,0.006848210569774328,4.437335982583353,,,,,
scene0029_01,13,3,1,0,3,0.02040436691495673,0.005043096904945209,4.438486641265232,,,,,
scene0029_01,17,4,1,0,4,0.030852679802594096,0.009676076876781462,4.261135725834211,,,,,
scene0029_01,22,5,1,0,5,0.021198556160375914,0.006427485205422567,4.410825437178512,,,,,
scene0029_01,26,6,1,0,6,0.019912755357130774,0.010618498854550929,4.40075430728469,,,,,
scene0029_01,31,7,1,0,7,0.020239385832584222,0.01012948308595773,4.464354505452206,,,,,
scene0029_01,35,8,1,0,8,0.020273073517600215,0.00992149673110797,4.339500969278979,,,,,
scene0029_01,39,9,1,0,9,0.019529305273965347,0.012686667331367345,4.3985324185946375,,,,,
scene0029_01,44,10,1,0,10,0.020168373235945447,0.011860500502168216,4.279947339125078,,,,,
scene0029_01,48,11,1,0,11,0.020716766617594473,0.010685481002291507,4.313333020382063,,,,,
scene0029_01,53,12,1,0,12,0.020811033084029207,0.010610706702749483,4.404703657900353,,,,,
scene0029_01,57,13,1,0,13,0.02031458496812799,0.012633700612981752,4.416082869466085,,,,,
scene0029_01,62,14,1,0,14,0.019995437541936,0.012629308299511366,4.398618453758814,,,,,
scene0029_01,66,15,1,0,15,0.02025150057621572,0.012736354912235298,4.390189878329408,,,,,
scene0029_01,70,16,1,0,16,0.021996525289830315,0.010287218699446748,4.486628720692028,,,,,
scene0029_01,75,17,1,0,17,0.019888528743465805,0.008574029027662437,4.519265924156678,,,,,
scene0029_01,79,18,1,0,18,0.019055569884645074,0.006102555631814364,4.471537356226875,,,,,
scene0029_01,84,19,1,0,19,0.01931227343549624,0.01016345970132577,4.4636362096896915,,,,,
scene0029_01,88,20,1,0,20,0.020975764595930202,0.007489914049569133,4.382124641081915,,,,,
scene0029_01,93,21,1,0,21,0.019739711847415298,0.009331720313248906,4.347472109593688,,,,,
scene0029_01,97,22,1,0,22,0.019052026467155314,0.009137733271523727,4.336942689812994,,,,,
scene0029_01,101,23,1,0,23,0.018916938120402182,0.011909890806131444,4.364028185256626,,,,,
scene0029_01,106,24,1,0,24,0.019784778228641442,0.012503430396499256,4.499310560495157,,,,,
scene0029_01,110,25,1,0,25,0.020428930878680918,0.012028060518524524,4.609529480242398,,,,,
scene0029_01,115,26,1,0,26,0.0221097391246059,0.021776364774148863,4.492881327748797,,,,,
scene0029_01,119,27,1,0,27,0.023327986113953036,0.026699382735464718,4.415331679291669,,,,,
scene0029_01,124,28,1,0,28,0.022168880526051482,0.02397728851634481,4.350050394498466,,,,,
scene0029_01,128,29,1,0,29,0.02199849960866962,0.021107582534777788,4.3274684232920615,,,,,
scene0029_01,132,30,1,0,30,0.022013156383193455,0.018100477292834646,4.267973771020124,,,,,
scene0029_01,137,31,1,0,31,0.021952170545579186,0.01621984254907451,4.171751746689881,,,,,
scene0029_01,141,32,1,0,32,0.021011294353193266,0.012466772871270685,4.188755351541824,,,,,
scene0029_01,146,33,1,0,33,0.02050987976053098,0.009784619663448322,4.1243278396709675,,,,,
scene0029_01,150,34,1,0,34,0.02028859084168988,0.007010524767019732,4.065126533890939,,,,,
scene0029_01,155,35,1,0,35,0.019585504116035324,0.004781862245977779,4.072919166786576,,,,,
scene0029_01,159,36,1,0,36,0.019250449059008745,0.003375287572696486,4.192029513714194,,,,,
scene0029_01,163,37,1,0,37,0.019208903414168255,0.004034928865060396,4.308768511132667,,,,,
scene0029_01,168,38,1,0,38,0.019692610195384597,0.004309334925523106,4.3494763409626644,,,,,
scene0029_01,172,39,1,0,39,0.02019680648600497,0.009341567190810071,4.32902079714429,,,,,
scene0029_01,177,40,1,0,40,0.01989097668067763,0.00963394509549992,4.179832255106175,,,,,
scene0029_01,181,41,1,0,41,0.01970555811582675,0.008815445785082286,4.141058074588919,,,,,
scene0029_01,186,42,1,0,42,0.01955385080074623,0.008994597740835953,4.068659947971499,,,,,
scene0029_01,190,43,1,0,43,0.02001828873236644,0.011102230529284635,4.043195568657128,,,,,
scene0029_01,194,44,1,0,44,0.019842518858593228,0.011095366739379895,4.080147030380189,,,,,
scene0029_01,199,45,1,0,45,0.02026207902852528,0.012081964903687764,4.085336944006548,,,,,
scene0029_01,203,46,1,0,46,0.022994639654984272,0.015101303722351626,4.0832231761128215,,,,,
scene0029_01,208,47,1,0,47,0.020469319470225678,0.010543632176950953,4.205785810126477,,,,,
scene0029_01,212,48,1,0,48,0.021430343071543012,0.008289654963808664,4.1867343912789305,,,,,
scene0029_01,217,49,1,0,49,0.0218858742665915,0.009390898400581237,4.194897800973715,,,,,
scene0029_01,221,50,2,0,49,0.10213394025059358,0.03334850547951966,6.635528238540049,0.18077240909015146,0.019301946537632206,5.733875058889506,True,True
scene0029_01,225,51,2,0,48,0.10297716179502825,0.035830619767581,6.6870137396856295,0.17821997940090784,0.02460353179658282,5.772566766986673,True,False
scene0029_01,230,52,2,0,47,0.0993705171862585,0.034440862082189064,6.645825520445083,0.17276568792294555,0.018212469184564515,5.724679331536309,True,True
scene0029_01,234,53,2,0,46,0.10233443751535637,0.037189835306474434,6.654880759473795,0.1720492345450707,0.01498444184291939,5.857288888659353,True,True
scene0029_01,239,54,2,0,45,0.09929045300941064,0.03671713712697409,6.7748299935611165,0.1707319547210906,0.01781218265821597,5.794527434048214,True,True
scene0029_01,243,55,2,0,44,0.09904291464120935,0.034828978795101384,6.700145349852754,0.1722395345966834,0.009091422683119816,5.57775186366106,True,True
scene0029_01,248,56,2,0,43,0.09819447014878896,0.03217771429388372,6.5655233454997255,0.17180846442815312,0.006220819920412632,5.4419694693222365,True,True
scene0029_01,252,57,2,0,42,0.09599166964448275,0.032142014492471574,6.535931151183981,0.16088074425163756,0.009125915806717093,5.362851575131769,True,True
scene0029_01,256,58,2,0,41,0.09154793899083313,0.022089740443354967,6.674842987539435,0.15744452593658764,0.01270629460228023,5.282976175599834,True,True
scene0029_01,261,59,2,0,40,0.09021018187132679,0.02083587243584703,6.721763429229044,0.15158931465785463,0.012111583071446674,5.743132005265143,True,True
scene0029_01,265,60,2,0,39,0.08784399532059306,0.017842408380057302,6.889346969613465,0.15145212855053813,0.021967448770589523,5.758010657414384,True,False
scene0029_01,270,61,2,0,38,0.08851545252804771,0.01750815449753062,6.782845274384771,0.14751208174873698,0.015429437652192369,5.585440653066946,True,True
scene0029_01,274,62,2,0,37,0.08956783262039059,0.016573469722107735,6.847579488494009,0.15297668875329418,0.021756900652202992,5.607411388564937,True,False
scene0029_01,279,63,2,0,36,0.08636878330712644,0.018453649152784676,6.700167549045837,0.14971948112662958,0.019929133126438844,5.741507049354008,True,False
scene0029_01,283,64,2,0,35,0.08556341616076912,0.01852110540566267,6.7807871148173735,0.1452368988129007,0.014503763611635814,5.5116961967984475,True,True
scene0029_01,288,65,2,0,34,0.08093721467440229,0.014572505559791723,6.8204054508861915,0.13604676291155515,0.015575327146774912,5.308969322637395,True,True
scene0029_01,292,66,2,0,33,0.08226242885804913,0.013434710646653737,6.832187898627163,0.132453616550271,0.01646984245090684,5.251736168834908,True,True
scene0029_01,296,67,2,0,32,0.0821427901422555,0.015514519038027417,6.848668073184439,0.12705102547883262,0.013201909600036617,5.052800321704987,True,True
scene0029_01,301,68,2,0,31,0.07802668996159046,0.010774591383821128,6.834395265716687,0.12699157460314425,0.013851545685892957,5.087214832941258,True,True
scene0029_01,305,69,2,0,30,0.07949103254035489,0.011809417783315452,6.705269471745849,0.1256592864656516,0.019006772556713458,4.941334473076657,True,True
scene0029_01,310,70,2,0,29,0.07949579315052335,0.019426771936605552,6.8342227715258925,0.12403003883691643,0.021071156603453357,4.849499433068074,True,False
scene0029_01,314,71,2,0,28,0.07819626379232969,0.012933917900108506,6.780367552826571,0.12318813628497671,0.018334194070255404,4.891493037351092,True,True
scene0029_01,319,72,2,0,27,0.07796175877251266,0.011398634980380861,6.748984066282698,0.12326333620895635,0.023058921420825208,4.977332800565825,True,False
scene0029_01,323,73,2,0,26,0.077596892727128,0.009642322737035152,6.589315602818997,0.12436059236050478,0.022752840498751682,4.932427321111692,True,False
scene0029_01,327,74,2,0,25,0.07774668982275706,0.010897959450152397,6.843492174704187,0.1238056748894738,0.011934892605266997,5.084961812079127,True,True
scene0029_01,332,75,2,1,25,0.07594865524640149,0.009932443657181633,6.870154524973165,0.12305421987964726,0.021585344309666986,4.967638658318164,True,False
scene0029_01,336,76,2,1,26,0.07778512593660791,0.01075613229274479,7.013989520474555,0.12337689821155828,0.01822846324722297,4.9099068858775725,True,True
scene0029_01,341,77,2,1,27,0.07741383148701625,0.007515300484364794,6.736988418961083,0.12281631705533758,0.012154406425558085,4.634250625921025,True,True
scene0029_01,345,78,2,1,28,0.07813453702274953,0.009863818273327963,6.7863149089695955,0.12147233148243242,0.012995672466736137,4.452846996399799,True,True
scene0029_01,350,79,2,1,29,0.07644005046135072,0.017487971988620298,6.82340624796903,0.12060237735593526,0.009631472754894205,4.418684265738608,True,True
scene0029_01,354,80,2,1,30,0.07626168149484636,0.01467413652206235,6.901063125437898,0.11973898085885926,0.008708134792607715,4.41290765839476,True,True
scene0029_01,358,81,2,1,31,0.07606251727418878,0.011478806509993347,6.796063132380208,0.12095652837647508,0.009275989874194097,4.3007029447663845,True,True
scene0029_01,363,82,2,1,32,0.07725845008944082,0.01483639205543243,6.861878071605201,0.1220236676217673,0.009118689294858484,3.961262660689074,True,True
scene0029_01,367,83,2,1,33,0.07924084112831281,0.019274891442160654,7.042456490406284,0.1214048621838082,0.009913669628261908,3.884198110409516,True,True
scene0029_01,372,84,2,1,34,0.07827952838834312,0.02183671344939057,6.992564246673382,0.12078449740595887,0.013675110527704657,3.830540734476077,True,True
scene0029_01,376,85,2,1,35,0.0789772484133971,0.022239750970747808,7.0703624378133885,0.12059357234428003,0.01054746387191302,3.9191059761764837,True,True
scene0029_01,381,86,2,1,36,0.0782527866441537,0.021685377834937705,7.013218428385503,0.12323150690640527,0.007274130751578974,3.830038304284224,True,True
scene0029_01,385,87,2,1,37,0.07842418394176875,0.024708218698489597,7.092398340122998,0.12075046797093325,0.015218812902510594,3.685916724513119,True,True
scene0029_01,389,88,2,1,38,0.07684626545753226,0.04657432952797604,6.743356716133135,0.12264171409539859,0.03780809337949176,3.9619303000526487,True,False
scene0029_01,394,89,2,1,39,0.07730930277627501,0.015225512642554909,6.7121392343440345,0.12415871015342717,0.01958949589527543,4.253615755267555,True,True
scene0029_01,398,90,2,1,40,0.07577447663289205,0.04092014843247444,6.659975716301,0.12315218304981213,0.04313644157272807,3.994434024153051,True,False
scene0029_01,403,91,2,1,41,0.07628727550791814,0.025221952451011678,6.3452948153490185,0.12302453198932817,0.036610504916740325,4.170691463381512,True,False
scene0029_01,407,92,2,1,42,0.07646819799717097,0.02621386614923719,6.600224357311449,0.12131368203083326,0.0297285281574039,4.2686089409102195,True,False
scene0029_01,412,93,2,1,43,0.07609173349405246,0.03425080862457845,6.331711332461456,0.12195094175722021,0.029816261298655427,4.259242608464667,True,False
scene0029_01,416,94,2,1,44,0.07540567146631327,0.03411976853611565,6.233897754909721,0.12153508674854296,0.03194139323079286,4.24275503466782,True,False
scene0029_01,420,95,2,1,45,0.07682751502859958,0.022801565914832247,6.293920782009103,0.12257890626938772,0.019479059820377155,4.20467332900201,True,True
scene0029_01,425,96,2,1,46,0.07794003151628187,0.03795748283307161,6.765444016701336,0.12038661529270733,0.031697314927239546,4.26573715936406,True,False
scene0029_01,429,97,2,1,47,0.076821803983258,0.02674369484070666,6.407451383665497,0.1203702262434041,0.028733729688122434,4.3487669552294745,True,False
scene0029_01,434,98,2,1,48,0.07722248329116144,0.020763477753490186,6.322750052097629,0.12223522408580534,0.031158194183836987,4.414981480160905,True,False
scene0029_01,438,99,2,1,49,0.07838433429289149,0.02000371760399602,6.304083054820028,0.12223031237929494,0.027187998538915747,4.378902467861249,True,False
scene0029_01,443,100,2,1,49,0.34450180000956104,0.02907147988976686,16.8860458300425,0.3448821755938871,0.0182404165168074,15.704358300753924,True,False
scene0029_01,447,101,2,1,48,0.34483780755762083,0.0382764777626243,17.630809403641877,0.3395410571195353,0.010094925856777497,16.04908752307712,True,False
scene0029_01,451,102,2,1,47,0.34504497541300927,0.02254724776145598,17.20579188356444,0.34115282210715125,0.011213113143931424,16.02196054470797,True,False
scene0029_01,456,103,2,1,46,0.3410066148738183,0.03741413068864165,17.552642603730973,0.3359361800455263,0.012192810936237355,15.85397198331967,True,False
scene0029_01,460,104,2,1,45,0.33766574694653084,0.041360081339085406,17.61520562204556,0.33416202059265654,0.013136156934896065,15.920452283269027,True,False
scene0029_01,465,105,2,1,44,0.33547547873645395,0.030249087762707953,16.82258461903861,0.3356519669581737,0.013469957183322069,16.129641452144895,True,False
scene0029_01,469,106,2,1,43,0.33461871349882794,0.04096457244578221,17.613726555167602,0.3316690904404833,0.016503893698675748,15.778728637599583,True,False
scene0029_01,474,107,2,1,42,0.33450799875534,0.019127798359805367,17.602095165020206,0.32783388286716586,0.01072357606879479,16.22236389563929,True,False
scene0029_01,478,108,2,1,41,0.33280012824121463,0.012857327452915525,17.43918009674093,0.3258361295677592,0.012627515556531028,15.871198614071947,True,False
scene0029_01,482,109,2,1,40,0.3281417190840784,0.03655143942971506,17.62129967009528,0.3180632721915606,0.016622489904024013,16.127973886698225,True,False
scene0029_01,487,110,2,1,39,0.3238654666188697,0.0389690758177651,17.89029064138904,0.3074771801580314,0.013664958469087685,16.082630077094162,True,False
scene0029_01,491,111,2,1,38,0.31951692539690585,0.020425799630272835,17.651025876720006,0.30390651924986833,0.0131884774659382,16.013556284542886,True,False
scene0029_01,496,112,2,1,37,0.3213204216761346,0.018877602935341332,17.407825725524006,0.2979837215066926,0.012893130884926062,15.874924771610415,True,False
scene0029_01,500,113,2,1,36,0.32272866184685733,0.029089245826438702,16.758625590016848,0.29391253189567657,0.014998634793307198,15.384652764518489,True,False
scene0029_01,505,114,2,1,35,0.3188312777698195,0.0180603346804449,16.494953756784593,0.2947364963324177,0.02161254754923377,15.929785621527904,True,False
scene0029_01,509,115,2,1,34,0.3148407072966072,0.017198063536441877,16.354005495505113,0.2898514799533809,0.022848979231055996,15.773629033275583,True,False
scene0029_01,513,116,2,1,33,0.3170256042814138,0.020940675805218422,16.213363618127847,0.2922460032887775,0.024600289149921125,16.165344714558675,True,False
scene0029_01,518,117,2,1,32,0.319973354384867,0.012590252796295245,15.915151590850755,0.2938473602909837,0.008028850150996426,16.121550070924727,True,False
scene0029_01,522,118,2,1,31,0.3130526668032564,0.02501462715709222,16.598251052208113,0.29335180034504593,0.008940993493688456,16.471727692761235,True,False
scene0029_01,527,119,2,1,30,0.313269200362146,0.02665848646928613,16.975270755392962,0.2908883111165941,0.009615285297392064,16.24934376591789,True,False
scene0029_01,531,120,2,1,29,0.3088369207561902,0.03855727447500559,17.82214725685057,0.2925551376430773,0.009690613905457795,16.090071035191695,True,False
scene0029_01,536,121,2,1,28,0.31454889595340524,0.014351531555280682,17.37063445359876,0.29144567761968454,0.00792536463662614,15.515197089362845,True,False
scene0029_01,540,122,2,1,27,0.31090336810869257,0.019100954981440887,17.082872642005213,0.28900661163078056,0.005822322686172299,15.80463618694022,True,False
scene0029_01,544,123,2,1,26,0.3128677284900428,0.013783047980161939,16.530926530172444,0.28912819471445306,0.008826582700801269,15.804974142724735,True,False
scene0029_01,549,124,2,1,25,0.3112342374638478,0.020128663602285306,16.89730067801804,0.28714808481278786,0.015778341333205447,15.742502062841647,True,False
scene0029_01,553,125,2,2,25,0.3124198825506772,0.023202893458373973,16.69898394080561,0.2811889325782313,0.029425647925653504,14.653171383078039,True,False
scene0029_01,558,126,2,2,26,0.3117073111393974,0.012271524910415037,17.375904627601116,0.28790374021551024,0.012124204191203788,14.816479013911737,True,False
scene0029_01,562,127,2,2,27,0.3118133088001836,0.011325410267962126,17.019177916210996,0.28470146778198,0.015905072711109212,14.667859507371817,True,False
scene0029_01,567,128,2,2,28,0.30415180691091237,0.019892194108957602,16.18717017105595,0.2839671057137596,0.016571923202233083,14.629473105035025,True,False
scene0029_01,571,129,2,2,29,0.30077408667776795,0.04262100053955091,15.285868389819157,0.2791434539374099,0.026607829125699988,13.714816813981628,True,False
scene0029_01,576,130,2,2,30,0.3022154709386301,0.0469752962378312,15.224162421315192,0.27797294182201016,0.02857041961454817,13.996433293523905,True,False
scene0029_01,580,131,2,2,31,0.2973126433113688,0.05028546109456024,15.083135668761528,0.272707507641606,0.022737312393965026,13.694906908551813,True,False
scene0029_01,584,132,2,2,32,0.2969243001459972,0.04670295965165942,15.872939639714126,0.26969183955305354,0.012493475403590762,13.959118949917977,True,True
scene0029_01,589,133,2,2,33,0.2965620661661437,0.050649311651790846,15.794695346901896,0.26977074226235465,0.021633639609455677,13.17834428636853,True,False
scene0029_01,593,134,2,2,34,0.2980209930643462,0.040979036027842336,15.890848962388077,0.2687038888815111,0.012858131833033493,13.685904530769117,True,True
scene0029_01,598,135,2,2,35,0.2993980598045054,0.05007561997286187,15.54140964138898,0.2702233093802324,0.012192968126328427,14.017989242175247,True,False
scene0029_01,602,136,2,2,36,0.30027363879464974,0.05028583345478772,15.795333782767084,0.26278269099604756,0.012775417786391468,13.106661864644618,True,True
scene0029_01,607,137,2,2,37,0.3014767211478956,0.05741799288245723,16.542331878350588,0.25574511113339093,0.02489721461712056,12.89123548092368,True,False
scene0029_01,611,138,2,2,38,0.30115341583275906,0.059283333018900916,16.266503987090005,0.2584911241709792,0.026326485601985614,12.611939627778352,True,False
scene0029_01,615,139,2,2,39,0.29877105267793064,0.054072961729582106,15.389302923183589,0.262447976152579,0.013817416266134409,13.30662850025123,True,True
scene0029_01,620,140,2,2,40,0.3021602582149161,0.04333028696700318,15.800105521242193,0.2755661246300104,0.018193416689773777,13.8837057543457,True,True
scene0029_01,624,141,2,2,41,0.3042767914693057,0.03208134058601515,16.080028587928275,0.2814530195761704,0.014345252552413808,14.157842999566931,True,False
scene0029_01,629,142,2,2,42,0.3067702468264334,0.03007891915190122,16.131432615965544,0.287171903146866,0.014400266117986935,14.877853239768328,True,False
scene0029_01,633,143,2,2,43,0.3122241083724307,0.03682033351602146,17.378842395992972,0.28843331520295146,0.01535929584824277,15.237237285898798,True,False
scene0029_01,638,144,2,2,44,0.3139557650463928,0.03922129576932591,17.003749051312674,0.28972100367474307,0.01440383459285767,14.960871191963069,True,False
scene0029_01,642,145,2,2,45,0.3133283163377528,0.02969862855031912,16.363117160756584,0.2922119488601447,0.011057984799918869,15.229917049100246,True,False
scene0029_01,646,146,2,2,46,0.3162356165282552,0.017050575942906376,16.788381196248537,0.29387563799486816,0.011956484849987906,15.516774364670313,True,False
scene0029_01,651,147,2,2,47,0.3156817597467354,0.04205083440235542,17.69122568812832,0.2985219482001755,0.02583016355933774,15.956944057375669,True,False
scene0029_01,655,148,2,2,48,0.32146587711454544,0.04836760900819545,17.77485498777362,0.2988642615450594,0.026345421628435457,15.814117357779391,True,False
scene0029_01,660,149,2,2,49,0.3204420268874293,0.048239748291028166,17.9293659168934,0.3011733452014451,0.030087810428503173,16.259925382182363,True,False
scene0029_01,664,150,2,2,49,0.544865566337533,0.053889030175393426,13.962363065271996,0.08667020512700996,0.019834193960056187,6.93529399519438,True,True
scene0029_01,669,151,2,2,48,0.548625677418163,0.0523643253654245,13.81902508044719,0.08969038416203223,0.02211576992076157,7.224227247654589,True,False
scene0029_01,673,152,2,2,47,0.5500990095989962,0.06018003991707488,13.741881631518197,0.07886850171153803,0.020578364506266406,6.997743932116697,True,False
scene0029_01,677,153,2,2,46,0.5525322864278461,0.061106902443569415,13.946621759370766,0.0772256572441482,0.015075157739502222,6.948219434352705,True,True
scene0029_01,682,154,2,2,45,0.5569003732444546,0.05850263234170869,13.871299590137605,0.07352267702096027,0.013141908210640527,7.3848920470944375,True,True
scene0029_01,686,155,2,2,44,0.5527091389050974,0.036519538753974554,13.417213916784252,0.07079963183935944,0.008130765274430067,7.2262237038566255,True,True
scene0029_01,691,156,2,2,43,0.5504299414168836,0.04429051637744738,13.680386808563595,0.06970483194350008,0.010260959464841056,7.163397602036662,True,True
scene0029_01,695,157,2,2,42,0.5454005603378864,0.050348951730098776,13.75746473650598,0.06960845884523925,0.009737878970175176,7.130174071508286,True,True
scene0029_01,700,158,2,2,41,0.5400927983754313,0.05560696776582992,14.142530725442777,0.06841105179064577,0.011330070088666953,7.164448672037902,True,True
scene0029_01,704,159,2,2,40,0.5308763695612314,0.06667769229793795,14.330671725145677,0.06675399402617277,0.015067611968809074,7.176795059035976,True,True
scene0029_01,708,160,2,2,39,0.5337505636868204,0.05118753377327856,13.981109665345574,0.06410154679255675,0.007609039735024747,7.539335677946207,True,True
scene0029_01,713,161,2,2,38,0.5325374456565699,0.06632797541828918,14.392280779714635,0.06385717320671092,0.006529002452797652,7.529489266286594,True,True
scene0029_01,717,162,2,2,37,0.5341335750176583,0.051552168862610256,14.17190623324058,0.06409541363986904,0.007234689779503721,7.4507733657821795,True,True
scene0029_01,722,163,2,2,36,0.5416939053296803,0.017817724761587564,13.806926079935472,0.06219239764704998,0.007772903684910505,7.6513997174274495,True,True
scene0029_01,726,164,2,2,35,0.5438365809388435,0.029163799215424148,14.235812646201065,0.060434383260348556,0.011173251104902457,8.10184795923756,True,True
scene0029_01,731,165,2,2,34,0.5440236253984528,0.04537430976865248,14.191079271189404,0.05932255289305177,0.01571811204171032,8.138466211453053,True,True
scene0029_01,735,166,2,2,33,0.5475076277320854,0.05164569224860552,14.189667803774721,0.06047096457496126,0.014732353741381718,8.125540369932724,True,True
scene0029_01,739,167,2,2,32,0.5456243926367164,0.041177451698930084,14.353959897262962,0.05904361292540483,0.015865331771756308,8.114310975987893,True,True
scene0029_01,744,168,2,2,31,0.5430367478956176,0.012950434351260323,14.161920551823282,0.05751679290580625,0.027471495326138427,8.765373824092075,True,False
scene0029_01,748,169,2,2,30,0.5504104978096109,0.018976071644636078,14.062087553902233,0.05706066232638374,0.015894517384263528,8.249757310931491,True,True
scene0029_01,753,170,2,2,29,0.5486400652591061,0.02295475384643238,14.247199247253002,0.056617250586379564,0.02666174263095694,8.572544063037277,True,False
scene0029_01,757,171,2,2,28,0.5529730188515952,0.019946023641001228,14.194156436785137,0.05616700575959732,0.014568632686836312,8.44165218788849,True,True
scene0029_01,762,172,2,2,27,0.5605880225893676,0.018787297760219507,14.195644933770346,0.0550555755677502,0.014353287482394296,8.370078785813142,True,True
scene0029_01,766,173,2,2,26,0.5621848084967939,0.017370108316691064,13.988713637647734,0.054904776471507155,0.012344905203360956,8.233705744966514,True,True
scene0029_01,770,174,2,2,25,0.5612303361697129,0.029585304700602194,14.075124398642025,0.0564458187499004,0.007357130212005066,8.192024652954577,True,True
scene0029_01,775,175,2,3,25,0.5632449087028415,0.03390307651243353,13.90397226140632,0.059289025218231206,0.0044892802414056125,8.076764931381176,True,True
scene0029_01,779,176,2,3,26,0.5673940056271316,0.04003525408508547,13.864684271283577,0.060778622280736494,0.00838567888662623,8.108584237056128,True,True
scene0029_01,784,177,2,3,27,0.572811713511038,0.03645437518931639,13.716531121745684,0.05956278779658053,0.0036012412411864725,7.971908551865023,True,True
scene0029_01,788,178,2,3,28,0.5700092538463298,0.04316739536090687,13.71313277714775,0.05990943866305709,0.0030021311678875492,8.02023401338271,True,True
scene0029_01,793,179,2,3,29,0.5605271912282574,0.029808879611662495,13.78391150119658,0.06155227907041483,0.006702257233967116,7.8859214206153565,True,True
scene0029_01,797,180,2,3,30,0.5545099556103603,0.021540304986660583,13.87389691586829,0.06151985408157756,0.006347015941614097,7.990860436946101,True,True
scene0029_01,801,181,2,3,31,0.5525041525181988,0.013093059862937222,13.824998308335985,0.062445661507103845,0.007816513289344516,7.919775923831738,True,True
scene0029_01,806,182,2,3,32,0.5488923105645838,0.018176292937522973,13.722216720766646,0.06135847437186681,0.006272111742481581,7.824488103038749,True,True
scene0029_01,810,183,2,3,33,0.5472043712288543,0.02192663279619818,13.802795847752023,0.06312923839643625,0.00589365342803284,7.455413407542022,True,True
scene0029_01,815,184,2,3,34,0.5481524281825152,0.03203606229456554,13.886372517824318,0.06413030952823195,0.009927635793346394,7.4616317460219,True,True
scene0029_01,819,185,2,3,35,0.5464464369022366,0.022126648602495663,13.942254128112522,0.0622028816762068,0.004525581206917628,7.736838362946426,True,True
scene0029_01,824,186,2,3,36,0.5534082726453209,0.024957190430496226,13.834256432627104,0.06035926691398841,0.007473852723785971,8.010904138206902,True,True
scene0029_01,828,187,2,3,37,0.5524366572369168,0.022243615085195324,14.034011602887736,0.05935945277235055,0.00753596112909066,8.08632177939629,True,True
scene0029_01,833,188,2,3,38,0.5604011754053304,0.026943972672962203,14.038675232876983,0.05762427774599588,0.01120124302742993,8.378613844111774,True,True
scene0029_01,837,189,2,3,39,0.5698065798259845,0.029863973445640537,14.070538683649456,0.057038135281070934,0.010474173882466523,8.391623095847988,True,True
scene0029_01,841,190,2,3,40,0.5777245433725802,0.02121803660335629,14.084484841046871,0.05487077936511198,0.008759790237310518,8.426365081198021,True,True
scene0029_01,846,191,2,3,41,0.5879686548129527,0.031896565390619025,14.031732257794618,0.054600228102467785,0.004249748228859424,8.285327656006144,True,True
scene0029_01,850,192,2,3,42,0.61237555878388,0.05967600175407663,13.957544335064199,0.05588468214992226,0.006895585283559892,8.26740903106047,True,True
scene0029_01,855,193,2,3,43,0.746141590180382,0.04992421044196203,13.927276680132994,0.05484189538126938,0.008940684863458094,8.36077440425571,True,True
scene0029_01,859,194,2,3,44,0.7609718509197452,0.057837035221439625,13.860094397408874,0.053502639602304836,0.010875623310581062,8.203112025821756,True,True
scene0029_01,864,195,2,3,45,0.7636281059554972,0.059698601880615085,14.022435734131182,0.054193890389350075,0.014436797786450134,8.161921405782362,True,True
scene0029_01,868,196,2,3,46,0.768915585188507,0.06605088844196756,14.083909353724273,0.05483612865520904,0.014170693794996587,8.371021531155638,True,True
scene0029_01,872,197,2,3,47,0.7675020679701132,0.060265897730286136,14.06847672925318,0.05367531620132049,0.010539504915104208,8.47635095532692,True,True
scene0029_01,877,198,2,3,48,0.770900375327266,0.0642624217818981,13.929923157439642,0.054182805689765745,0.01570054879323641,8.241377299060638,True,True
scene0029_01,881,199,2,3,49,0.7733488063396259,0.06794967660373093,14.080486672597122,0.05475212042825628,0.017851236537193244,8.399625463172734,True,True
scene0029_01,886,200,2,3,49,0.7452772467544753,0.025537197608157085,4.283799752637472,0.19181327443461837,0.013234518956701151,6.277393382083981,True,True
scene0029_01,890,201,2,3,48,0.7560406516099578,0.02887563619014718,4.0921290942932425,0.18666190043008468,0.009910407687126685,6.323426961440752,True,True
scene0029_01,895,202,2,3,47,0.7690775150939388,0.029684173345096713,4.075473478227748,0.18373220824301828,0.0109635502213165,6.281831225052462,True,True
scene0029_01,899,203,2,3,46,0.7699983898215641,0.028168955106057082,4.219182169373053,0.18238993276316517,0.011502601610063834,6.431616441059575,True,True
scene0029_01,903,204,2,3,45,0.7745044609320941,0.028627231797352173,4.072633350602133,0.17889381835799867,0.0069533920352021555,6.531741718924434,True,True
scene0029_01,908,205,2,3,44,0.7795060753657845,0.023531953493841688,3.647241375262867,0.1749888081387193,0.0036052636987827682,6.600197984908413,True,True
scene0029_01,912,206,2,3,43,0.7742279945896661,0.03181594103576817,3.7950979383530035,0.17201103275057872,0.0029070535934045917,6.508311101351238,True,True
scene0029_01,917,207,2,3,42,0.7828417466418743,0.036630341281260734,3.5956988367913842,0.17139900619437431,0.004533500604271413,6.676776534654087,True,True
scene0029_01,921,208,2,3,41,0.7812511236422818,0.028734112864982345,3.600434354922415,0.17248036288421453,0.006062045821894026,6.786249486673856,True,True
scene0029_01,926,209,2,3,40,0.7793936254716343,0.028770231698740434,3.6431231818571543,0.17213362817960998,0.007595472015246215,6.836140449491528,True,True
scene0029_01,930,210,2,3,39,0.7806630754037199,0.027012701805110055,3.563221763122918,0.17067045459512586,0.008836707758553278,6.903559471861214,True,True
scene0029_01,934,211,2,3,38,0.7824748872181471,0.028727233400639297,3.6702449797819985,0.16959540754961633,0.009992761741596374,6.968836098246737,True,True
scene0029_01,939,212,2,3,37,0.7765343714136338,0.028360790953559683,3.623877740446334,0.17183772927396124,0.012556369813329532,7.158318637111926,True,True
scene0029_01,943,213,2,3,36,0.7806108062331314,0.02879091247097975,3.575669302776846,0.17347558930912488,0.012660864037026126,7.27134640050871,True,True
scene0029_01,948,214,2,3,35,0.779688482778969,0.020745889204885633,3.430958421005492,0.17512133763539683,0.012650160650244002,7.320136927600138,True,True
scene0029_01,952,215,2,3,34,0.778690552260876,0.022242505316303042,3.388355912470718,0.17405897536577875,0.013661953209956767,7.24527203190155,True,True
scene0029_01,957,216,2,3,33,0.78349177431981,0.03386568050712152,3.6706067857040168,0.17480869365908658,0.01121446891087402,7.236914536938663,True,True
scene0029_01,961,217,2,3,32,0.7821689502537226,0.02223778815257127,3.521714365256653,0.17203242232854488,0.010322236228048435,7.077798323793024,True,True
scene0029_01,965,218,2,3,31,0.7823373093866031,0.02893722907262341,3.5130146010482366,0.17252667882758277,0.013443052354282474,7.019288296850809,True,True
scene0029_01,970,219,2,3,30,0.7795951021559634,0.023029911937638696,3.380635622831382,0.17396894011559527,0.015036417841804815,7.09737334270258,True,True
scene0029_01,974,220,2,3,29,0.777207088075293,0.021195255187990553,3.3907401750731037,0.1768982491905351,0.01565647037259766,7.15305947492454,True,True
scene0029_01,979,221,2,3,28,0.7633932361826694,0.021829091627005304,3.2936470820216406,0.17535396239401502,0.014963340682784996,7.216747801919736,True,True
scene0029_01,983,222,2,3,27,0.7595884859171517,0.01793698506321615,3.268169704987125,0.1799283779367663,0.014891675414513666,7.1930101704826095,True,True
scene0029_01,988,223,2,3,26,0.7586936373128185,0.023263998442899662,3.468732199748487,0.18489385675948733,0.01647962271386766,7.355944569363535,True,True
scene0029_01,992,224,2,3,25,0.7596433944766625,0.02088980512458211,3.3425644259752083,0.1842193504567482,0.019077562590352832,7.589591978466286,True,True
scene0029_01,996,225,2,4,25,0.7559716022176619,0.01618291004231378,3.301505970293642,0.1749372383171025,0.015772206890220863,7.606013711531212,True,True
scene0029_01,1001,226,2,4,26,0.7489230987129136,0.022313452706727854,3.20017069577057,0.17132284125944042,0.01345987400203768,7.711392004477756,True,True
scene0029_01,1005,227,2,4,27,0.7479981040227327,0.014970077018718296,3.205088438047905,0.17174748006388874,0.013160954511198504,7.808574217692796,True,True
scene0029_01,1010,228,2,4,28,0.7415691607506969,0.02328338476269949,3.2736063674053266,0.16828095443632374,0.010795450782266751,7.952470193747156,True,True
scene0029_01,1014,229,2,4,29,0.7417862289572492,0.014968708192489188,3.3843656834621076,0.16893663162889083,0.014391002569623699,7.908775535508402,True,True
scene0029_01,1019,230,2,4,30,0.738756042793652,0.013887438596991068,3.436375978454634,0.1708218609604648,0.01491425378767526,7.627590458575159,True,True
scene0029_01,1023,231,2,4,31,0.7364067992283188,0.013790211704235908,3.3701417296598892,0.17017290573445154,0.010384288660788756,7.649286625821323,True,True
scene0029_01,1027,232,2,4,32,0.7394463189889791,0.013702870657379108,3.4157559676676876,0.17331604227914543,0.004541218496441887,7.64632541903711,True,True
scene0029_01,1032,233,2,4,33,0.7348100426240878,0.014941776607390966,3.285599984967864,0.16913073059048622,0.0019246193533288634,7.784519868022732,True,True
scene0029_01,1036,234,2,4,34,0.7361952358792081,0.009655344185665361,3.382437225006645,0.16902326701271408,0.00646153742765222,7.833872490786645,True,True
scene0029_01,1041,235,2,4,35,0.7327529709206229,0.008324779214257052,3.403242468272696,0.1674441653688451,0.002451219523391231,7.9367260797837105,True,True
scene0029_01,1045,236,2,4,36,0.7300596300430264,0.011391426385106207,3.4632790999913734,0.16535593322526365,0.007797905585260453,7.823512628672272,True,True
scene0029_01,1050,237,2,4,37,0.7312474609919739,0.016034634028731225,3.6226811953525306,0.16765562707721682,0.011326403250153291,8.065118146706867,True,True
scene0029_01,1054,238,2,4,38,0.7313677959051047,0.01438218748546681,3.853959977800077,0.16702453539213646,0.010637080273179073,8.233109017397865,True,True
scene0029_01,1058,239,2,4,39,0.7330557174172927,0.015677086332034088,3.824985807470079,0.16562674543719647,0.01469734713479357,8.250525011912643,True,True
scene0029_01,1063,240,2,4,40,0.7339575249466411,0.027000296432667364,3.9186872497280167,0.16932320233967502,0.030039032033703724,8.375349548441072,True,False
scene0029_01,1067,241,2,4,41,0.733314090668856,0.017236527551286553,3.929660129870342,0.1674484466144618,0.013777379092447398,8.366300595472863,True,True
scene0029_01,1072,242,2,4,42,0.7316573931452768,0.022031176018124515,4.3281185892161265,0.16656110091502385,0.008165745056347243,8.81034380270078,True,True
scene0029_01,1076,243,2,4,43,0.7328078749430417,0.03105805984545574,4.32088001015298,0.1639121354047749,0.01932981286324012,8.766029316921783,True,True
scene0029_01,1081,244,2,4,44,0.7315769154842263,0.027112285425374735,4.39568964886294,0.16510117236742627,0.01664291371687367,9.166949369526865,True,True
scene0029_01,1085,245,2,4,45,0.7286103140222986,0.02714938742007805,4.322891510279921,0.16485331872278663,0.023358478995135348,9.260761393309092,True,False
scene0029_01,1089,246,2,4,46,0.7274245243480041,0.022905217033665912,4.2631066235496755,0.16641528067871414,0.017685107382923247,9.273404728846932,True,True
scene0029_01,1094,247,2,4,47,0.7265481118322588,0.025905765077393773,4.221515881668237,0.16966172059879348,0.02382616979983797,9.402304453745657,True,False
scene0029_01,1098,248,2,4,48,0.725292444022158,0.027110853157551226,4.5017817736193635,0.171673318898921,0.024128741947150197,9.358785929679696,True,False
scene0029_01,1103,249,2,4,49,0.7234546844703256,0.033101883920452546,4.428945645908723,0.17667288287443172,0.02656196025149399,9.376448739078509,True,False
scene0029_01,1107,250,2,4,49,0.4472972670655943,0.01241079512776805,6.690067838265861,0.5002470021203778,0.013835508183297967,7.028366750700988,False,True
scene0029_01,1112,251,2,4,48,0.4385573881484376,0.01051311341598046,6.435226870404481,0.4888288541030088,0.013933125794069075,6.923883140700988,False,True
scene0029_01,1116,252,2,4,47,0.43715038028277825,0.01119167865919708,6.2888155084988355,0.4839795800104366,0.009093077818639942,6.696999802479213,True,True
scene0029_01,1121,253,2,4,46,0.43483006116223993,0.015312488394984947,6.329802748270682,0.48044985247323735,0.0055658102940068675,6.6273249564062215,True,True
scene0029_01,1125,254,2,4,45,0.4346677810272914,0.015467320839397385,6.350417949016286,0.48163357187128886,0.01314881208347679,6.534435497680921,True,True
scene0029_01,1129,255,2,4,44,0.432624031679523,0.010677121077347446,6.14406141688236,0.4806890304349941,0.004505915453614613,6.492723546630728,True,True
scene0029_01,1134,256,2,4,43,0.43279382083205753,0.012844498714122292,6.140014346099671,0.48431560098036863,0.008415629626430901,6.375239374134831,True,True
scene0029_01,1138,257,2,4,42,0.4317402213392642,0.015735038878186825,6.044222539852127,0.4826562198304296,0.009251494530418831,6.464850672511802,True,True
scene0029_01,1143,258,2,4,41,0.43183275020963835,0.012699971558361096,6.198388963406355,0.48323519615231403,0.007582092123618732,6.312303003588608,True,True
scene0029_01,1147,259,2,4,40,0.43279852048832007,0.012232454683555164,6.11469070110463,0.4865965720445573,0.008939069409876346,6.340912190291857,False,True
scene0029_01,1152,260,2,4,39,0.4320405112519167,0.014869689324379513,6.029493728973645,0.48475215157212315,0.012126884579648868,6.436714979909767,True,True
scene0029_01,1156,261,2,4,38,0.43210201785484237,0.011586958867913302,5.8420192427179956,0.4875016837783255,0.009248940201358023,6.487180460356016,False,True
scene0029_01,1160,262,2,4,37,0.4311457608156007,0.007954366685678196,5.716468952666775,0.49394375521735134,0.011615874274668338,6.589378208664605,False,True
scene0029_01,1165,263,2,4,36,0.4290374991722421,0.01027898995268059,5.617673198839446,0.4973826834099093,0.012849182668158786,7.027790615881397,False,True
scene0029_01,1169,264,2,4,35,0.42149467057398154,0.009872868577565927,5.484190976535112,0.499401380078216,0.008228725421557103,7.286793511826931,False,True
scene0029_01,1174,265,2,4,34,0.41634752564377153,0.01147897945773279,5.389298098003353,0.5100192902647944,0.012025740049790155,6.809357546467749,False,True
scene0029_01,1178,266,2,4,33,0.4098364525545629,0.01031980496581092,5.2912386710441,0.5105554250513463,0.01496568431489349,6.819694697730427,False,True
scene0029_01,1183,267,2,4,32,0.4028050928869217,0.019283335050794888,5.21054359410882,0.5073113360518081,0.009128933754507096,6.910692540845169,False,True
scene0029_01,1187,268,2,4,31,0.40317139995459417,0.008611171439973524,5.3019667766114775,0.510869117579739,0.010185221024183953,6.7319503767713975,False,True
scene0029_01,1191,269,2,4,30,0.40488579864619867,0.011809199125818824,5.417683894879035,0.5136529172603254,0.012095485938572282,6.581704011986267,False,True
scene0029_01,1196,270,2,4,29,0.40274348237870494,0.012615984945721696,5.4243497533496186,0.5105901853525074,0.01135534942429302,6.471304340471128,False,True
scene0029_01,1200,271,2,4,28,0.4006506870452603,0.011401550606084793,5.3511317105585725,0.5026126451737584,0.014086542462826564,6.871853672482116,False,True
scene0029_01,1205,272,2,4,27,0.40476563720170755,0.01098135444408897,5.427898588521311,0.5102300637598303,0.008150854416562905,6.355182457127705,False,True
scene0029_01,1209,273,2,4,26,0.4083615516823459,0.012707529495580055,5.3064358080412966,0.5166311900742218,0.012694692457767916,6.506705709336005,False,True
scene0029_01,1214,274,2,4,25,0.4086866848832127,0.011592586198160157,5.190100855937061,0.5202949613050377,0.0069530559051749746,6.593482389939633,False,True
scene0029_01,1218,275,2,5,25,0.4068570775914309,0.013419139122528722,5.160875132828535,0.5221731640635672,0.010992160663816485,6.499343711964464,False,True
scene0029_01,1222,276,2,5,26,0.40619918350735096,0.013654671353957929,5.062064478657276,0.5280490091457744,0.013458992988373135,6.524583901773768,False,True
scene0029_01,1227,277,2,5,27,0.4108266721475718,0.010744105741182439,5.112135662115654,0.537245941607308,0.006487720473079717,6.229535771924655,False,True
scene0029_01,1231,278,2,5,28,0.4123872707005439,0.009586635517974042,5.079668386120668,0.5415015304002669,0.010587685571911637,6.408291133865002,False,True
scene0029_01,1236,279,2,5,29,0.4080405569151707,0.010100646259712949,4.997165843000525,0.5363252463664258,0.005792854297481864,6.161110642606292,False,True
scene0029_01,1240,280,2,5,30,0.4064012625381482,0.014215491399154769,5.244983436133724,0.5272793858057425,0.01240360972976347,6.167158795336024,False,True
scene0029_01,1245,281,2,5,31,0.40776467609494726,0.013659120071487924,5.224375558303992,0.5254680871605084,0.008686627148720464,5.991549151307949,False,True
scene0029_01,1249,282,2,5,32,0.4059273450244558,0.012098214123221167,5.227081705392612,0.5185050743499973,0.008923509102327972,6.000407894942816,False,True
scene0029_01,1253,283,2,5,33,0.4060542326517155,0.014235634734930485,5.246785679046625,0.5149113165550354,0.009941914378648817,5.943101655821145,False,True
scene0029_01,1258,284,2,5,34,0.40514918165411623,0.01184809905619541,5.35230539411576,0.5053881408548214,0.0028352336468156804,6.175056728783477,False,True
scene0029_01,1262,285,2,5,35,0.40561880376100806,0.015423466392877946,5.354394396251186,0.5090330638485848,0.01214820692042956,5.792596976126754,False,True
scene0029_01,1267,286,2,5,36,0.4090738019598865,0.013380196955674297,5.215868236695966,0.5090861265980037,0.0036883269427749714,6.092681351139832,False,True
scene0029_01,1271,287,2,5,37,0.4093963698826733,0.017632077879765503,5.482556884559035,0.5064412700121872,0.008856424197437542,6.1043386987273776,False,True
scene0029_01,1276,288,2,5,38,0.41076335438527206,0.017339451836259526,5.091863215063791,0.5022816439450791,0.013911379261567415,6.449712352832952,False,True
scene0029_01,1280,289,2,5,39,0.4130167854543635,0.013047409090770708,5.080320768689783,0.4989239411944334,0.005619426764611702,6.168841475448004,False,True
scene0029_01,1284,290,2,5,40,0.4156353263228396,0.01391781095172471,5.311614052872551,0.4934822233601852,0.011008614073949286,6.304943480998132,False,True
scene0029_01,1289,291,2,5,41,0.41650006454514593,0.017456483297658636,5.393060032635737,0.4893022320769296,0.01398614768171443,6.018504375380893,False,True
scene0029_01,1293,292,2,5,42,0.4196153602835574,0.020117896614495548,5.580568585796549,0.48827344645229176,0.011922691723246606,5.980130000674933,False,True
scene0029_01,1298,293,2,5,43,0.4227920139313073,0.019947229962804625,5.575822945582623,0.487531049478076,0.010388307649147534,5.9830121892421095,False,True
scene0029_01,1302,294,2,5,44,0.42515731295525183,0.019042116816976262,5.724587287000951,0.4870796971404373,0.009762075500517357,5.970850202605246,False,True
scene0029_01,1307,295,2,5,45,0.4260269623022662,0.01682971684063511,5.856472900888681,0.4840474390910887,0.013612916316536623,5.886815212369483,True,True
scene0029_01,1311,296,2,5,46,0.42590505855257377,0.014103689626377983,5.901792433177753,0.48478240018318597,0.005265611631993399,6.03774332761635,True,True
scene0029_01,1315,297,2,5,47,0.42585811171793253,0.01001523442087695,5.979902483945827,0.487507051538679,0.007529380026853191,5.993228199844759,False,True
scene0029_01,1320,298,2,5,48,0.42949455411599724,0.010528963192681262,6.011375498837364,0.49444642454308985,0.01573653295879036,5.82190540492106,False,True
scene0029_01,1324,299,2,5,49,0.4286936766413758,0.011341780630669306,6.117771340073245,0.4939916214428821,0.016030648825113975,5.794867319149677,False,True
scene0029_01,1329,300,2,5,49,0.12497502712379832,0.017305315409550947,8.537975391341364,0.10044004874996915,0.004100807563920738,1.7367012043657417,True,True
scene0029_01,1333,301,2,5,48,0.12074717701153748,0.019308357423346346,8.591754619364824,0.09586893578090017,0.00634564716895584,1.7313348908212576,True,True
scene0029_01,1338,302,2,5,47,0.12161072310565213,0.019530445770072388,8.84120522135888,0.09444992872768354,0.004356616720321256,1.6986392533960433,True,True
scene0029_01,1342,303,2,5,46,0.12041697672218404,0.01915117432959968,9.002899498109976,0.09388556444137774,0.005943075847482473,1.7947942915869917,True,True
scene0029_01,1346,304,2,5,45,0.12035733204330146,0.01607798840072177,9.33902794385003,0.09326981020948333,0.005424429768394174,1.8889903777369557,True,True
scene0029_01,1351,305,2,5,44,0.11705240941231554,0.009576052887546229,9.528525241961425,0.08931821809533225,0.006413616989886064,2.017872975251677,True,True
scene0029_01,1355,306,2,5,43,0.11795310195099412,0.01460773512207398,9.971163192376558,0.089297115953892,0.00716139221610721,2.0472686822785118,True,True
scene0029_01,1360,307,2,5,42,0.11767292807438645,0.014799069565651314,10.210201960048543,0.08997921606080717,0.011033141068678962,2.124534455686619,True,True
scene0029_01,1364,308,2,5,41,0.11450177241605569,0.015463031558410712,10.042560896391098,0.08973286857823015,0.008240515341906377,1.9387279324083877,True,True
scene0029_01,1369,309,2,5,40,0.1133250875150541,0.017271154719804126,9.953728392637824,0.0888611726906332,0.007445174983170954,1.8350288743966754,True,True
scene0029_01,1373,310,2,5,39,0.11370115930225044,0.014131668854023047,9.942896396239496,0.08912100445172788,0.009358623468051082,1.8445422298598595,True,True
scene0029_01,1377,311,2,5,38,0.11425072692832516,0.008384937300018762,10.149239684722593,0.08771097653094018,0.008407809603529812,1.8787313883018473,True,True
scene0029_01,1382,312,2,5,37,0.112627420930278,0.006866419752390831,10.467913448674743,0.08618090257945887,0.004128841607828486,1.7874053978639308,True,True
scene0029_01,1386,313,2,5,36,0.11087238856649911,0.007665652694352297,10.493271741212727,0.08570785401993031,0.003130261205209396,1.714009513053397,True,True
scene0029_01,1391,314,2,5,35,0.11285517184321653,0.0099779872323448,10.603426467039231,0.08618080966297326,0.006010429386328994,1.7571081464558438,True,True
scene0029_01,1395,315,2,5,34,0.11206259727836593,0.008739285718907993,10.56803725076832,0.08593330453239856,0.005651042221848584,1.7878560701406971,True,True
scene0029_01,1400,316,2,5,33,0.11120953168488229,0.008025900386463553,10.465191445840988,0.08496797301381531,0.005719610391115873,1.7666725919414181,True,True
scene0029_01,1404,317,2,5,32,0.11314371600657974,0.00940391840224693,10.244922784920448,0.08670148940443911,0.006390589268483964,1.8735499355880825,True,True
scene0029_01,1409,318,2,5,31,0.11271444772887151,0.010444458374246157,10.020929719793685,0.08543939953065482,0.00344396183015456,2.0378804740983156,True,True
scene0029_01,1413,319,2,5,30,0.11398540905948257,0.011823689547250063,9.985984806008151,0.0862873972632251,0.004112439410592887,1.9206827629726626,True,True
scene0029_01,1417,320,2,5,29,0.11235357940125135,0.010935130619261914,9.870485407846122,0.08625892677673264,0.0023308857041711597,1.9290311795635993,True,True
scene0029_01,1422,321,2,5,28,0.11173658525158298,0.012582176842962714,9.70850930553781,0.08558131723961315,0.0041707393788671665,1.9738168049726101,True,True
scene0029_01,1426,322,2,5,27,0.10997538976507043,0.011456733212816025,9.696147826535574,0.0844394734607743,0.005056968615727928,2.0595373766216087,True,True
scene0029_01,1431,323,2,5,26,0.11028358449551867,0.015004157817855367,9.62994619755888,0.0845018696612011,0.005577351114369867,2.1364447917094265,True,True
scene0029_01,1435,324,2,5,25,0.10919807164129014,0.01279442407225554,9.642245319119503,0.08354356399364171,0.0075456227290080615,2.134059773719191,True,True
scene0029_01,1440,325,2,6,25,0.10929350691338113,0.013810250596014758,9.854953867916922,0.0828315094245764,0.004232927869582583,2.084134089543498,True,True
scene0029_01,1444,326,2,6,26,0.1084992081276151,0.009523856729043226,9.70127814839927,0.08231520463307795,0.00603343760453814,2.0700588238261997,True,True
scene0029_01,1448,327,2,6,27,0.10892906763880134,0.010707767008903947,9.796970295913155,0.08203089725403245,0.00552358686741254,2.0674153011011898,True,True
scene0029_01,1453,328,2,6,28,0.10852543357669087,0.008182397251514309,9.767848880077254,0.08049450644646372,0.006919773991134509,2.0281288553506114,True,True
scene0029_01,1457,329,2,6,29,0.10964347425581644,0.006331606754472219,9.813093015114793,0.0820223395799875,0.009196851687816901,2.098402132110055,True,True
scene0029_01,1462,330,2,6,30,0.10902418021616639,0.009659139868094167,9.792810014407298,0.0812355413016197,0.011257857265668435,2.0401547804785896,True,True
scene0029_01,1466,331,2,6,31,0.10838623222144045,0.010373285017925286,9.69440872041665,0.07971041163453141,0.01072316839857589,2.078653951794431,True,True
scene0029_01,1471,332,2,6,32,0.10728567939496791,0.006613431671337466,9.529442320204014,0.07875866062041892,0.008899886748520975,1.9979250235044148,True,True
scene0029_01,1475,333,2,6,33,0.10842900825611718,0.008331324554095323,9.943861857001883,0.07839390380113553,0.007016944865318423,2.1423878361561535,True,True
scene0029_01,1479,334,2,6,34,0.10625693891671179,0.01391212456772186,9.634609452056477,0.07743679845787443,0.005003004995212219,2.0619601330173154,True,True
scene0029_01,1484,335,2,6,35,0.10749397217445378,0.006138881445089004,9.7382545430712,0.07801835830853665,0.0023603810502419525,2.1707528122561457,True,True
scene0029_01,1488,336,2,6,36,0.10818751572038915,0.011626770544951193,9.815877481264188,0.07710096026067315,0.001263117342624486,2.2615818718965017,True,True
scene0029_01,1493,337,2,6,37,0.10622746488190915,0.01021191807794985,9.872167682826467,0.07678241246184192,0.0029883278669445056,2.3143904844776904,True,True
scene0029_01,1497,338,2,6,38,0.10574136776550391,0.010487756598607768,9.516994152821962,0.07657870307075787,0.0026657202792546874,2.107830083117217,True,True
scene0029_01,1502,339,2,6,39,0.10498972339660595,0.014044960095741046,9.498839434494268,0.07654516665110578,0.0025823946556935654,2.0669863095439274,True,True
scene0029_01,1506,340,2,6,40,0.10525577912717898,0.016909589771060284,9.47961853210734,0.07493934503239086,0.004241867899116619,2.1146300768208435,True,True
scene0029_01,1510,341,2,6,41,0.10479591414334005,0.019166299490335346,9.688339030419026,0.07364361021322718,0.0034917705589374384,2.0951556721829645,True,True
scene0029_01,1515,342,2,6,42,0.10307886597674326,0.021113285462430194,9.724998284081845,0.07266104498163506,0.0054368639418925935,2.2310683067295574,True,True
scene0029_01,1519,343,2,6,43,0.10256593519899326,0.022395434823605405,9.712352722741885,0.07296774883920387,0.007487361248407304,2.1423375085915612,True,True
scene0029_01,1524,344,2,6,44,0.10240934379339,0.027210057444245865,9.796340479241367,0.07120307237857326,0.005959064534315711,2.2639442946287245,True,True
scene0029_01,1528,345,2,6,45,0.10284652647373527,0.019932258399097857,9.914412896323148,0.07168533829247647,0.007555471505940717,2.2650729455610827,True,True
scene0029_01,1533,346,2,6,46,0.10212391088490846,0.0226125139968853,9.789897965567825,0.07048058756366116,0.003345043547117778,2.178241451213769,True,True
scene0029_01,1537,347,2,6,47,0.10200692316002424,0.02327409021693197,9.863515066064979,0.07014041348729305,0.006603734869801552,2.3036522037432463,True,True
scene0029_01,1541,348,2,6,48,0.10092502496599098,0.02122988831014094,9.83518153896127,0.06960932831999522,0.007731216103648148,2.327306399323013,True,True
scene0029_01,1546,349,2,6,49,0.1041664402429257,0.020602569126845646,10.043032748429276,0.07201198641714646,0.006582855920313314,2.114503908272732,True,True
scene0029_01,1550,350,2,6,49,0.2061582749884635,0.012252858177522575,7.282612877890364,0.1741802598271589,0.0032305739442310888,6.902202981683489,True,True
scene0029_01,1555,351,2,6,48,0.20202013797659812,0.01437900093429868,7.255824113922891,0.16862708506303892,0.006684522672957257,7.154924882051247,True,True
scene0029_01,1559,352,2,6,47,0.20291197440368564,0.010034823928541516,7.506773841232354,0.16881946337870413,0.003374104839671845,7.1208005087837005,True,True
scene0029_01,1564,353,2,6,46,0.20329943224987962,0.01159379650792483,7.379039562162214,0.16998236733929484,0.004439131085340637,7.224910729327093,True,True
scene0029_01,1568,354,2,6,45,0.204075817840226,0.009608378437759156,7.412284455017129,0.17193867313797506,0.0034682886388449916,7.07345508331256,True,True
scene0029_01,1572,355,2,6,44,0.20685275800322178,0.012205569494360437,7.599682622180832,0.17365383166746362,0.008137719615277244,6.600804241068759,True,True
scene0029_01,1577,356,2,6,43,0.2048151972446408,0.014249648168901261,7.501647613178651,0.17294797072098012,0.009235384887731894,6.703737118834227,True,True
scene0029_01,1581,357,2,6,42,0.2022344766563997,0.012021101424254981,7.70063406365617,0.17133229630916103,0.007361768953747903,6.678155792726349,True,True
scene0029_01,1586,358,2,6,41,0.19961998478469906,0.00809337470320691,7.709046839227511,0.17019947792331058,0.006049250726786951,6.796510915825095,True,True
scene0029_01,1590,359,2,6,40,0.1973483447218755,0.010069919144514109,7.775530166722005,0.1688807152811057,0.0054407388618483475,6.8794305039394175,True,True
scene0029_01,1595,360,2,6,39,0.19618841632234546,0.012314879877194668,7.758293686483873,0.16970777342550936,0.009085050102906368,6.70190476238097,True,True
scene0029_01,1599,361,2,6,38,0.1944601084696026,0.015035496228241711,7.890737185986575,0.16895225496222954,0.006952019252030005,6.72161222828318,True,True
scene0029_01,1603,362,2,6,37,0.19652410473811405,0.01245208887792074,7.86355006473329,0.16740605207461656,0.004500971297734283,6.8690622894457505,True,True
scene0029_01,1608,363,2,6,36,0.1984598898865506,0.010306489764504729,7.878332493737516,0.16890610801082506,0.0036408982547631043,6.8936855131482195,True,True
scene0029_01,1612,364,2,6,35,0.19820738937616855,0.007676997484783524,7.928460246640901,0.16667163014347564,0.0036503780686432947,7.048135947220128,True,True
scene0029_01,1617,365,2,6,34,0.19771317555225293,0.010752078697010174,7.924711107943152,0.16653038599330205,0.0026113197093800633,7.24972494345488,True,True
scene0029_01,1621,366,2,6,33,0.19634460864185221,0.0049351352385512675,8.106973813103838,0.16540618068558477,0.0033570404706989485,7.338886084228814,True,True
scene0029_01,1626,367,2,6,32,0.19729409715233648,0.01201980439470058,8.388695188849063,0.16519229883278452,0.006001501949326533,7.4435095751886795,True,True
scene0029_01,1630,368,2,6,31,0.19951085395487755,0.011227876046271816,8.402285850321208,0.1663520868000682,0.006467184746488334,7.423871197396906,True,True
scene0029_01,1634,369,2,6,30,0.19831486436805945,0.011157510403817357,8.280179641820103,0.16432803160676512,0.005706294261690533,7.446011687530138,True,True
scene0029_01,1639,370,2,6,29,0.19894729354934437,0.010017579576929307,8.329219801792831,0.16408288904046187,0.006880675782989348,7.461431215219164,True,True
scene0029_01,1643,371,2,6,28,0.195901475109598,0.011922247564444906,8.113580833968363,0.16246322341374908,0.01052480999209916,7.759743072340021,True,True
scene0029_01,1648,372,2,6,27,0.20061799688318638,0.011332303646228198,8.453645103192084,0.16266232329202945,0.009725017081396156,7.620212686093404,True,True
scene0029_01,1652,373,2,6,26,0.19686562320474332,0.010109565887273216,8.309871961749659,0.16139770636597017,0.009235269889825648,7.675654572172492,True,True
scene0029_01,1657,374,2,6,25,0.19861129103698383,0.00635796753398975,8.42675798450403,0.16064761568314878,0.007684033761845001,7.540462774152461,True,True
scene0029_01,1661,375,2,7,25,0.19593711600591984,0.021022201053537626,8.231874244935927,0.15889280817447504,0.000950097311190478,7.737331562273917,True,True
scene0029_01,1666,376,2,7,26,0.19616666008682038,0.025133618563410898,8.325064018716283,0.15887363173724112,0.0029582551090577905,7.69644570769685,True,True
scene0029_01,1670,377,2,7,27,0.19077163576003636,0.0174869652072235,8.293409317800762,0.1572413041346391,0.003815544312181468,7.507844176972857,True,True
scene0029_01,1674,378,2,7,28,0.18940529025635638,0.028402942962481824,8.19517813423621,0.1557992313547003,0.0034874482857075065,7.6944533365250285,True,True
scene0029_01,1679,379,2,7,29,0.18552898051237415,0.026706614075362452,8.188527590461394,0.15351489211855618,0.003631551563332725,7.751347831108899,True,True
scene0029_01,1683,380,2,7,30,0.1822275670891667,0.017496352301305272,8.16233974827414,0.1516720819083497,0.006073467233637626,7.521028761728953,True,True
scene0029_01,1688,381,2,7,31,0.18427787255581557,0.019253801199121203,8.205271571302381,0.15640483858622145,0.005343753137053682,7.41351891725313,True,True
scene0029_01,1692,382,2,7,32,0.18242526160565342,0.02013872612152423,8.457831006103508,0.15488320906038822,0.004882867970781261,7.397413744697148,True,True
scene0029_01,1697,383,2,7,33,0.1775834339581609,0.00997929910061962,8.152163712412538,0.15268896999331893,0.005824801200835906,7.475797438906269,True,True
scene0029_01,1701,384,2,7,34,0.1735499910908267,0.010632257249253497,8.021082734311953,0.1501463453139502,0.007737113650820167,7.390311681589462,True,True
scene0029_01,1705,385,2,7,35,0.17313813634440922,0.011373778988204995,7.957391719884567,0.14954455357975305,0.009819890199656279,7.416147150833256,True,True
scene0029_01,1710,386,2,7,36,0.17210428411739853,0.011204653224081026,7.943431124138958,0.14938830607035103,0.009289182776379929,7.311458224369381,True,True
scene0029_01,1714,387,2,7,37,0.17199914423724222,0.008147931114348781,8.000224138467765,0.14892517550797724,0.005434283044907385,7.3003120107901545,True,True
scene0029_01,1719,388,2,7,38,0.1724185066205895,0.014332319140664568,8.090503413069586,0.1482332797739604,0.002635966050636655,7.451777799892494,True,True
scene0029_01,1723,389,2,7,39,0.1727154120859895,0.01496441102133265,7.951397049141712,0.1491607920313759,0.003392523786930664,7.3224799081010525,True,True
scene0029_01,1728,390,2,7,40,0.17213214653792452,0.013073550874708517,7.971401973803175,0.14827554096533668,0.0030321090934933887,7.499513117672749,True,True
scene0029_01,1732,391,2,7,41,0.17413762430792612,0.010531455049273372,7.896372053665119,0.15027694033111172,0.0041666746954136065,7.4333422213763605,True,True
scene0029_01,1736,392,2,7,42,0.17676884917331182,0.008603327193335227,7.8329208408138555,0.15336461178536775,0.006447480171787686,7.433194425915726,True,True
scene0029_01,1741,393,2,7,43,0.17593191464833996,0.013141262225843671,7.800879791379129,0.15245202934488344,0.008350118703021646,7.355073830849666,True,True
scene0029_01,1745,394,2,7,44,0.17715780933169223,0.009459592419141346,7.906895478290066,0.15361677054957046,0.006453883613752528,7.226107975592616,True,True
scene0029_01,1750,395,2,7,45,0.18046455188955984,0.007119310195036461,7.971257854005371,0.1574487573443466,0.0025695218413673213,7.052486622801239,True,True
scene0029_01,1754,396,2,7,46,0.18338608752238733,0.00957088880842534,8.170786753276614,0.15851119874827713,0.0032536273059108134,7.03443806952864,True,True
scene0029_01,1759,397,2,7,47,0.1853868779954041,0.014516358715732074,8.14947891053663,0.1577453409910139,0.005798138541443308,7.130681498523687,True,True
scene0029_01,1763,398,2,7,48,0.18812114923187417,0.005512897274207504,8.141764383982746,0.15973811317924658,0.007623651269618973,7.221404779809751,True,True
scene0029_01,1767,399,2,7,49,0.19025136872254061,0.006458145906529407,8.110230584869015,0.16239447598419732,0.0030095777719744217,7.071941306103756,True,True
scene0029_01,1772,400,2,7,49,0.3006865913394775,0.0075995231597699026,2.6347735997416204,0.057899579096969855,0.003370607260575774,6.772188919911458,True,True
scene0029_01,1776,401,2,7,48,0.3021420794336047,0.011606954014328652,2.671708779777335,0.052460268414057376,0.006929660541208161,6.9844712645768565,True,True
scene0029_01,1781,402,2,7,47,0.30298499422858294,0.011839809140523435,2.7214975882887797,0.052346623909385936,0.006221645420765382,6.879600450909762,True,True
scene0029_01,1785,403,2,7,46,0.30314279492560914,0.0070829355917347205,2.773367991706107,0.050365225675552905,0.003918466099116871,6.90095102037016,True,True
scene0029_01,1790,404,2,7,45,0.3060582807158728,0.013845912005077267,2.716494085523736,0.050648821319748016,0.006956209945250911,6.807352735840605,True,True
scene0029_01,1794,405,2,7,44,0.3027739019010467,0.013483733511691586,2.777020079116432,0.050139589053140754,0.004172801434588993,6.838870016988307,True,True
scene0029_01,1798,406,2,7,43,0.3041788607801442,0.015196324669538113,2.822025075556441,0.052456375409511424,0.005995762009358566,6.7789334530649885,True,True
scene0029_01,1803,407,2,7,42,0.30009610811816556,0.009259233168118431,2.713746309751007,0.052932481490087224,0.003705624842226686,6.718575627023046,True,True
scene0029_01,1807,408,2,7,41,0.2984046901375192,0.01077955913680923,2.6938879777104985,0.05251834488977514,0.004418940048169127,6.644581524990645,True,True
scene0029_01,1812,409,2,7,40,0.29394078074408925,0.006848347174632568,2.636384064330153,0.050506872241923406,0.0024489482042962148,6.406756152293847,True,True
scene0029_01,1816,410,2,7,39,0.2888940082342524,0.003858539066756726,2.517966277799731,0.049980353119438936,0.0013795814654370584,6.297321026502957,True,True
scene0029_01,1821,411,2,7,38,0.28937937347746195,0.00970173214191343,2.706375801844513,0.049055056384993856,0.002309215647959739,6.250330838967794,True,True
scene0029_01,1825,412,2,7,37,0.2859633336599443,0.007433492109389969,2.5748371212693972,0.04837062212215548,0.0017143613122548214,6.1457510137848494,True,True
scene0029_01,1829,413,2,7,36,0.28568219353001295,0.004739054355653899,2.554497165574567,0.04727999618022127,0.0027997315843446874,6.047546434417047,True,True
scene0029_01,1834,414,2,7,35,0.2800795143822831,0.008821787664129135,2.4757796262663705,0.04616897609539594,0.005761270757299848,5.9075983186008285,True,True
scene0029_01,1838,415,2,7,34,0.27926973147116896,0.009716070136644894,2.427036569618898,0.04462901204366354,0.004125361706277705,5.720079188639894,True,True
scene0029_01,1843,416,2,7,33,0.2770924318117015,0.010003694539140033,2.4053475643309463,0.04429983424903794,0.005977128762881991,5.585816657067828,True,True
scene0029_01,1847,417,2,7,32,0.27760792199579476,0.009295920992954655,2.4485354951104363,0.04499825032604199,0.004788570162794902,5.593678523849144,True,True
scene0029_01,1852,418,2,7,31,0.273564851141569,0.007438075346273084,2.2123390439108714,0.042267389997800775,0.002535818788756354,5.289666605551139,True,True
scene0029_01,1856,419,2,7,30,0.2723203911296853,0.011241684180592385,2.2484095673958953,0.04236407558578381,0.0034611573170541827,5.384884543959247,True,True
scene0029_01,1860,420,2,7,29,0.26948706511371434,0.00944902601724322,2.2434097710620837,0.043009908348657255,0.002853007869432705,5.303896535800519,True,True
scene0029_01,1865,421,2,7,28,0.26598384691661076,0.009199046837828455,2.1622263264503028,0.04247093989394046,0.00468714673363827,5.149003751280579,True,True
scene0029_01,1869,422,2,7,27,0.2645786441679318,0.009509770059738507,2.1581917760586364,0.041500463773981866,0.0041341083374819496,5.0472490805422545,True,True
scene0029_01,1874,423,2,7,26,0.26196990693594463,0.01048848931907033,2.0613596457633783,0.04111014899387744,0.006734147372528233,5.0771439614663745,True,True
scene0029_01,1878,424,2,7,25,0.2578993149397533,0.011894329569889927,1.9236876781397205,0.04190459659307044,0.007286535341261939,4.9048545259497285,True,True
scene0029_01,1883,425,2,8,25,0.2568679649655956,0.010417124820565497,1.8687653737901242,0.03937581740221141,0.007727392375660031,4.808450530670551,True,True
scene0029_01,1887,426,2,8,26,0.25360169149809103,0.01635575824969683,1.6822218802746733,0.03870405409104205,0.0081100690378531,4.6362889419885915,True,True
scene0029_01,1891,427,2,8,27,0.2528770772477159,0.008018155494719325,1.892390636655663,0.040021756874766945,0.005043398259068613,4.882893651787955,True,True
scene0029_01,1896,428,2,8,28,0.2481253886646575,0.007344050365534472,1.9397555658252554,0.040536717598985805,0.0021579525206254766,4.881431781575214,True,True
scene0029_01,1900,429,2,8,29,0.24075176437257095,0.006979635531850978,1.8311062735054109,0.04261888497061994,0.006588313428554479,4.841547170625836,True,True
scene0029_01,1905,430,2,8,30,0.24313837422235157,0.007077074956979045,1.9307590283731262,0.04026758549152343,0.002652915535849743,4.804547778602994,True,True
scene0029_01,1909,431,2,8,31,0.24179392309350228,0.010072374603466966,1.8419113527547748,0.040230250618650376,0.00924995123670749,4.754239186825521,True,True
scene0029_01,1914,432,2,8,32,0.23754595592442618,0.0074087153316547754,1.8021444239855242,0.039546368306323854,0.00751647046631743,4.701407537952415,True,True
scene0029_01,1918,433,2,8,33,0.23707255839831387,0.00689066129964007,1.821644878238263,0.038458534358635,0.0064374721616256,4.657921011618193,True,True
scene0029_01,1922,434,2,8,34,0.23540515795083433,0.005138686964858048,1.7493078689830526,0.03832683316047736,0.004167311869552828,4.5230995363308475,True,True
scene0029_01,1927,435,2,8,35,0.23506923660244583,0.006577489944930856,1.873575944620292,0.03897124031140953,0.003581339578337649,4.6368737605464165,True,True
scene0029_01,1931,436,2,8,36,0.23287943539164196,0.008962530308783048,1.8015577576509272,0.037694858508301454,0.006723403745324972,4.295600273899908,True,True
scene0029_01,1936,437,2,8,37,0.23094865018567556,0.007775116380053593,1.7791424893033327,0.038181988642923326,0.007714520908894379,4.347706110912754,True,True
scene0029_01,1940,438,2,8,38,0.22973301759147063,0.016297617689749286,1.8602617024400394,0.03787626134331834,0.0017520914087889848,4.442699604094408,True,True
scene0029_01,1945,439,2,8,39,0.22670884156423815,0.010749277916502473,1.7811064511085513,0.037450165190326956,0.00429904895481146,4.440581459711218,True,True
scene0029_01,1949,440,2,8,40,0.22778418215471308,0.005323859495595119,1.7377021822340528,0.03977385545848555,0.0030160418313724268,4.570969176207571,True,True
scene0029_01,1954,441,2,8,41,0.227918738038556,0.005627492398909754,1.7267700691436065,0.03973711413918213,0.002964678441568656,4.4813475291419556,True,True
scene0029_01,1958,442,2,8,42,0.22704609664032527,0.017982792777346494,1.7928959927382542,0.039028059409511595,0.007245385373197744,4.689975947129789,True,True
scene0029_01,1962,443,2,8,43,0.2298391623183889,0.028969040809548298,1.889184884184485,0.03965429183781044,0.008329295352596331,4.87850613174363,True,True
scene0029_01,1967,444,2,8,44,0.22977868745882418,0.03319625914887184,1.886172430066734,0.039505587454600644,0.006724260710650112,4.774623919684663,True,True
scene0029_01,1971,445,2,8,45,0.23314501242513663,0.029606080323206607,1.8644136521510153,0.04191792800830807,0.008886736673227391,4.7955572553920955,True,True
scene0029_01,1976,446,2,8,46,0.23790439476429237,0.01694384068472024,1.8925859501934408,0.04368912090399846,0.010211197573516038,4.881179846596169,True,True
scene0029_01,1980,447,2,8,47,0.23893889520969447,0.014103753581542188,1.9139830863730845,0.043095646213469396,0.009691086956226018,4.835938494150381,True,True
scene0029_01,1985,448,2,8,48,0.239363126640659,0.006381866208159943,1.8135140860488743,0.04173588035221154,0.008175992785571767,4.683651975496305,True,True
scene0029_01,1989,449,2,8,49,0.24232431766547013,0.009780530381074955,1.7539151924111258,0.04400640762584285,0.009297311356805229,4.693359607287826,True,True
scene0029_01,1993,450,1,8,49,0.24857509567489977,0.018096690670927406,2.5993161791995973,,,,,
scene0029_01,1998,451,1,8,48,0.24829522711207108,0.012449108513568811,2.568662550696352,,,,,
scene0029_01,2002,452,1,8,47,0.2488385336468184,0.017027390056539412,2.607907472363907,,,,,
scene0029_01,2007,453,1,8,46,0.24655280234917654,0.01511825616333623,2.534362225779859,,,,,
scene0029_01,2011,454,1,8,45,0.24736918913673944,0.01652265427952555,2.7253827960834522,,,,,
scene0029_01,2016,455,1,8,44,0.24934723183750784,0.021248118545444384,2.563122756471482,,,,,
scene0029_01,2020,456,1,8,43,0.25025061486552524,0.014191987877627548,2.666228664079532,,,,,
scene0029_01,2024,457,1,8,42,0.24682942528615726,0.014942422210643696,2.7045873549665216,,,,,
scene0029_01,2029,458,1,8,41,0.24566355981016386,0.015211939034223538,2.744501006228801,,,,,
scene0029_01,2033,459,1,8,40,0.2430302019745756,0.011455023657433297,2.7766537938868208,,,,,
scene0029_01,2038,460,1,8,39,0.24169895041364442,0.012905711081850733,2.5308967661038824,,,,,
scene0029_01,2042,461,1,8,38,0.24439090198747526,0.00929597053673164,2.220221441306975,,,,,
scene0029_01,2047,462,1,8,37,0.24221419753181528,0.008116357572970821,2.313652695104847,,,,,
scene0029_01,2051,463,1,8,36,0.2395853079616832,0.013334706552345824,2.3111985842653056,,,,,
scene0029_01,2055,464,1,8,35,0.23228547194150795,0.00965507222638955,2.0897271280248604,,,,,
scene0029_01,2060,465,1,8,34,0.23475544980262542,0.022574881135281773,2.2574565722042617,,,,,
scene0029_01,2064,466,1,8,33,0.23423191941325494,0.007113301627112271,2.187217392842029,,,,,
scene0029_01,2069,467,1,8,32,0.23466182440703443,0.009928757412144195,2.2377988132446465,,,,,
scene0029_01,2073,468,1,8,31,0.2358505880011471,0.006135288838530877,2.1953575000873613,,,,,
scene0029_01,2078,469,1,8,30,0.23602577716056095,0.014698332468252646,2.262122777806017,,,,,
scene0029_01,2082,470,1,8,29,0.23688029945560674,0.007321903505244309,2.3749809949544396,,,,,
scene0029_01,2086,471,1,8,28,0.23911161365196032,0.01016771809042007,2.381710924895431,,,,,
scene0029_01,2091,472,1,8,27,0.23907455035001557,0.009234264045637286,2.457891107049945,,,,,
scene0029_01,2095,473,1,8,26,0.2391689433099622,0.009490915978227692,2.4844980827263456,,,,,
scene0029_01,2100,474,1,8,25,0.23951679494607236,0.006785244949293292,2.432462541246092,,,,,
scene0029_01,2104,475,1,8,24,0.2393925067002407,0.007357105525401053,2.2897531893976555,,,,,
scene0029_01,2109,476,1,8,23,0.2452954666806455,0.005012830240553924,2.369292188125364,,,,,
scene0029_01,2113,477,1,8,22,0.24733455055291076,0.004982672492655705,2.4470004817911035,,,,,
scene0029_01,2117,478,1,8,21,0.24345998136965408,0.006639614107984637,2.579143240242443,,,,,
scene0029_01,2122,479,1,8,20,0.24538856005297704,0.005572325031444231,2.466271497908574,,,,,
scene0029_01,2126,480,1,8,19,0.2459344331251092,0.01266572312590923,2.394750407712485,,,,,
scene0029_01,2131,481,1,8,18,0.24702147024711052,0.008508858674468309,2.5060762019039315,,,,,
scene0029_01,2135,482,1,8,17,0.25093190433748136,0.010268449116905862,2.3045314161618813,,,,,
scene0029_01,2140,483,1,8,16,0.2543634333090625,0.009501963578479392,2.4581440335531135,,,,,
scene0029_01,2144,484,1,8,15,0.25521656400605774,0.00801435117110268,2.3551364491891693,,,,,
scene0029_01,2148,485,1,8,14,0.25439128913816067,0.005741757909944672,2.353651643952048,,,,,
scene0029_01,2153,486,1,8,13,0.24981196829469987,0.0050692658618439225,2.4895677147033073,,,,,
scene0029_01,2157,487,1,8,12,0.24852455426161146,0.0065094188473294465,2.4083357206730525,,,,,
scene0029_01,2162,488,1,8,11,0.25221329578036855,0.009266016829376156,2.2679933022285965,,,,,
scene0029_01,2166,489,1,8,10,0.2491117727094786,0.008283005201037396,2.228830299466664,,,,,
scene0029_01,2171,490,1,8,9,0.2533416591867337,0.00609891898647731,2.1697515348737553,,,,,
scene0029_01,2175,491,1,8,8,0.2563073154807046,0.006100194783807297,2.181259553418821,,,,,
scene0029_01,2179,492,1,8,7,0.2554726499258877,0.005524710068145544,2.2632984936336156,,,,,
scene0029_01,2184,493,1,8,6,0.2608107278213808,0.006093457993036986,1.926036269559818,,,,,
scene0029_01,2188,494,1,8,5,0.26384120592726856,0.0039606108831304904,1.851924122288467,,,,,
scene0029_01,2193,495,1,8,4,0.26411411584113687,0.005014947305424931,1.9052686549710678,,,,,
scene0029_01,2197,496,1,8,3,0.26807803679556774,0.017888395825080956,1.889379633602652,,,,,
scene0029_01,2202,497,1,8,2,0.2715647276452072,0.02221583637809258,1.9261838547020074,,,,,
scene0029_01,2206,498,1,8,1,0.27135927043879904,0.021304740912741118,1.828992138315531,,,,,
scene0029_01,2211,499,1,8,0,0.27195402614187225,0.015846816491943628,1.8982223908958777,,,,,
