scene,frame_count_actual,iteration,delta_norm_mean,delta_norm_p95,delta_norm_max,pose_ate_rmse_aligned,pose_ate_mean_aligned,pose_ate_max_aligned,pose_are_mean_deg_aligned,pose_are_max_deg_aligned,pose_rpe_rot_mean_deg,pose_rpe_trans_mean_aligned,pose_sim3_scale,frame_count_requested,inference_time_ms,peak_cuda_memory_mb
scene0013_02,200,1,1.9501057863235474,2.2202370166778564,2.274111270904541,0.04394528435328538,0.040008111239887525,0.0924593856371739,1.6649462409943907,3.7395145637357063,0.36918965056704234,0.015260508099270598,2.438176681483251,200,44066.9772378169,23959.8974609375
scene0013_02,200,2,0.004815355874598026,0.011436904780566692,0.012345284223556519,0.043486709058914885,0.04026053856187736,0.0791043523032513,1.6974120181523642,3.729058690341909,0.3688665622562689,0.015019942659043923,2.445636512825156,200,44066.9772378169,23959.8974609375
scene0013_02,200,4,0.0003923786571249366,0.0008319873595610261,0.0009184214286506176,0.043676945976224346,0.04054123327959335,0.07890468769762486,1.71065118551899,3.711998169867396,0.36910177312835224,0.015015926882748627,2.4473084236420855,200,44066.9772378169,23959.8974609375
scene0013_02,200,8,0.0001829010434448719,0.0004160887037869543,0.0004881861386820674,0.04379709386918371,0.040717415911402134,0.07938867146689578,1.7218517035258571,3.6931599707109553,0.36957724469562897,0.01504032115778914,2.448400662823279,200,44066.9772378169,23959.8974609375
scene0013_02,200,16,7.830487447790802e-05,0.00020455314370337874,0.00024181106709875166,0.04402342961681365,0.04098269740878334,0.08067969021765693,1.7334818257897175,3.675309723329561,0.3702986667237169,0.015092230774542217,2.449186566987722,200,44066.9772378169,23959.8974609375
