scene,frame_count_actual,iteration,delta_norm_mean,delta_norm_p95,delta_norm_max,pose_ate_rmse_aligned,pose_ate_mean_aligned,pose_ate_max_aligned,pose_are_mean_deg_aligned,pose_are_max_deg_aligned,pose_rpe_rot_mean_deg,pose_rpe_trans_mean_aligned,pose_sim3_scale,frame_count_requested,inference_time_ms,peak_cuda_memory_mb
scene0109_00,50,1,1.8554506301879883,2.0827789306640625,2.1498169898986816,0.04747482499519402,0.04214376245510697,0.10935185156054776,2.7427521631231695,5.71240820773424,1.150285236590145,0.03802046239837836,1.9558368995039426,50,3950.0307799316943,10500.89208984375
scene0109_00,50,2,0.004342482890933752,0.011148177087306976,0.01245658379048109,0.04607136434718622,0.04052919313724709,0.10639261969454318,2.5966126774279292,5.49024017134625,1.0981019749489402,0.03862805645365621,1.9660005550916222,50,3950.0307799316943,10500.89208984375
scene0109_00,50,4,0.00033128331415355206,0.0006761603290215135,0.0008220114395953715,0.046334452303349455,0.04071279659471238,0.10683999963611483,2.5635065206538856,5.443247918628426,1.0919432788581875,0.03886612544680965,1.9670711855310485,50,3950.0307799316943,10500.89208984375
scene0109_00,50,8,0.0001889604318421334,0.0003709952288772911,0.000518153770826757,0.046813883564326364,0.041101635235494545,0.10760838618235889,2.5236062460398716,5.38343321160429,1.0843490743542512,0.039263386517134784,1.9682647823136377,50,3950.0307799316943,10500.89208984375
scene0109_00,50,16,9.247757407138124e-05,0.00017624534666538239,0.0002765436365734786,0.04751190857282175,0.041720742977514984,0.10878673222575579,2.4862917809304137,5.320851528948288,1.0770975897140158,0.03977446918713673,1.969178971461617,50,3950.0307799316943,10500.89208984375
