{
  "scene": "scene0000_00",
  "frame_count_requested": 200.0,
  "frame_count_actual": 200.0,
  "inference_time_ms": 50192.976236343384,
  "image_height": 518.0,
  "image_width": 518.0,
  "pose_ate_rmse_aligned": 0.026391053401216457,
  "pose_ate_mean_aligned": 0.023554769699908246,
  "pose_ate_max_aligned": 0.06481960176192143,
  "pose_are_mean_deg_aligned": 7.835841067161115,
  "pose_are_max_deg_aligned": 9.260678519413197,
  "pose_rpe_rot_mean_deg": 0.1910333267710628,
  "pose_rpe_trans_mean_aligned": 0.004339426720459533,
  "pose_sim3_scale": 2.136392576596731,
  "depth_absrel_raw": 0.5076345226168633,
  "depth_rmse_raw": 1.041561026275158,
  "depth_absrel_aligned": 0.014706057971343398,
  "depth_rmse_aligned": 0.048841298008337614,
  "depth_delta1_aligned": 0.9984708531769013,
  "depth_median_scale": 2.030633313655853,
  "depth_valid_frames": 200.0,
  "pcd_pred_depth_pred_pose_points": 200000.0,
  "pcd_pred_depth_pred_pose_chamfer_raw": 0.9999999828350836,
  "pcd_pred_depth_pred_pose_chamfer_aligned": 0.8357765822682772,
  "pcd_pred_depth_pred_pose_bbox_scale": 5.112009314375724,
  "pcd_native_world_points_points": 200000.0,
  "pcd_native_world_points_chamfer_raw": 1.0,
  "pcd_native_world_points_chamfer_aligned": 0.8490354408503578,
  "pcd_native_world_points_bbox_scale": 5.074597220413422,
  "pcd_gt_depth_gt_pose_points": 200000.0,
  "pcd_gt_depth_gt_pose_chamfer_raw": 0.47529839873206314,
  "pcd_gt_depth_gt_pose_chamfer_aligned": 0.8273486579834544,
  "pcd_gt_depth_gt_pose_bbox_scale": 2.518130302429199,
  "pcd_pred_depth_gt_pose_points": 200000.0,
  "pcd_pred_depth_gt_pose_chamfer_raw": 0.999986207932125,
  "pcd_pred_depth_gt_pose_chamfer_aligned": 0.7922247617686399,
  "pcd_pred_depth_gt_pose_bbox_scale": 4.4999613761901855,
  "pcd_gt_depth_pred_pose_points": 200000.0,
  "pcd_gt_depth_pred_pose_chamfer_raw": 0.5116748113621784,
  "pcd_gt_depth_pred_pose_chamfer_aligned": 0.7954760849164604,
  "pcd_gt_depth_pred_pose_bbox_scale": 2.631648392366947
}