scene,frame_count_actual,iteration,delta_norm_mean,delta_norm_p95,delta_norm_max,pose_ate_rmse_aligned,pose_ate_mean_aligned,pose_ate_max_aligned,pose_are_mean_deg_aligned,pose_are_max_deg_aligned,pose_rpe_rot_mean_deg,pose_rpe_trans_mean_aligned,pose_sim3_scale,frame_count_requested,inference_time_ms,peak_cuda_memory_mb
scene0109_00,200,1,1.848006248474121,2.0787065029144287,2.144549608230591,0.05120903416813831,0.0451683706487923,0.13614836168362549,3.014510726990596,6.359753317593252,0.5724555327338787,0.02125714166842811,1.9900745190201008,200,43937.13477393612,23959.8974609375
scene0109_00,200,2,0.004868987947702408,0.012390080839395523,0.021192766726017,0.050088635489402046,0.04373878312778066,0.11885801833129048,2.796557449287957,5.980653681708777,0.5546185691087303,0.021066905441069955,2.0025096701053293,200,43937.13477393612,23959.8974609375
scene0109_00,200,4,0.00037639838410541415,0.0007482133223675191,0.0016494618030264974,0.05025837427600678,0.043872124033464494,0.11637477686907492,2.734212749010932,5.894885173405653,0.5534104456854256,0.0210948203114442,2.0039340375669816,200,43937.13477393612,23959.8974609375
scene0109_00,200,8,0.00020474776101764292,0.00040249674930237234,0.0009520257008261979,0.050634650116932314,0.04423801144573135,0.1133873419710764,2.6581697943494875,5.788173634075689,0.5521943598787292,0.02114397546148029,2.0055422257944504,200,43937.13477393612,23959.8974609375
scene0109_00,200,16,9.495406993664801e-05,0.00018785793508868665,0.00042284830124117434,0.051259102515031935,0.044885017807724914,0.11206237360404663,2.583416882302996,5.677283339287335,0.5512981288051648,0.021208285994218066,2.0068733481529977,200,43937.13477393612,23959.8974609375
