scene,frame_count_actual,iteration,delta_norm_mean,delta_norm_p95,delta_norm_max,pose_ate_rmse_aligned,pose_ate_mean_aligned,pose_ate_max_aligned,pose_are_mean_deg_aligned,pose_are_max_deg_aligned,pose_rpe_rot_mean_deg,pose_rpe_trans_mean_aligned,pose_sim3_scale,frame_count_requested,inference_time_ms,peak_cuda_memory_mb
scene0084_01,500,1,1.8762621879577637,2.298086643218994,2.360205888748169,0.05959626917418905,0.05515265289491714,0.1259147036056212,1.427433560388111,3.4580234768330387,0.42381064850033806,0.020408204614701445,2.0834025333332793,500,259718.56003301218,50877.36328125
scene0084_01,500,2,0.004515971057116985,0.008754059672355652,0.011793059296905994,0.06078198233969407,0.0561349880628956,0.12839341116247685,1.5916691491489923,3.537547581128492,0.42191500550814315,0.02042859998191902,2.086385251632674,500,259718.56003301218,50877.36328125
scene0084_01,500,4,0.0002832190948538482,0.0006624209345318377,0.0009959667222574353,0.06096621533001452,0.056285736374235146,0.12869663924356983,1.6376104654698111,3.5727649716864156,0.42179655156566936,0.020429974480938605,2.086913805652467,500,259718.56003301218,50877.36328125
scene0084_01,500,8,0.0001240246056113392,0.00033051084028556943,0.0004830159596167505,0.06116654605392109,0.05646442668836668,0.12882228815133187,1.6749302619423172,3.598831954217734,0.4219118357853693,0.020437535522250326,2.0872761672829143,500,259718.56003301218,50877.36328125
scene0084_01,500,16,5.609603249467909e-05,0.00017206020129378885,0.00026548010646365583,0.06144584451233355,0.056727680807511206,0.12889422238405923,1.7143677130793205,3.627943157563411,0.42208101773069834,0.02045384296254768,2.0875519091429213,500,259718.56003301218,50877.36328125
