scene,frame_count_actual,iteration,delta_norm_mean,delta_norm_p95,delta_norm_max,pose_ate_rmse_aligned,pose_ate_mean_aligned,pose_ate_max_aligned,pose_are_mean_deg_aligned,pose_are_max_deg_aligned,pose_rpe_rot_mean_deg,pose_rpe_trans_mean_aligned,pose_sim3_scale,frame_count_requested,inference_time_ms,peak_cuda_memory_mb
scene0000_00,25,4,0.0004869433760177344,0.0016076136380434036,0.002278902567923069,1.1791560010416096,0.6580697298880673,5.297826595024402,8.23482999515089,107.56985915325504,11.068837775856968,0.6942892872892973,2.720094559067518,25,1652.6100439950824,8256.69287109375
