scene,frame_count_actual,iteration,delta_norm_mean,delta_norm_p95,delta_norm_max,pose_ate_rmse_aligned,pose_ate_mean_aligned,pose_ate_max_aligned,pose_are_mean_deg_aligned,pose_are_max_deg_aligned,pose_rpe_rot_mean_deg,pose_rpe_trans_mean_aligned,pose_sim3_scale,frame_count_requested,inference_time_ms,peak_cuda_memory_mb
scene0056_00,50,1,1.9747897386550903,2.3292179107666016,2.3623404502868652,0.16754660187707188,0.14412456454627492,0.37693314482346885,3.1265171170103083,6.72882829915564,1.8805544135344994,0.08681150853662761,3.353384186431346,50,3951.6214933246374,10500.89208984375
scene0056_00,50,2,0.0032603763975203037,0.004760872106999159,0.013724440708756447,0.17208592533884182,0.1495466074763302,0.3812161113689844,3.133748531855831,6.896473171548499,1.8675435851517819,0.09014608275364797,3.3553462606447906,50,3951.6214933246374,10500.89208984375
scene0056_00,50,4,0.0002692783309612423,0.000570759002584964,0.0006263104733079672,0.1727753134801735,0.15042594117755448,0.38194983828816653,3.135675592592635,6.916971892140464,1.8658445840048636,0.09070676806488508,3.3556830445567893,50,3951.6214933246374,10500.89208984375
scene0056_00,50,8,0.00014617784472648054,0.00030643027275800705,0.0003763868589885533,0.17373818683477912,0.1515837317759869,0.3831031563019292,3.1403273550231314,6.945411976646711,1.8651146201077882,0.09148896251448375,3.3558966204561127,50,3951.6214933246374,10500.89208984375
scene0056_00,50,16,6.909966032253578e-05,0.0001315139525104314,0.00018884465680457652,0.17495865261844346,0.15293475317400226,0.3849040025912004,3.148576266234365,6.9738188500339815,1.8663775929683564,0.09242663060560431,3.35570930145056,50,3951.6214933246374,10500.89208984375
