scene,frame_count_actual,iteration,delta_norm_mean,delta_norm_p95,delta_norm_max,pose_ate_rmse_aligned,pose_ate_mean_aligned,pose_ate_max_aligned,pose_are_mean_deg_aligned,pose_are_max_deg_aligned,pose_rpe_rot_mean_deg,pose_rpe_trans_mean_aligned,pose_sim3_scale,frame_count_requested,inference_time_ms,peak_cuda_memory_mb
scene0013_02,100,1,1.9512959718704224,2.225741147994995,2.2694754600524902,0.04416801784131981,0.040219801461544205,0.09610136382517225,1.6283746708620461,3.2970729973433794,0.4988190096223585,0.019051147998766553,2.4269470260247594,100,12661.11088404432,14986.95654296875
scene0013_02,100,2,0.004942126106470823,0.011895138770341873,0.01261227298527956,0.04309280722234726,0.03990979540515792,0.08099316623784547,1.6596772937352464,3.3341041419302617,0.49963838236763997,0.018808274885812097,2.4343603259975857,100,12661.11088404432,14986.95654296875
scene0013_02,100,4,0.0004298014100641012,0.0009355995571240783,0.0009780052350834012,0.043120238475970886,0.04002642846822296,0.08073721336435774,1.6702955674713207,3.3476881479303806,0.49923356925924417,0.018790258559635887,2.4358101346267493,100,12661.11088404432,14986.95654296875
scene0013_02,100,8,0.00019313428492750973,0.0004406825464684516,0.0005256213480606675,0.043154250141003325,0.04013849244629508,0.08040131617761005,1.6820733438331297,3.367049187334217,0.4991239416232729,0.018808263415111087,2.4369414222417465,100,12661.11088404432,14986.95654296875
scene0013_02,100,16,8.113485091598704e-05,0.00021220164489932358,0.00022997174528427422,0.04330510862288928,0.04034620690544198,0.08015157714597373,1.6944869603343804,3.3893109899748994,0.4992243353289906,0.018844761811374885,2.437727873877881,100,12661.11088404432,14986.95654296875
