scene,frame_count_actual,iteration,delta_norm_mean,delta_norm_p95,delta_norm_max,pose_ate_rmse_aligned,pose_ate_mean_aligned,pose_ate_max_aligned,pose_are_mean_deg_aligned,pose_are_max_deg_aligned,pose_rpe_rot_mean_deg,pose_rpe_trans_mean_aligned,pose_sim3_scale,frame_count_requested,inference_time_ms,peak_cuda_memory_mb
scene0691_00,50,1,1.9393298625946045,2.019648790359497,2.028620481491089,0.07044020648460939,0.06137888618596883,0.17141973342510947,3.5284968790204334,6.401901727231419,1.4074946092087666,0.04537477428929873,3.1336556489424776,50,3950.468282215297,10500.89208984375
scene0691_00,50,2,0.003415012266486883,0.0062348684296011925,0.00785584095865488,0.07171635412861677,0.0625438959516254,0.16625352812006622,3.5297674479435948,6.327023011809885,1.409038873365875,0.045192338264567866,3.1386943348719343,50,3950.468282215297,10500.89208984375
scene0691_00,50,4,0.00023480351956095546,0.0004603167180903256,0.000544821668881923,0.07185836473787764,0.06281221687836874,0.16551147440680453,3.5318263355296478,6.315377374728897,1.4112334328233413,0.04529139288808517,3.1390714659753653,50,3950.468282215297,10500.89208984375
scene0691_00,50,8,0.00012059471919201314,0.00019473458814900368,0.00030165468342602253,0.07204071950836552,0.06317708161159702,0.1645431111999912,3.534098418489277,6.297398592296287,1.4145536113536008,0.04545136040605068,3.139509633394713,50,3950.468282215297,10500.89208984375
scene0691_00,50,16,4.937467019772157e-05,9.853766823653132e-05,0.0001229376211995259,0.0722081281008135,0.06356598942321634,0.16339393290435267,3.535810351384652,6.29460745966765,1.4181091524820884,0.045656390020214405,3.139915007854356,50,3950.468282215297,10500.89208984375
