{
  "scene": "scene0042_02",
  "frame_count_requested": 200.0,
  "frame_count_actual": 200.0,
  "inference_time_ms": 50029.67548370361,
  "image_height": 518.0,
  "image_width": 518.0,
  "pose_ate_rmse_aligned": 0.013092032021455568,
  "pose_ate_mean_aligned": 0.011953372689147874,
  "pose_ate_max_aligned": 0.028482025432833097,
  "pose_are_mean_deg_aligned": 4.938177289865766,
  "pose_are_max_deg_aligned": 5.441855398690164,
  "pose_rpe_rot_mean_deg": 0.12245891785567802,
  "pose_rpe_trans_mean_aligned": 0.0020280141310510726,
  "pose_sim3_scale": 1.7107733576472048,
  "depth_absrel_raw": 0.4275894045829773,
  "depth_rmse_raw": 0.763735648393631,
  "depth_absrel_aligned": 0.018377127880230545,
  "depth_rmse_aligned": 0.09762493507936597,
  "depth_delta1_aligned": 0.9879736600075358,
  "depth_median_scale": 1.747383587360382,
  "depth_valid_frames": 200.0,
  "pcd_pred_depth_pred_pose_points": 200000.0,
  "pcd_pred_depth_pred_pose_chamfer_raw": 0.7325257747429752,
  "pcd_pred_depth_pred_pose_chamfer_aligned": 0.4962525975128894,
  "pcd_pred_depth_pred_pose_bbox_scale": 2.559927680065935,
  "pcd_native_world_points_points": 200000.0,
  "pcd_native_world_points_chamfer_raw": 0.7290503421461798,
  "pcd_native_world_points_chamfer_aligned": 0.5112211397511179,
  "pcd_native_world_points_bbox_scale": 2.5252860051944697,
  "pcd_gt_depth_gt_pose_points": 200000.0,
  "pcd_gt_depth_gt_pose_chamfer_raw": 0.2649528232193058,
  "pcd_gt_depth_gt_pose_chamfer_aligned": 0.7981882663375582,
  "pcd_gt_depth_gt_pose_bbox_scale": 1.031762957572937,
  "pcd_pred_depth_gt_pose_points": 200000.0,
  "pcd_pred_depth_gt_pose_chamfer_raw": 0.7742730107863104,
  "pcd_pred_depth_gt_pose_chamfer_aligned": 0.483789496080007,
  "pcd_pred_depth_gt_pose_bbox_scale": 2.3100972175598145,
  "pcd_gt_depth_pred_pose_points": 200000.0,
  "pcd_gt_depth_pred_pose_chamfer_raw": 0.3464786847728531,
  "pcd_gt_depth_pred_pose_chamfer_aligned": 0.7863815221630077,
  "pcd_gt_depth_pred_pose_bbox_scale": 1.0734355174968913
}