scene,frame_count_actual,iteration,delta_norm_mean,delta_norm_p95,delta_norm_max,pose_ate_rmse_aligned,pose_ate_mean_aligned,pose_ate_max_aligned,pose_are_mean_deg_aligned,pose_are_max_deg_aligned,pose_rpe_rot_mean_deg,pose_rpe_trans_mean_aligned,pose_sim3_scale,frame_count_requested,inference_time_ms,peak_cuda_memory_mb
scene0042_02,100,1,1.739883303642273,1.8035005331039429,1.8173877000808716,0.04874863621478082,0.045135419567327,0.09383295261433006,4.043389678338299,7.020043244712713,0.6331346873976266,0.019850544851756573,1.6408509205447694,100,12607.14035993442,14986.95654296875
scene0042_02,100,2,0.0025962754152715206,0.0052980342879891396,0.006073157303035259,0.047209865556472594,0.04368865761600166,0.09023814653369329,4.041680514550721,7.161383313398643,0.6342529648416597,0.019578065286337102,1.6495951180339872,100,12607.14035993442,14986.95654296875
scene0042_02,100,4,0.00019427912775427103,0.000365831539966166,0.0005317721515893936,0.047182294636184736,0.04365134664618761,0.09015704596743214,4.041041505127435,7.170664802068171,0.6341950256704214,0.019553962697363026,1.649961368345063,100,12607.14035993442,14986.95654296875
scene0042_02,100,8,0.00010381626634625718,0.00023373146541416645,0.0003313952183816582,0.0471811705622859,0.043633020730627976,0.09014091482017214,4.040752400549319,7.187566417340783,0.6344189653651455,0.019535792779806688,1.650217835447509,100,12607.14035993442,14986.95654296875
scene0042_02,100,16,5.003389378543943e-05,0.00013629325258079916,0.00018051770166493952,0.047210796691859305,0.04364316380525032,0.09022923888702077,4.0421781122323575,7.21341037388195,0.6349169112776035,0.019526014887043433,1.6502591775709863,100,12607.14035993442,14986.95654296875
