scene,frame_count_actual,iteration,delta_norm_mean,delta_norm_p95,delta_norm_max,pose_ate_rmse_aligned,pose_ate_mean_aligned,pose_ate_max_aligned,pose_are_mean_deg_aligned,pose_are_max_deg_aligned,pose_rpe_rot_mean_deg,pose_rpe_trans_mean_aligned,pose_sim3_scale,frame_count_requested,inference_time_ms,peak_cuda_memory_mb
scene0029_01,100,1,1.7550216913223267,1.7972071170806885,1.8163259029388428,0.03532462107654487,0.029808384635144774,0.08966514359740933,4.371905591698565,5.548172713853453,0.7927980219948345,0.018226085895068595,0.9589760331159372,100,12646.115545649081,14986.95654296875
scene0029_01,100,2,0.00525171821936965,0.011532481759786606,0.012786061502993107,0.03466625565378239,0.029243713016103935,0.08710407558492077,4.575286645232811,5.729575351087179,0.7762235726829069,0.018140924357671492,0.9662339981210261,100,12646.115545649081,14986.95654296875
scene0029_01,100,4,0.000292338925646618,0.0005377578781917691,0.0006359452963806689,0.034594850293279945,0.02915131411744871,0.08692620312006856,4.582419771051529,5.7348474112255206,0.773930799541592,0.018167756740872596,0.9671397408014369,100,12646.115545649081,14986.95654296875
scene0029_01,100,8,0.0001465492241550237,0.0002728852559812367,0.0003305376449134201,0.03451695147345997,0.02905636075751007,0.08679620499996236,4.581234177801041,5.728920419762536,0.7726993199473766,0.018192874367764632,0.967878516557704,100,12646.115545649081,14986.95654296875
scene0029_01,100,16,6.473084795288742e-05,0.00012049984798068181,0.00014981655112933367,0.034464696824324306,0.02898551799151666,0.08675578313562622,4.580504839790193,5.7436360098780135,0.772618596567999,0.018221510686823244,0.9684299996707205,100,12646.115545649081,14986.95654296875
