scene,frame_count_actual,iteration,delta_norm_mean,delta_norm_p95,delta_norm_max,pose_ate_rmse_aligned,pose_ate_mean_aligned,pose_ate_max_aligned,pose_are_mean_deg_aligned,pose_are_max_deg_aligned,pose_rpe_rot_mean_deg,pose_rpe_trans_mean_aligned,pose_sim3_scale,frame_count_requested,inference_time_ms,peak_cuda_memory_mb
scene0042_02,500,1,1.7352707386016846,1.8012819290161133,1.8229347467422485,0.04993287728851739,0.04569171499445573,0.0972206312817008,4.181138084673154,7.848599872732212,0.33371526784225386,0.010687800727802534,1.6228288602009517,500,259675.4231234081,50877.36328125
scene0042_02,500,2,0.002989528700709343,0.00525365537032485,0.008005705662071705,0.04822789576367729,0.044047966573097876,0.0947454030704952,4.086659848024549,7.982786598676617,0.33382578168347987,0.01060860202392605,1.6307161020296608,500,259675.4231234081,50877.36328125
scene0042_02,500,4,0.0002243000199086964,0.000401191005948931,0.0005929471808485687,0.04814426974251133,0.043959245071741364,0.0955530089261931,4.069162933098555,7.985500519614384,0.3338633799267765,0.010600535327863939,1.631303283282457,500,259675.4231234081,50877.36328125
scene0042_02,500,8,0.00010988270514644682,0.0002009816380450502,0.0003587542159948498,0.0480768013027195,0.04387926082477728,0.09679913693772235,4.050611532861204,8.000741623902435,0.3340411051756896,0.010595337122694268,1.6318044562114775,500,259675.4231234081,50877.36328125
scene0042_02,500,16,4.8415698984172195e-05,0.00012346608855295926,0.00018353511404711753,0.04807324098918847,0.04385419481770475,0.09832903972770464,4.038865313106394,8.031479005364066,0.33436425230440975,0.010595197510749603,1.6320044415275836,500,259675.4231234081,50877.36328125
