{
  "scene": "scene0056_00",
  "frame_count_requested": 500.0,
  "frame_count_actual": 500.0,
  "inference_time_ms": 296055.8874607086,
  "image_height": 518.0,
  "image_width": 518.0,
  "pose_ate_rmse_aligned": 0.12175376079867782,
  "pose_ate_mean_aligned": 0.11316219158426764,
  "pose_ate_max_aligned": 0.2697311704878153,
  "pose_are_mean_deg_aligned": 14.831451014784179,
  "pose_are_max_deg_aligned": 21.59380730967424,
  "pose_rpe_rot_mean_deg": 0.3511573500267134,
  "pose_rpe_trans_mean_aligned": 0.011249131588625061,
  "pose_sim3_scale": 2.661729228956358,
  "depth_absrel_raw": 0.6613753454685212,
  "depth_rmse_raw": 1.9919408993721008,
  "depth_absrel_aligned": 0.04122762683406472,
  "depth_rmse_aligned": 0.25356997203826903,
  "depth_delta1_aligned": 0.9720191704074631,
  "depth_median_scale": 2.937599355697632,
  "depth_valid_frames": 500.0,
  "pcd_pred_depth_pred_pose_points": 200000.0,
  "pcd_pred_depth_pred_pose_chamfer_raw": 0.9999266135008528,
  "pcd_pred_depth_pred_pose_chamfer_aligned": 0.3653194818596442,
  "pcd_pred_depth_pred_pose_bbox_scale": 3.068769875123664,
  "pcd_native_world_points_points": 200000.0,
  "pcd_native_world_points_chamfer_raw": 0.999982698621372,
  "pcd_native_world_points_chamfer_aligned": 0.37142225812538676,
  "pcd_native_world_points_bbox_scale": 3.154495074397728,
  "pcd_gt_depth_gt_pose_points": 200000.0,
  "pcd_gt_depth_gt_pose_chamfer_raw": 0.20051681527913678,
  "pcd_gt_depth_gt_pose_chamfer_aligned": 0.5142123815091453,
  "pcd_gt_depth_gt_pose_bbox_scale": 0.8466085195541382,
  "pcd_pred_depth_gt_pose_points": 200000.0,
  "pcd_pred_depth_gt_pose_chamfer_raw": 0.9953227325429411,
  "pcd_pred_depth_gt_pose_chamfer_aligned": 0.4980284581222828,
  "pcd_pred_depth_gt_pose_bbox_scale": 2.620574712753296,
  "pcd_gt_depth_pred_pose_points": 200000.0,
  "pcd_gt_depth_pred_pose_chamfer_raw": 0.5170166769756265,
  "pcd_gt_depth_pred_pose_chamfer_aligned": 0.5654261724419439,
  "pcd_gt_depth_pred_pose_bbox_scale": 0.8171448234951652
}