scene,frame_count_actual,iteration,delta_norm_mean,delta_norm_p95,delta_norm_max,pose_ate_rmse_aligned,pose_ate_mean_aligned,pose_ate_max_aligned,pose_are_mean_deg_aligned,pose_are_max_deg_aligned,pose_rpe_rot_mean_deg,pose_rpe_trans_mean_aligned,pose_sim3_scale,frame_count_requested,inference_time_ms,peak_cuda_memory_mb
scene0000_00,100,4,0.00044155202340334654,0.001489134505391121,0.0029477165080606937,0.18637280645520551,0.1486136365680244,0.8326139172321533,3.362996426895043,17.18671565329014,2.4303414064671305,0.12209849638111105,3.4669735298856286,100,12452.024050988257,14989.919921875
