{
  "scene": "scene0013_02",
  "frame_count_requested": 500.0,
  "frame_count_actual": 500.0,
  "inference_time_ms": 296993.24655532837,
  "image_height": 518.0,
  "image_width": 518.0,
  "pose_ate_rmse_aligned": 0.03001225074620385,
  "pose_ate_mean_aligned": 0.025695405459513,
  "pose_ate_max_aligned": 0.07824323380399623,
  "pose_are_mean_deg_aligned": 1.9204808475391064,
  "pose_are_max_deg_aligned": 3.6028566745304516,
  "pose_rpe_rot_mean_deg": 0.12904237607373628,
  "pose_rpe_trans_mean_aligned": 0.0031831214505570553,
  "pose_sim3_scale": 2.204142534770844,
  "depth_absrel_raw": 0.5568638409376144,
  "depth_rmse_raw": 1.4690191469192504,
  "depth_absrel_aligned": 0.02330948993563652,
  "depth_rmse_aligned": 0.23903787417709826,
  "depth_delta1_aligned": 0.9848425589630437,
  "depth_median_scale": 2.2566870398521424,
  "depth_valid_frames": 500.0,
  "pcd_pred_depth_pred_pose_points": 200000.0,
  "pcd_pred_depth_pred_pose_chamfer_raw": 0.7962435778183736,
  "pcd_pred_depth_pred_pose_chamfer_aligned": 0.30299081539931305,
  "pcd_pred_depth_pred_pose_bbox_scale": 1.3965138189978294,
  "pcd_native_world_points_points": 200000.0,
  "pcd_native_world_points_chamfer_raw": 0.796865720697896,
  "pcd_native_world_points_chamfer_aligned": 0.3223079759639923,
  "pcd_native_world_points_bbox_scale": 1.3736745265865116,
  "pcd_gt_depth_gt_pose_points": 200000.0,
  "pcd_gt_depth_gt_pose_chamfer_raw": 0.14875861861629158,
  "pcd_gt_depth_gt_pose_chamfer_aligned": 0.4693530262345782,
  "pcd_gt_depth_gt_pose_bbox_scale": 0.6585338711738586,
  "pcd_pred_depth_gt_pose_points": 200000.0,
  "pcd_pred_depth_gt_pose_chamfer_raw": 0.8459167483998866,
  "pcd_pred_depth_gt_pose_chamfer_aligned": 0.24403297633614546,
  "pcd_pred_depth_gt_pose_bbox_scale": 1.1972843408584595,
  "pcd_gt_depth_pred_pose_points": 200000.0,
  "pcd_gt_depth_pred_pose_chamfer_raw": 0.2827849694770149,
  "pcd_gt_depth_pred_pose_chamfer_aligned": 0.3372451259897514,
  "pcd_gt_depth_pred_pose_bbox_scale": 0.6532728998961822
}