{
  "scene": "scene0013_02",
  "frame_count_requested": 300.0,
  "frame_count_actual": 300.0,
  "inference_time_ms": 107888.24415206909,
  "image_height": 518.0,
  "image_width": 518.0,
  "pose_ate_rmse_aligned": 0.01951621068320195,
  "pose_ate_mean_aligned": 0.016862464164104866,
  "pose_ate_max_aligned": 0.05799838991675352,
  "pose_are_mean_deg_aligned": 1.8072356916861596,
  "pose_are_max_deg_aligned": 3.0904140373562172,
  "pose_rpe_rot_mean_deg": 0.1247369861411049,
  "pose_rpe_trans_mean_aligned": 0.003110529184553556,
  "pose_sim3_scale": 2.088834242830409,
  "depth_absrel_raw": 0.5402532976865768,
  "depth_rmse_raw": 1.3496779441833495,
  "depth_absrel_aligned": 0.02347182110262414,
  "depth_rmse_aligned": 0.23958663788934548,
  "depth_delta1_aligned": 0.9825657028750303,
  "depth_median_scale": 2.1668606956799823,
  "depth_valid_frames": 300.0,
  "pcd_pred_depth_pred_pose_points": 200000.0,
  "pcd_pred_depth_pred_pose_chamfer_raw": 0.8169588133177006,
  "pcd_pred_depth_pred_pose_chamfer_aligned": 0.35340383567286615,
  "pcd_pred_depth_pred_pose_bbox_scale": 1.3116569593911878,
  "pcd_native_world_points_points": 200000.0,
  "pcd_native_world_points_chamfer_raw": 0.8157409035277797,
  "pcd_native_world_points_chamfer_aligned": 0.33831671763503324,
  "pcd_native_world_points_bbox_scale": 1.348276849398341,
  "pcd_gt_depth_gt_pose_points": 200000.0,
  "pcd_gt_depth_gt_pose_chamfer_raw": 0.16470702411169075,
  "pcd_gt_depth_gt_pose_chamfer_aligned": 0.41153951151826995,
  "pcd_gt_depth_gt_pose_bbox_scale": 0.6624749302864075,
  "pcd_pred_depth_gt_pose_points": 200000.0,
  "pcd_pred_depth_gt_pose_chamfer_raw": 0.8430462881881855,
  "pcd_pred_depth_gt_pose_chamfer_aligned": 0.34162225682194164,
  "pcd_pred_depth_gt_pose_bbox_scale": 1.1509188413619995,
  "pcd_gt_depth_pred_pose_points": 200000.0,
  "pcd_gt_depth_pred_pose_chamfer_raw": 0.2774257209540692,
  "pcd_gt_depth_pred_pose_chamfer_aligned": 0.33668259757765806,
  "pcd_gt_depth_pred_pose_bbox_scale": 0.7087470238021836
}